token,symbol,crossing_time,confirmation_time,confirmation_mcap_usd,buyers_30,buy_count_30,signed_imbalance_30,sell_pressure_30,entry_time_causal,entry_price_causal,h900_snapshot_return,h900_mfe_return,h900_mae_return,h3600_snapshot_return,h3600_snapshot_kind,h3600_snapshot_age_seconds,h3600_strict_return,h21600_snapshot_return,h86400_snapshot_return,post_sell_pressure,graduated,graduate_time,failure_tags,is_failure_1h_snapshot,is_failure_1h_executable
0xc5ebc3105f407ce0d608c1da71d90b9c18ec4444,yy,1786935623.0,1786935653.0,56807.93329214107,5,5,0.9998699087645117,6.504561774413914e-05,1786935656.0,7.737708336235622e-08,-0.06967353710001212,-0.0581471878142249,-0.06967353710001212,-0.9289069684702229,carry_forward,359.0,,-0.9292184403791611,-0.9242861956246945,0.9568518551757988,False,,"negative_1h_snapshot,no_executable_1h_exit,post_confirmation_sell_wave,stale_1h_snapshot",True,False
0x0e0a8a58c26a3eb02a5f7f76875edf4266c04444,币股人生,1788859330.0,1788859360.0,29305782.488799777,20,20,1.0,0.0,1788859363.0,3.9916889124861785e-05,-0.9095344341693027,0.12509082896774504,-0.9095356841823519,-0.9095344341693027,carry_forward,3400.0,,-0.9095344341693027,-0.9096268113143257,0.8916846766193148,False,,"early_adverse_move,negative_1h_snapshot,no_executable_1h_exit,post_confirmation_sell_wave,pump_then_reversal,stale_1h_snapshot",True,False
0x5585182012930b1d772101f069ab0cb28ea64444,MarsFarm,1788768502.0,1788768532.0,29177765.217838716,79,79,1.0,0.0,1788768535.0,3.9742519059398666e-05,0.010678370302239726,0.010678370302239726,-0.053477373731377176,-0.907508497734555,carry_forward,1839.0,,-0.907508497734555,-0.9075239944942393,0.0,False,,"negative_1h_snapshot,no_executable_1h_exit,stale_1h_snapshot",True,False
0x5ac21ac0d3eaf1dfa062b2e77d5d4ceba06a4444,X Numbers,1788960801.0,1788960831.0,28582899.439372897,167,167,1.0,0.0,1788960834.0,3.8932262881039676e-05,-0.9065711222816705,0.0098872550913649,-0.9065711222816705,-0.9070181863283622,carry_forward,1383.0,,-0.9070181863283622,-0.9074247889043197,0.0,False,,"early_adverse_move,negative_1h_snapshot,no_executable_1h_exit,stale_1h_snapshot",True,False
0x908e1fc0c22a4ca640c411ba1418a01b4a0c4444,BNB SEASON 🔶,1788625027.0,1788625057.0,28381440.73340132,33,34,0.9983001885946653,0.0008499057026673456,1788625060.0,3.865785953307998e-05,-0.9065822318100312,0.008428009401904024,-0.9065822318100312,-0.9065822318100312,carry_forward,1445.0,,-0.9065822318100312,-0.9065822318100312,0.303193617456747,False,,"early_adverse_move,negative_1h_snapshot,no_executable_1h_exit,stale_1h_snapshot",True,False
0x99fb113364f31b10ff869dc2cf4c91b971094444,Z Bull,1787280128.0,1787280158.0,28149887.07565322,11,11,0.9627747762996329,0.01861261185018348,1787280161.0,3.834246438243625e-05,-0.9059404964118427,0.01731365336442159,-0.9059404964118427,-0.9059404964118427,carry_forward,3183.0,,-0.9059404964118427,-0.9059404964118427,0.1925049228850226,False,,"early_adverse_move,negative_1h_snapshot,no_executable_1h_exit,stale_1h_snapshot",True,False
0xef7f8074338717f2cc5f6ea3fba66e0ab9d94444,LAPTOP,1788947533.0,1788947563.0,28201149.261268288,156,156,1.0,0.0,1788947566.0,3.84122877007618e-05,0.03457466993903968,0.03457466993903968,-0.05824079784861047,-0.9051492729289837,carry_forward,1241.0,,-0.9056053349263093,-0.9056053349263093,0.015478656929071728,False,,"negative_1h_snapshot,no_executable_1h_exit,stale_1h_snapshot",True,False
0xff829c799454fdad80e81c230999145d14d64444,Z 踏牛来,1787144089.0,1787144119.0,27255948.704196576,130,130,0.9998915912453791,5.4204377310578856e-05,1787144122.0,3.712484670334742e-05,0.07218114861776104,0.07218114861776104,-0.05874436715641618,-0.9006554813869023,carry_forward,29.0,,-0.9007485128112623,-0.9010301895783038,0.17236520410644288,False,,"negative_1h_snapshot,no_executable_1h_exit",True,False
0x1580bd018e2412bf612063de8b634801b9924444,牛来人生,1788876273.0,1788876303.0,26096988.55497784,284,284,0.9982644094907781,0.0008677952546109056,1788876306.0,3.554624753800597e-05,-0.01619425193128654,-0.01619425193128654,-0.05713613187106714,-0.8985597374218104,carry_forward,1346.0,,-0.8985597374218104,-0.8985597374218104,0.01075225090847627,False,,"negative_1h_snapshot,no_executable_1h_exit,stale_1h_snapshot",True,False
0xf2bb3c21a72ea1cd951e85d5f6a2c65efbc44444,神牛,1788588360.0,1788588390.0,26305530.89381579,286,286,1.0,0.0,1788588393.0,3.583029937727746e-05,-0.8983358472731465,-0.021023285157947047,-0.8983846685959618,-0.8984624122667016,carry_forward,1075.0,,-0.8984624122667016,-0.8984997260574414,0.029182400224541032,False,,"early_adverse_move,negative_1h_snapshot,no_executable_1h_exit,stale_1h_snapshot",True,False
0x76c6f456edf0737ae4ffea1781e86e5e895e4444,景甜币,1787878740.0,1787878770.0,26204873.636948295,61,111,1.0,0.0,1787878773.0,3.569319590414794e-05,0.2570521044145362,0.2570521044145362,-0.05823040168675864,-0.8983028845572759,carry_forward,1658.0,,-0.8985491769790906,-0.898534857080185,0.0,False,,"negative_1h_snapshot,no_executable_1h_exit,pump_then_reversal,stale_1h_snapshot",True,False
0x2be8c818d30af32a7338965de58c9c8996af4444,BINANCE MARGE🔶,1789051897.0,1789051927.0,26286305.05025764,287,287,1.0,0.0,1789051930.0,3.5804112195074227e-05,-0.8968007392904866,-0.024501812509400756,-0.8981188300986724,-0.897771840428474,carry_forward,2562.0,,-0.897771840428474,-0.8987713108648505,0.49172809433619635,False,,"early_adverse_move,negative_1h_snapshot,no_executable_1h_exit,stale_1h_snapshot",True,False
0xe8c17ca8637c2140e78681b19be110475b2a4444,景甜人生,1787850739.0,1787850769.0,26180757.776630674,60,60,1.0,0.0,1787850772.0,3.56603481164181e-05,0.09118111794837236,0.09118111794837236,-0.05822997862035151,-0.8971621294125186,carry_forward,1528.0,,-0.8969345889524908,-0.8966599072975253,0.0,False,,"negative_1h_snapshot,no_executable_1h_exit,stale_1h_snapshot",True,False
0x41a17972070d4ea28ebd37aa883517d41da34444,Laptop Coin,1788945457.0,1788945487.0,27138011.66046032,92,92,1.0,0.0,1788945490.0,3.69642067374863e-05,0.0026172852496415544,0.0026172852496415544,-0.058240976026211144,-0.8970663991306799,carry_forward,165.0,,-0.8993315511203257,-0.9000580190508265,0.03518505331727962,False,,"negative_1h_snapshot,no_executable_1h_exit,stale_1h_snapshot",True,False
0x033f1bceae9f9a01f4af02298165d860bbeb4444,我踏牛来,1787143058.0,1787143088.0,26520695.33630262,59,59,0.9998815479890403,5.922600547979803e-05,1787143091.0,3.612337106705888e-05,-0.8975967985616147,0.09448316305133031,-0.8977560169500983,-0.8963597398130532,carry_forward,914.0,,-0.8985344022074779,-0.8985344022074779,0.10111711516753087,False,,"early_adverse_move,negative_1h_snapshot,no_executable_1h_exit,stale_1h_snapshot",True,False
0x4878702adf6624ac0f72ed7e6d7a6ad22eb34444,牛来人生,1788698303.0,1788698333.0,26158852.318760224,284,284,1.0,0.0,1788698336.0,3.563051107885125e-05,0.019933232150311397,0.019933232150311397,-0.057795440469103454,-0.8960660012669339,carry_forward,859.0,,-0.8988393637595171,-0.8988393637595171,0.0021062225772939076,False,,"negative_1h_snapshot,no_executable_1h_exit,stale_1h_snapshot",True,False
0x661648f4bb2ea297a9a2bde6ce990b4389584444,CAT BULL,1787816707.0,1787816737.0,26054111.803449683,67,67,0.9838775387587603,0.00806123062061984,1787816740.0,3.548784587145986e-05,0.01647540999113839,0.01647540999113839,-0.047504529038185805,-0.8959983216689743,carry_forward,72.0,,-0.8959983216689743,-0.8960113540996818,0.3685064461051269,False,,"negative_1h_snapshot,no_executable_1h_exit,stale_1h_snapshot",True,False
0x8e0d3452d70b51dceabbd8d9476962dd14514444,景甜币,1787852446.0,1787852476.0,26293278.139145143,117,118,1.0,0.0,1787852479.0,3.581361011638332e-05,-0.8952130972196843,0.2905818797824564,-0.8954276744411859,-0.8949273265336839,carry_forward,2273.0,,-0.8946845511774216,-0.8963529621905516,0.0,False,,"early_adverse_move,negative_1h_snapshot,no_executable_1h_exit,pump_then_reversal,stale_1h_snapshot",True,False
0x91c68e29175b8de70749116066eeb41c95be4444,MarsCoin,1786884070.0,1786884100.0,25153318.51862709,10,12,0.9843385227513402,0.007830738624329949,1786884103.0,3.4260891235854215e-05,0.11636842212054743,0.11636842212054743,-0.0053715056262082506,-0.8936246086300269,carry_forward,133.0,,-0.8941984742464347,-0.8943002566589011,0.016369430026897416,False,,"negative_1h_snapshot,no_executable_1h_exit,pump_then_reversal,stale_1h_snapshot",True,False
0x957f47c5d4ea9a0e387c64d66f71db2a97984444,牛来人生,1788313305.0,1788313335.0,24616686.216353342,131,131,1.0,0.0,1788313338.0,3.352995384768288e-05,-0.8910508373991902,-0.023560568119630476,-0.8910508373991902,-0.8919661535187099,carry_forward,312.0,,-0.8919661535187099,-0.8925228630803844,0.760483100899394,False,,"early_adverse_move,negative_1h_snapshot,no_executable_1h_exit,post_confirmation_sell_wave,stale_1h_snapshot",True,False
0x93224872765b8b0d0a2a9fdbc33207fb271cffff,bood,1788538727.0,1788538757.0,187974.7587613666,36,38,0.8788443350082914,0.0605778324958543,1788538760.0,2.5603710143613417e-07,-0.07890685007796094,-0.07806300635056052,-0.10977774061281631,-0.8914437131202074,carry_forward,95.0,,-0.8934219578619149,-0.8934635014262097,1.0,False,,"negative_1h_snapshot,no_executable_1h_exit,post_confirmation_sell_wave,stale_1h_snapshot",True,False
0x7730d9e06ca44fa08b5951f421f4a9ed1f024444,我的女友景甜,1787845859.0,1787845889.0,24379598.51586679,82,82,1.0,0.0,1787845892.0,3.320702087509267e-05,-0.04124313777725275,-0.04119730854685,-0.058279384989127214,-0.8911336598449165,carry_forward,160.0,,-0.8911336598449165,-0.8912518135351716,0.32592338752262573,False,,"negative_1h_snapshot,no_executable_1h_exit,stale_1h_snapshot",True,False
0x8df6182d0fe2e58ad1b3918289960258812d4444,BINANCE BULL,1787643795.0,1787643825.0,26161631.012722626,11,11,0.9969434727744534,0.0015282636127733785,1787643828.0,3.5634295888857664e-05,0.03638196747930955,0.03638196747930955,-0.059285258194201385,-0.891107705894181,carry_forward,834.0,,-0.8872969878058982,-0.89845852408715,0.1120178074024003,False,,"negative_1h_snapshot,no_executable_1h_exit,stale_1h_snapshot",True,False
0x66e5bd300c5123810d39a606037860c260f24444,BINANCE HOMER,1787814215.0,1787814245.0,24171792.854397327,33,33,1.0,0.0,1787814248.0,3.2923972451063546e-05,-0.8904800669985933,-0.014983848938152744,-0.8904800669985933,-0.8904800669985933,carry_forward,3029.0,,-0.8904800669985933,-0.8904800669985933,0.44598711274504604,False,,"early_adverse_move,negative_1h_snapshot,no_executable_1h_exit,stale_1h_snapshot",True,False
0x8122fa03c65bfc187151c1f383c4a8fc16c14444,我的女友景甜,1787894117.0,1787894147.0,24158709.2687407,65,66,1.0,0.0,1787894150.0,3.290615152994633e-05,0.01067335153478055,0.009012191440743056,-0.06041599154187771,-0.8902590930869666,carry_forward,1209.0,,-0.8903177356921071,-0.8903543976475348,0.5295424406904925,False,,"negative_1h_snapshot,no_executable_1h_exit,stale_1h_snapshot",True,False
0x41a95cbdbdec66f28af364fa084f1cebb4754444,BICAT,1787481205.0,1787481235.0,24106676.13906244,33,33,1.0,0.0,1787481238.0,3.283527812231832e-05,-0.02767525713958363,-0.027291239519366073,-0.058150744914936214,-0.8901278502670253,carry_forward,274.0,,-0.8901624617596864,-0.8901914350739717,0.0,False,,"negative_1h_snapshot,no_executable_1h_exit,stale_1h_snapshot",True,False
0x506561afb1d8aab713500cdc354bf6de3a654444,BINANCE MARGE,1787814684.0,1787814714.0,24097000.019060973,32,32,1.0,0.0,1787814717.0,3.2822098450033335e-05,-0.023182036995392008,-0.009248409835163729,-0.05824100083626371,-0.8900584172364739,carry_forward,1564.0,,-0.8900584172364739,-0.8900584172364739,0.0007250517115955086,False,,"negative_1h_snapshot,no_executable_1h_exit,stale_1h_snapshot",True,False
0x6809d6c68b77fc3f5ca587906b0a161698df4444,BNB HOMER,1787817720.0,1787817750.0,24085959.37966987,31,31,1.0,0.0,1787817753.0,3.280706018996945e-05,-0.02065366879249919,-0.02065366879249919,-0.05682682252073157,-0.8899522165080516,carry_forward,1621.0,,-0.8899522165080516,-0.8899522165080516,0.019658029463719306,False,,"negative_1h_snapshot,no_executable_1h_exit,stale_1h_snapshot",True,False
0x97b46fffd146373bb7e72e57cb113af490654444,牛来人生,1788313661.0,1788313691.0,24076199.38322603,92,92,1.0,0.0,1788313694.0,3.27937662710626e-05,-0.889962588581005,0.033839035237210435,-0.8899625887485789,-0.8899474900647901,carry_forward,2625.0,,-0.8899334342515047,-0.8899334342515047,0.008769852285328313,False,,"early_adverse_move,negative_1h_snapshot,no_executable_1h_exit,stale_1h_snapshot",True,False
0x1694f5dcbf25dba94f1d2d67ffe1839392ff4444,我的女友景甜,1787928630.0,1787928660.0,24094477.882425863,201,201,1.0,0.0,1787928663.0,3.281866309223459e-05,-0.012859230386737641,-0.012844382756516115,-0.05857063647485028,-0.889944442287726,carry_forward,336.0,,-0.889944442287726,-0.889993867244177,0.10099397091606403,False,,"negative_1h_snapshot,no_executable_1h_exit,stale_1h_snapshot",True,False
0xf72cb1ce0f62d0f43c8e1545a019499b2ae74444,我的女友景甜,1787839429.0,1787839459.0,24124943.259053975,53,53,1.0,0.0,1787839462.0,3.2860159444071506e-05,-0.004566440120755355,-0.0044847306910381635,-0.05824110770803981,-0.8894461007080464,carry_forward,599.0,,-0.888784492209458,-0.888784492209458,0.0,False,,"negative_1h_snapshot,no_executable_1h_exit,stale_1h_snapshot",True,False
0x0ff9491e8be705909dd4349d05abf3f92e6a4444,BNB SEASON 🔶,1789074615.0,1789074645.0,24202722.274970002,33,33,0.9912622680828385,0.004368865958580793,1789074648.0,3.296610086896768e-05,-0.03480902238677275,-0.03480902238677275,-0.058153751072073434,-0.8894435315523336,carry_forward,23.0,,-0.8894435315523336,-0.8906580463828364,0.0,False,,"negative_1h_snapshot,no_executable_1h_exit",True,False
0xc1397c0b6a7633cff7d6b0e47808c6b7337d4444,BNB DOG 人生,1787720950.0,1787720980.0,24085744.432323165,31,31,1.0,0.0,1787720983.0,3.2806767413982e-05,0.014659507724811505,0.014659507724811505,-0.05721126869362614,-0.8892044267106599,carry_forward,11.0,,-0.8897939901934853,-0.8897939901934853,0.12320117361046069,False,,"negative_1h_snapshot,no_executable_1h_exit",True,False
0xfe56d026a1fd449bac0a3e6b7c200b27647b4444,我的女友景甜,1787890211.0,1787890241.0,24119281.496405315,102,103,1.0,0.0,1787890244.0,3.285244765708939e-05,0.026842568895796726,0.026842568895796726,-0.05836844575252331,-0.8890266320513451,carry_forward,399.0,,-0.8893437280409172,-0.8893437280409172,0.3378034273910401,False,,"negative_1h_snapshot,no_executable_1h_exit,stale_1h_snapshot",True,False
0x316326f7b8a4dfdc1c81324e65ce5f7602ae4444,牛来人生,1788348005.0,1788348035.0,24082890.067610327,178,178,1.0,0.0,1788348038.0,3.2802879534181904e-05,0.04141164510290052,0.04184076416335647,-0.058241094131569304,-0.8889709722433353,carry_forward,1002.0,,-0.8890253033238172,-0.8894392106655676,0.07318974325751512,False,,"negative_1h_snapshot,no_executable_1h_exit,stale_1h_snapshot",True,False
0x1d9569226d5393609c730ed59319ff4774af4444,景甜指甲刀,1787883581.0,1787883611.0,24076260.798166636,122,122,1.0,0.0,1787883614.0,3.279384992326932e-05,-0.025635454400890767,-0.025635454400890767,-0.058241002408557896,-0.8889621567042227,event,1.0,-0.8889621567042227,-0.889688005072844,-0.889688005072844,0.008351305897134854,False,,"negative_1h_executable,negative_1h_snapshot",True,True
0xc460282dc55e4024936d3ef7901f14dd11264444,我的女友景甜,1787892237.0,1787892267.0,24381773.769223966,202,202,1.0,0.0,1787892270.0,3.3209983749300526e-05,0.008808282343438778,0.011640690482056959,-0.06621763323692731,-0.8888848819917968,carry_forward,383.0,,-0.8888848819917968,-0.8892142824221824,0.6013731689529976,False,,"negative_1h_snapshot,no_executable_1h_exit,post_confirmation_sell_wave,stale_1h_snapshot",True,False
0x8f6bed906fb62f00c1c3d0a100e6bbc46e744444,牛来何一,1787371911.0,1787371941.0,24255084.70424077,37,37,0.9994421392784292,0.0002789303607853605,1787371944.0,3.303742280975901e-05,0.09338719984873989,0.09338719984873989,-0.06390118678513301,-0.8887182690712171,carry_forward,232.0,,-0.8902507695085623,-0.8905269080574622,0.38254856849720287,False,,"negative_1h_snapshot,no_executable_1h_exit,stale_1h_snapshot",True,False
0x3d090c301fd8fc321b80c2e133fe6fd06c974444,鹏来币,1788144735.0,1788144765.0,24074863.630035035,284,285,0.9950496282536727,0.002475185873163647,1788144768.0,3.279194686521519e-05,-0.8881909536426454,-0.0060199989724861735,-0.8886389897769303,-0.8887151534056401,carry_forward,164.0,,-0.8890537214819695,-0.8890537214819695,0.0008156091137182239,False,,"early_adverse_move,negative_1h_snapshot,no_executable_1h_exit,stale_1h_snapshot",True,False
0xb876a99d5756518a3c5a9649affbdb6637d64444,牛来何一,1787377943.0,1787377973.0,24121123.895320505,35,35,0.9995369440416114,0.00023152797919432237,1787377976.0,3.285495715613619e-05,0.21730715487984287,0.21730715487984287,-0.05762804654728926,-0.8886081023951538,carry_forward,397.0,,-0.889019687148744,-0.889019687148744,0.24807784548249082,False,,"negative_1h_snapshot,no_executable_1h_exit,pump_then_reversal,stale_1h_snapshot",True,False
0xeea71184593b66b888569cdf929ee2ee4e054444,牛来人生,1788314110.0,1788314140.0,24085383.008901894,58,58,1.0,0.0,1788314143.0,3.280627512551847e-05,-0.8885923513533753,0.02845075888866,-0.8885923513533753,-0.8885923513533753,carry_forward,2907.0,,-0.889035142637908,-0.8900162791638788,0.00725576343265759,False,,"early_adverse_move,negative_1h_snapshot,no_executable_1h_exit,stale_1h_snapshot",True,False
0x5428be631925c899ed8ddea856075b813fc44444,我的女友景甜,1787887386.0,1787887416.0,24108273.981796596,31,32,1.0,0.0,1787887419.0,3.283745451570699e-05,0.07703159631541534,0.07703159631541534,-0.057873679556149416,-0.8883525711597926,carry_forward,1174.0,,-0.8894895880250118,-0.8900058014275019,0.24562652391919126,False,,"negative_1h_snapshot,no_executable_1h_exit,stale_1h_snapshot",True,False
0x31812eece3ccd7b7acfd7393f5344260a4144444,不会为钱出卖爱情和灵魂,1787880021.0,1787880051.0,24076299.01033368,77,77,1.0,0.0,1787880054.0,3.279390197138766e-05,-0.002959703567059324,0.0011058874834759536,-0.05823994317714487,-0.8882971360978291,carry_forward,171.0,,-0.8887318149532494,-0.8889415961244976,0.0,False,,"negative_1h_snapshot,no_executable_1h_exit,stale_1h_snapshot",True,False
0x42f2d323400df5756b4bcdb0956e0bc245a84444,BINANCE MARGE,1787813885.0,1787813915.0,24128053.661245424,34,34,0.9182006218391061,0.04089968908044693,1787813918.0,3.286439606800254e-05,-0.8880380970454629,-0.017397016239758756,-0.8880380970454629,-0.8880380970454629,carry_forward,3429.0,,-0.8880380970454629,-0.8880380970454629,0.0004706281978959413,False,,"early_adverse_move,negative_1h_snapshot,no_executable_1h_exit,stale_1h_snapshot",True,False
0x8275735d7c1aecf28411fa9dec6f3283c0954444,我的女友景甜,1787914399.0,1787914429.0,24074872.21859933,200,200,1.0,0.0,1787914432.0,3.2791958563547045e-05,0.027577506137438812,0.027606227161381502,-0.05821402902989781,-0.8879010421958158,carry_forward,520.0,,-0.8894503883868311,-0.8894503883868311,0.016249684688580873,False,,"negative_1h_snapshot,no_executable_1h_exit,stale_1h_snapshot",True,False
0x49cbf6b4d2ec3746c8616ef4ddaecfb651d34444,景甜币,1787847597.0,1787847627.0,24064702.817436807,9,9,0.998228913589055,0.0008855432054724728,1787847630.0,3.277810700169826e-05,0.21631554862512403,0.21631554862512403,-0.03481434087142854,-0.8878730069161944,carry_forward,402.0,,-0.8879423670404656,-0.8879582872935818,0.0,False,,"negative_1h_snapshot,no_executable_1h_exit,pump_then_reversal,stale_1h_snapshot",True,False
0x87128474710f3a7ad1c3f2689576d7c6a4fa4444,我的女友景甜,1787895749.0,1787895779.0,24074863.154750336,200,200,1.0,0.0,1787895782.0,3.2791946217838286e-05,0.03775786511941348,0.04897052674843594,-0.0576949490833053,-0.8877083725669935,carry_forward,1551.0,,-0.8877083725669935,-0.8877083725669935,0.4194263370307999,False,,"negative_1h_snapshot,no_executable_1h_exit,stale_1h_snapshot",True,False
0x191526daf4914b72766e3b6eaf9488bb5f604444,景甜人生,1787849611.0,1787849641.0,24533733.534043014,58,58,1.0,0.0,1787849644.0,3.3416965463098486e-05,-0.88803353051692,0.19542388471350103,-0.8878626673885923,-0.8868421093572676,carry_forward,1704.0,,-0.8871465114615507,-0.8873972902486618,0.0,False,,"early_adverse_move,negative_1h_snapshot,no_executable_1h_exit,pump_then_reversal,stale_1h_snapshot",True,False
0x64d63d186bbe061a30ec85e1005a536c860c4444,牛来,1786793639.0,1786793669.0,22780387.843648612,5,5,0.9996800386670387,0.00015998066648068926,1786793672.0,3.102876424213549e-05,0.2735604989689564,0.2735604989689564,0.06412544653934726,-0.8837395683688671,carry_forward,82.0,,-0.8837331676695572,-0.8836881374355121,0.003351740372289978,False,,"negative_1h_snapshot,no_executable_1h_exit,pump_then_reversal,stale_1h_snapshot",True,False
0xc7db6f0f03e357a32ab7b79d3c611be5e4544444,我的女友景甜,1787889237.0,1787889267.0,24159244.8909816,108,109,1.0,0.0,1787889270.0,3.290688109154774e-05,-0.8859042844349686,0.019715259675953556,-0.8885615233226343,-0.8831987432692361,carry_forward,2657.0,,-0.878850568948679,-0.878850568948679,0.34752715081635377,False,,"early_adverse_move,negative_1h_snapshot,no_executable_1h_exit,stale_1h_snapshot",True,False
0x76728c264d276c7eb9ffd212ad8952a911684444,火星人生,1788272799.0,1788272829.0,22790863.697669707,53,53,0.9964747416072302,0.0017626291963849382,1788272832.0,3.104303321801451e-05,0.09076356322717682,0.09076356322717682,-0.05763079142462346,-0.8827692000678049,carry_forward,179.0,,-0.882928701275582,-0.8830288834446651,0.025654164169460376,False,,"negative_1h_snapshot,no_executable_1h_exit,stale_1h_snapshot",True,False
0xc42fa1eb8a43e034be076fec9bb5cb8a71304444,我的女友景甜,1787835904.0,1787835934.0,22621597.837430626,30,30,1.0,0.0,1787835937.0,3.081247917707156e-05,-0.8825984663230252,0.1244575258253624,-0.8830082326776463,-0.8825984663230252,carry_forward,2832.0,,-0.8830292665126013,-0.8830292665126013,0.03666037006843441,False,,"early_adverse_move,negative_1h_snapshot,no_executable_1h_exit,pump_then_reversal,stale_1h_snapshot",True,False
0xdc62bc57eee0c5e0e7e88f5b63d97b9352974444,我踏牛来,1787128280.0,1787128310.0,22700536.47151053,28,28,0.9999560794361928,2.1960281903583186e-05,1787128313.0,3.0920000097403235e-05,-0.8817562550762529,-0.8673490684670875,-0.882884992207539,-0.8817562550762529,carry_forward,3190.0,,-0.8817562550762529,-0.8817562550762529,0.9940561142907542,False,,"early_adverse_move,negative_1h_snapshot,no_executable_1h_exit,post_confirmation_sell_wave,stale_1h_snapshot",True,False
0x328a390cc6c117ee63e16bb864c5269988ac4444,牛来币安,1787383288.0,1787383318.0,22621597.837430626,30,30,1.0,0.0,1787383321.0,3.081247917707156e-05,0.22902436344406496,0.23250883738088146,0.004327091736303412,-0.8817058562939925,carry_forward,50.0,,-0.8819160308540541,-0.8819160308540541,0.09103311714044149,False,,"negative_1h_snapshot,no_executable_1h_exit,pump_then_reversal",True,False
0xf216256c1a0462e58f6b23ae4264dc02a0c44444,我的女友景甜,1787836560.0,1787836590.0,22621597.837430626,30,30,1.0,0.0,1787836593.0,3.081247917707156e-05,0.030856058591564706,0.03673799180459514,0.0022596742541212134,-0.8804548009781603,carry_forward,472.0,,-0.8817268003111176,-0.8817268003111176,0.045274219353173134,False,,"negative_1h_snapshot,no_executable_1h_exit,stale_1h_snapshot",True,False
0x72b253c692229e014a14e22d3d05dc93f6854444,景甜币,1787847033.0,1787847063.0,22634442.739625346,9,9,0.950525580263653,0.024737209868173515,1787847066.0,3.082997499165772e-05,-0.8785273697213842,0.18317779610724672,-0.879185451544577,-0.8790791986567132,carry_forward,2081.0,,-0.8794642793162145,-0.8810481784357558,0.1779231226422483,False,,"early_adverse_move,negative_1h_snapshot,no_executable_1h_exit,pump_then_reversal,stale_1h_snapshot",True,False
0xbb3360cc9c589aa798ce2c0b07757030a6304444,BINANCE MARGE,1787815919.0,1787815949.0,22621597.837430626,30,30,1.0,0.0,1787815952.0,3.081247917707156e-05,0.03564877897914842,0.03612368028651036,0.002705195051286413,-0.8726448493806018,carry_forward,1770.0,,-0.8726846783119531,-0.8727099095100825,0.054271176502843445,False,,"negative_1h_snapshot,no_executable_1h_exit,stale_1h_snapshot",True,False
0x6a4699dc06735c3c42f5e355f16f1a5383c04444,BINANCE HAT,1787199607.0,1787199637.0,20489051.49471343,34,34,1.0,0.0,1787199640.0,2.790777543990279e-05,-0.8694606196138863,-0.015652515464029793,-0.8694606196138863,-0.8694606196138863,carry_forward,2843.0,,-0.869562976611219,-0.869562976611219,0.36780164492508194,False,,"early_adverse_move,negative_1h_snapshot,no_executable_1h_exit,stale_1h_snapshot",True,False
0x5fc69fb85540d0433ec581ca42fbffb484b24444,牛来CZ,1787286567.0,1787286597.0,20278807.145054035,32,32,0.9972102788574455,0.001394860571277249,1787286600.0,2.762140532172935e-05,-0.8687561015400387,0.11006684687451473,-0.8687561015400387,-0.8694122137750899,carry_forward,2631.0,,-0.8694122137750899,-0.8694122137750899,0.06826092182039942,False,,"early_adverse_move,negative_1h_snapshot,no_executable_1h_exit,pump_then_reversal,stale_1h_snapshot",True,False
0xfcea99ee1c0a5391d45d7f338d7144c8f1fe4444,牛来币安,1787283705.0,1787283735.0,20305462.273748595,33,33,1.0,0.0,1787283738.0,2.7657711802101144e-05,0.06882323225405718,0.06908216437500037,-0.05741154687081729,-0.8667320262289333,carry_forward,294.0,,-0.869411982696437,-0.869411982696437,0.0770714343341195,False,,"negative_1h_snapshot,no_executable_1h_exit,stale_1h_snapshot",True,False
0xc238b63e6333d733a09e64ae951f32c1667e4444,景甜人生,1787903323.0,1787903353.0,23123897.034556042,186,199,1.0,0.0,1787903356.0,3.1496652048648194e-05,0.09684987818143664,0.09684987818143664,-0.058241087781286005,-0.8649879798243753,carry_forward,1091.0,,-0.8752708734353536,-0.8848381890649925,0.0,False,,"negative_1h_snapshot,no_executable_1h_exit,stale_1h_snapshot",True,False
0x42ea505e7bf843da2a67db5288dbc87e4edf4444,牛叉,1788251080.0,1788251110.0,19439069.520924,18,18,0.9969885082440794,0.001505745877960335,1788251113.0,2.647761352401215e-05,-0.8635696040180432,-0.05897463874912112,-0.8635696040180432,-0.8635696040180432,carry_forward,3479.0,,-0.8635696040180432,-0.8635696040180432,0.9969524340322387,False,,"early_adverse_move,negative_1h_snapshot,no_executable_1h_exit,post_confirmation_sell_wave,stale_1h_snapshot",True,False
0x95976744771b75807cafa42d74391492f2cf4444,MarsCoin,1786882175.0,1786882205.0,19611714.047927804,10,12,0.6812624061126675,0.15936879694366626,1786882208.0,2.671276958732692e-05,0.4388399711365458,0.4388399711365458,0.07426014754193888,-0.8620809099838991,carry_forward,1218.0,,-0.8639551306811061,-0.8639551306811061,0.002357204731426938,False,,"negative_1h_snapshot,no_executable_1h_exit,pump_then_reversal,stale_1h_snapshot",True,False
0x9595c3b6dc6710cc0be74475e051d6a30f914444,BINANCE HAT,1787200420.0,1787200450.0,20322440.840484697,37,37,1.0,0.0,1787200453.0,2.7680838008206135e-05,-0.03992882909141726,-0.039774965809326046,-0.05753383813691759,-0.8617461643913988,carry_forward,411.0,,-0.8618410531730305,-0.8619453450742522,0.3161886821709624,False,,"negative_1h_snapshot,no_executable_1h_exit,stale_1h_snapshot",True,False
0x04d2704c4ca99166976be71dae908b9602a44444,牛郎来了,1787121468.0,1787121498.0,20331477.309525397,37,37,1.0,0.0,1787121501.0,2.7693146423206338e-05,-0.00451192941998757,-0.00451192941998757,-0.057937197716829814,-0.8530040691703621,carry_forward,447.0,,-0.8615964761022453,-0.8615964761022453,0.3411798130694807,False,,"negative_1h_snapshot,no_executable_1h_exit,stale_1h_snapshot",True,False
0x84b285627383d38cb2d79640a693606bc77fffff,4Director,1788861415.0,1788861445.0,1127035.8603537544,76,84,0.5062814844237509,0.2468592577881246,1788861448.0,1.5351156548943084e-06,-0.8147083323105258,0.7317269996512998,-0.8148716007018875,-0.8434687588448566,carry_forward,350.0,,-0.84886487706843,-0.8513250166531798,0.5528397625801623,False,,"early_adverse_move,negative_1h_snapshot,no_executable_1h_exit,pump_then_reversal,stale_1h_snapshot",True,False
0x75d7d2a467059e0cc22eba8c5bfa7af39df64444,CZ牛来,1787050355.0,1787050385.0,16860907.503047023,34,34,0.9912002899831396,0.004399855008430128,1787050388.0,2.2965944540156946e-05,-0.8430699465328383,-0.019833986407666093,-0.8430699465328383,-0.8430612008308122,carry_forward,637.0,,-0.8430612008308122,-0.8430612008308122,0.9701125381034235,False,,"early_adverse_move,negative_1h_snapshot,no_executable_1h_exit,post_confirmation_sell_wave,stale_1h_snapshot",True,False
0x46bc171f776877d0227868e2d242be7bd3224444,CzCat,1787492608.0,1787492638.0,16732854.423180738,28,28,1.0,0.0,1787492641.0,2.279152570001599e-05,-0.841828903268381,-0.04448207530030346,-0.8418379741647419,-0.841828903268381,carry_forward,3074.0,,-0.841828903268381,-0.841828903268381,0.9369566486059079,False,,"early_adverse_move,negative_1h_snapshot,no_executable_1h_exit,post_confirmation_sell_wave,stale_1h_snapshot",True,False
0xd510edae04a1ef864771eace7f5cfa67bc96ffff,AN,1789125834.0,1789125864.0,101082.05298631926,128,170,0.22372095057835975,0.3881395247108202,1789125867.0,1.3768208042594942e-07,-0.7897369750410413,0.49265931445215116,-0.7888019960795223,-0.8409890624175254,carry_forward,151.0,,-0.8493259590113096,-0.8516981786822164,0.47963416989574037,False,,"early_adverse_move,negative_1h_snapshot,no_executable_1h_exit,pump_then_reversal,stale_1h_snapshot",True,False
0x4703176fc4fb7e25425bb73c65fb553c45444444,CzCat,1787492132.0,1787492162.0,16609087.268069578,6,6,1.0,0.0,1787492165.0,2.2622944642343844e-05,-0.8406238726879331,0.042823552655996355,-0.8406238726879331,-0.8406238726879331,carry_forward,3114.0,,-0.8406841020351234,-0.8406841020351234,0.0,False,,"early_adverse_move,negative_1h_snapshot,no_executable_1h_exit,stale_1h_snapshot",True,False
0x9b9754c5f7f2b5cb6c1d1a67cfa31fa145c04444,AFOB,1787059567.0,1787059597.0,16507483.942017708,6,6,1.0,0.0,1787059600.0,2.2484552545074995e-05,-0.8396240635308513,0.675833769217133,-0.8396240635308513,-0.8396240635308513,carry_forward,3364.0,,-0.8396670020757411,-0.8396670020757411,0.004076690369598171,False,,"early_adverse_move,negative_1h_snapshot,no_executable_1h_exit,pump_then_reversal,stale_1h_snapshot",True,False
0x7ab6cafbe88b7d45efb4f4e4a4d6b4d9c78c4444,MarsCoin,1786882036.0,1786882066.0,16489823.226091787,9,15,0.6423285666043362,0.17883571669783183,1786882069.0,2.2460497195597463e-05,-0.8394616340299181,0.5721978245632744,-0.8394616340299181,-0.8394616340299181,carry_forward,3474.0,,-0.8393880719608747,-0.8393880719608747,0.7404131795261196,False,,"early_adverse_move,negative_1h_snapshot,no_executable_1h_exit,post_confirmation_sell_wave,pump_then_reversal,stale_1h_snapshot",True,False
0x5a30c6ac863671149196044ba247bc0856f54444,我踏牛来,1787128018.0,1787128048.0,16496142.545873169,6,8,0.9851270234938798,0.00743648825306005,1787128051.0,2.2469104629545162e-05,-0.8382088876804443,0.6311501064051033,-0.8382088876804443,-0.8389188149939626,carry_forward,2345.0,,-0.8389188149939626,-0.8389188149939626,0.34928668833244053,False,,"early_adverse_move,negative_1h_snapshot,no_executable_1h_exit,pump_then_reversal,stale_1h_snapshot",True,False
0x64ae5fd4456e93a884ce9368abf690bbafc0ffff,币圈爱情故事,1788091261.0,1788091291.0,16436425.565948369,5,5,1.0,0.0,1788091294.0,2.238776518510477e-05,0.09214903441809885,0.09214903441809885,-0.05813385099927859,-0.8387596659270411,carry_forward,1760.0,,-0.8387596659270411,-0.8387596659270411,0.0,False,,"negative_1h_snapshot,no_executable_1h_exit,stale_1h_snapshot",True,False
0xda7c5a5e517afa39cf2423ba539dd4b671b04444,景甜人生,1787887188.0,1787887218.0,16367150.569073558,7,7,0.9533485467248758,0.02332572663756215,1787887221.0,2.2293406934461444e-05,-0.837935620432849,0.2032960680449134,-0.837935620432849,-0.838323551697638,carry_forward,2531.0,,-0.838323551697638,-0.838323551697638,1.0,False,,"early_adverse_move,negative_1h_snapshot,no_executable_1h_exit,post_confirmation_sell_wave,pump_then_reversal,stale_1h_snapshot",True,False
0x6f3dbb19e4c2b5584cec20ae0509f89922b7ffff,BNStonk,1788771396.0,1788771426.0,116525.9762219671,61,71,0.43816863532895545,0.2809156823355223,1788771429.0,1.5871797570313022e-07,-0.8354840115683688,0.33008598954122026,-0.8434356664463466,-0.8363628210816794,carry_forward,184.0,,-0.8443155767179253,-0.8445326693311046,0.5299287463341428,False,,"early_adverse_move,negative_1h_snapshot,no_executable_1h_exit,pump_then_reversal,stale_1h_snapshot",True,False
0x9b3595c3571931d06f94569ddc4e747a0afb4444,马上牛来,1787310644.0,1787310674.0,16030621.230590275,5,5,0.910079717788717,0.04496014110564153,1787310677.0,2.183502626175174e-05,-0.8349533782232583,-0.05728607920376483,-0.8349533782232583,-0.8349533782232583,carry_forward,3064.0,,-0.8349533782232583,-0.8349533782232583,0.8877505727568266,False,,"early_adverse_move,negative_1h_snapshot,no_executable_1h_exit,post_confirmation_sell_wave,stale_1h_snapshot",True,False
0xaeaa95cb126f2641c2861278d669fd118170ffff,memes,1788523770.0,1788523800.0,1532343.5574251525,61,88,0.26402549626756017,0.3679872518662199,1788523803.0,2.0871781160019515e-06,-0.8295448129469757,0.022744402551818865,-0.8311939282557838,-0.8334534256286658,carry_forward,1014.0,,-0.8365233838867373,-0.8404810980024829,0.6839862826194156,False,,"early_adverse_move,negative_1h_snapshot,no_executable_1h_exit,post_confirmation_sell_wave,stale_1h_snapshot",True,False
0xad61f66fc2b1c271b3249a9480e085b178074444,牛来,1786791980.0,1786792010.0,15669476.59517606,6,6,0.8360135659128191,0.08199321704359044,1786792013.0,2.1343117527515506e-05,0.6911502119786643,0.6911502119786643,0.0854554833137211,-0.8306155633345924,carry_forward,472.0,,-0.8306155633345924,-0.8308222884386471,0.004630527276810528,False,,"negative_1h_snapshot,no_executable_1h_exit,pump_then_reversal,stale_1h_snapshot",True,False
0x6e28258f9420bf78c5f47641df6cc2f5a62bffff,BNBCAT,1787584162.0,1787584192.0,15753438.90384794,12,12,1.0,0.0,1787584195.0,2.1457481106348585e-05,0.02939406442757786,0.40234352454867706,-0.2173569099655922,-0.8290781289518196,carry_forward,226.0,,-0.8290781289518196,-0.8290781289518196,0.0,False,,"early_adverse_move,negative_1h_snapshot,no_executable_1h_exit,pump_then_reversal,stale_1h_snapshot",True,False
0x4ced756af1b1acf4364db59865832472542c4444,景甜币,1787885439.0,1787885469.0,15705274.580356784,7,8,0.9100427887443933,0.04497860562780338,1787885472.0,2.1391877331349394e-05,1.0815383944989625,1.0788586828347673,-0.3114070233833729,-0.8278492402775264,carry_forward,410.0,,-0.8286745398520666,-0.8287668112043839,0.447756767583449,False,,"early_adverse_move,negative_1h_snapshot,no_executable_1h_exit,pump_then_reversal,stale_1h_snapshot",True,False
0x2ab22465da80b730a184ac9165eafd0971914444,XDOGE,1786705273.0,1786705303.0,15442817.436146358,7,7,0.8397858019735575,0.08010709901322134,1786705306.0,2.1034389087195553e-05,-0.8275904635993704,0.8794023071775605,-0.8275904635993704,-0.8275904635993704,carry_forward,3068.0,,-0.8281084450633388,-0.8281084450633388,0.06462879515312081,False,,"early_adverse_move,negative_1h_snapshot,no_executable_1h_exit,pump_then_reversal,stale_1h_snapshot",True,False
0xb6ca55672664f3937e56c53497e6f6c7b0c54444,CZ Bull,1787384841.0,1787384871.0,15335377.756485566,9,9,0.8710288222762393,0.06448558886188042,1787384874.0,2.0888047395678884e-05,-0.8243862289741267,-0.05105964328692236,-0.8272751654734705,-0.8258944783647031,carry_forward,120.0,,-0.827409005102174,-0.827409005102174,0.805275282841385,False,,"early_adverse_move,negative_1h_snapshot,no_executable_1h_exit,post_confirmation_sell_wave,stale_1h_snapshot",True,False
0x3817bea134302c3d3e20c6b187096a335e9fffff,BEN,1788693663.0,1788693693.0,967236.2289622196,100,121,0.2960230651978471,0.3519884674010764,1788693696.0,1.3174553971998578e-06,-0.8377146043141015,0.08097216954027364,-0.841977592523484,-0.8257850849290883,carry_forward,24.0,,-0.8479378150688047,-0.8489092357432146,0.6592908704647855,False,,"early_adverse_move,negative_1h_snapshot,no_executable_1h_exit,post_confirmation_sell_wave",True,False
0x0a8018a8a5070b639eb3aadb7e5e10a843534444,金牛CZ,1788263477.0,1788263507.0,15009394.458918521,13,13,0.8197724140355557,0.09011379298222208,1788263510.0,2.0444031299179377e-05,-0.8231540399065824,-0.08208973175039025,-0.8231827957793832,-0.8234358951958652,carry_forward,1527.0,,-0.8235819398981651,-0.8235819398981651,0.9027304908729588,False,,"early_adverse_move,negative_1h_snapshot,no_executable_1h_exit,post_confirmation_sell_wave,stale_1h_snapshot",True,False
0x9a83597ca046047433c9f633dbc89db3588e4444,𝑓𝑓𝑓𝑓,1786952684.0,1786952714.0,813690.5874132726,78,192,0.23699429297208455,0.38150285351395774,1786952717.0,1.10831358869645e-06,-0.822791565292546,-0.08191919407734727,-0.822791565292546,-0.822791565292546,carry_forward,3283.0,,-0.822791565292546,-0.8229475682092183,0.5871555496855803,False,,"early_adverse_move,negative_1h_snapshot,no_executable_1h_exit,stale_1h_snapshot",True,False
0xa3612d20c84d1eb99df1af1b44b491685d144444,安交所 bull,1787476665.0,1787476695.0,15016780.102864632,6,6,0.8338100359078068,0.08309498204609661,1787476698.0,2.0454091154452826e-05,-0.8226465657800366,-0.04798185471677663,-0.8229768119359138,-0.8226465657800366,carry_forward,2715.0,,-0.8226465657800366,-0.8226465657800366,0.94430664275032,False,,"early_adverse_move,negative_1h_snapshot,no_executable_1h_exit,post_confirmation_sell_wave,stale_1h_snapshot",True,False
0xe67a2f86671b61b118c53ff04c58751449234444,AFOB,1787056209.0,1787056239.0,14784659.752050687,29,29,0.6496710211734369,0.17516448941328155,1787056242.0,2.01379241211854e-05,0.3622657490811094,0.38252817975945175,-0.18312238906332023,-0.8204465781726141,carry_forward,122.0,,-0.8207487592842359,-0.820801629847609,0.030483531127329717,False,,"negative_1h_snapshot,no_executable_1h_exit,pump_then_reversal,stale_1h_snapshot",True,False
0x18f90e53a71c127519572c31faafbebbfe0f4444,牛来,1787045517.0,1787045547.0,13676446.236190433,6,6,0.9167886041963408,0.04160569790182964,1787045550.0,1.8628446049539527e-05,-0.8058441890822099,0.45842258577586237,-0.8058441890822099,-0.8062560346903545,carry_forward,239.0,,-0.8063418263363513,-0.8063418263363513,0.7399435564719583,False,,"early_adverse_move,negative_1h_snapshot,no_executable_1h_exit,post_confirmation_sell_wave,pump_then_reversal,stale_1h_snapshot",True,False
0x822d108abedd43e486280d244d8160bfbbfe4444,分分分分,1786952801.0,1786952831.0,772292.6975578888,82,107,0.3792222562112955,0.3103888718943522,1786952834.0,1.0519262535351335e-06,-0.7943683071432119,-0.1832143550994756,-0.793408113647513,-0.8057352413605082,carry_forward,428.0,,-0.8060661705865966,-0.8110775967911933,0.5793367494519268,False,,"early_adverse_move,negative_1h_snapshot,no_executable_1h_exit,stale_1h_snapshot",True,False
0x759a32bc5c273759bcadde29876c53bc3a8e4444,It's Time,1787391764.0,1787391794.0,12945474.278062021,8,8,0.6551380727015153,0.17243096364924237,1787391797.0,1.763280204593217e-05,-0.795381797137026,-0.0012710527592521004,-0.795381797137026,-0.795381797137026,carry_forward,3531.0,,-0.7955549217525822,-0.7955549217525822,0.9561448789409922,False,,"early_adverse_move,negative_1h_snapshot,no_executable_1h_exit,post_confirmation_sell_wave,stale_1h_snapshot",True,False
0x8c1d2c21204a9e38f84a51ede69c6c66ff814444,景甜币,1787910460.0,1787910490.0,12858798.320675818,5,5,0.6498166751442352,0.17509166242788238,1787910493.0,1.7514742254077146e-05,-0.793601067951434,0.12355585540840242,-0.793601067951434,-0.793601067951434,carry_forward,2767.0,,-0.793601067951434,-0.7939020548552175,0.0,False,,"early_adverse_move,negative_1h_snapshot,no_executable_1h_exit,pump_then_reversal,stale_1h_snapshot",True,False
0x502234786eaeabbc8c31b437af47964b2e374444,安交所 bull,1787476943.0,1787476973.0,12649939.389612226,6,6,0.6436012100138074,0.17819939499309628,1787476976.0,1.723025919012249e-05,1.0425665659462617,1.0425665659462617,-0.10139090246724325,-0.7874224232460886,carry_forward,366.0,,-0.7907644504957887,-0.7907644504957887,0.04832596505273304,False,,"negative_1h_snapshot,no_executable_1h_exit,pump_then_reversal,stale_1h_snapshot",True,False
0xea334628e83e081bd7abc9effb334267c9444444,景甜币,1787910361.0,1787910391.0,12252257.007549383,7,7,0.5898468288477733,0.20507658557611338,1787910394.0,1.6688583036012617e-05,-0.7829503663315474,-0.054884304207302614,-0.7829503663315474,-0.7829503663315474,carry_forward,3343.0,,-0.7839727631020764,-0.7839727631020764,0.9909354273883872,False,,"early_adverse_move,negative_1h_snapshot,no_executable_1h_exit,post_confirmation_sell_wave,stale_1h_snapshot",True,False
0x9a49fa74f1fb7b3b1a586b63064305149ffe4444,AFOB,1787055737.0,1787055767.0,11853652.74700332,8,8,0.9220566990506809,0.038971650474659565,1787055770.0,1.614565120749053e-05,-0.776365261079832,0.21348025098519408,-0.776365261079832,-0.776365261079832,carry_forward,2719.0,,-0.7764633401537747,-0.7764633401537747,0.7093043339878998,False,,"early_adverse_move,negative_1h_snapshot,no_executable_1h_exit,post_confirmation_sell_wave,pump_then_reversal,stale_1h_snapshot",True,False
0x8387266004b7a57b57df1de99ed6e74389cbffff,MarsCoin,1786868729.0,1786868759.0,102796.41868348635,72,129,0.22305950739476108,0.38847024630261945,1786868762.0,1.4001718768607593e-07,-0.6979792496214668,-0.10623749813790906,-0.7160125302782225,-0.7728668687443009,carry_forward,613.0,,-0.787971086177798,-0.800512994507766,0.5471095079976732,False,,"early_adverse_move,negative_1h_snapshot,no_executable_1h_exit,stale_1h_snapshot",True,False
0xe7ffc2feaa65937534918e371fd0409507f0ffff,BAGENT,1787233244.0,1787233274.0,107107.57160212554,129,142,0.22755937847496904,0.38622031076251545,1787233277.0,1.4588933299116762e-07,0.24480987534083143,0.3752052091351068,-0.8091364688686954,-0.7596533006863557,carry_forward,6.0,,-0.8444648361391129,-0.8599524851827853,0.511615613236355,False,,"early_adverse_move,negative_1h_snapshot,no_executable_1h_exit,pump_then_reversal",True,False
0xe339efd35d9c56487019d35fa3951dd6a33fffff,FOUR,1788146104.0,1788146134.0,101241.59552227642,75,98,0.24485542317311348,0.3775722884134432,1788146137.0,1.3789939049849003e-07,-0.35234485282491834,0.8989093045229741,-0.4554959201591632,-0.7596278385640101,carry_forward,57.0,,-0.7801755922438056,-0.779441128897937,0.48995669965862004,False,,"early_adverse_move,negative_1h_snapshot,no_executable_1h_exit,pump_then_reversal",True,False
0x0b07f3738fd0be12130a104b277cf1aaa093ffff,川普,1788523565.0,1788523595.0,961136.4525321877,26,28,0.40828845694163535,0.2958557715291823,1788523598.0,1.3091469993764219e-06,-0.753222740213173,-0.12725317228716082,-0.753222740213173,-0.7594570872181948,carry_forward,804.0,,-0.7673424429239111,-0.7688875519025198,0.9891525930217137,False,,"early_adverse_move,negative_1h_snapshot,no_executable_1h_exit,post_confirmation_sell_wave,stale_1h_snapshot",True,False
0x653706cfec18d420c6f1cec83216bce10067ffff,奶噜嘟嘟蛙,1787814700.0,1787814730.0,576513.0117194529,56,73,0.30257410829895104,0.3487129458505245,1787814733.0,7.852581986725867e-07,-0.7494279340099452,0.38439964941013494,-0.7494279340099452,-0.749832280552083,carry_forward,613.0,,-0.749832280552083,-0.7501815107222267,0.5793189725160408,False,,"early_adverse_move,negative_1h_snapshot,no_executable_1h_exit,pump_then_reversal,stale_1h_snapshot",True,False
0x031057dfaaa1450b29ea3f52a102982018254444,币分,1786885905.0,1786885935.0,592088.3351545769,79,94,0.3047075467843879,0.3476462266078061,1786885938.0,8.064730718424573e-07,-0.7364473843436563,-0.09430387656369787,-0.7364473843436563,-0.7448293398429155,carry_forward,471.0,,-0.7519008133850861,-0.757111823422395,0.5836082101027016,False,,"early_adverse_move,negative_1h_snapshot,no_executable_1h_exit,stale_1h_snapshot",True,False
0xfd0cb7e2d1112f4ced2ea3e94a40ba58bd4fffff,SME,1787476890.0,1787476920.0,564425.229678212,26,30,0.558429804237407,0.22078509788129655,1787476923.0,7.68793644085446e-07,-0.7422728301120078,0.08350223309199989,-0.7422728301120078,-0.7422728301120078,carry_forward,2722.0,,-0.7422728301120078,-0.7422728301120078,0.5650524886920595,False,,"early_adverse_move,negative_1h_snapshot,no_executable_1h_exit,stale_1h_snapshot",True,False
0x0ac9b55090adfd9ccbfca2117ea7cedf6bdc4444,4444,1786868312.0,1786868342.0,555804.7395303423,20,25,0.47007573231449834,0.26496213384275086,1786868345.0,7.570518265937619e-07,-0.6838185721072549,-0.10174713380499956,-0.7420062816622379,-0.739169308940649,carry_forward,1585.0,,-0.7419878388276073,-0.7419878388276073,0.5490083275733665,False,,"early_adverse_move,negative_1h_snapshot,no_executable_1h_exit,stale_1h_snapshot",True,False
0x1d692d9b6db95c6b64c395570ed6aa4ffdd5ffff,meme,1787213176.0,1787213206.0,606835.9786766721,69,79,0.32176627263520285,0.3391168636823986,1787213209.0,8.265605768101014e-07,-0.6847469667474965,0.023029607902992355,-0.6847469667474965,-0.7346237471762244,carry_forward,280.0,,-0.729915419826515,-0.7524952543314917,0.538635577085361,False,,"early_adverse_move,negative_1h_snapshot,no_executable_1h_exit,stale_1h_snapshot",True,False
0xfc40089bf8df167a12494d8a10d2d7c4927fffff,我的赵盾,1786882301.0,1786882331.0,479745.6445948747,56,73,0.31602585462619237,0.34198707268690376,1786882334.0,6.534530757111769e-07,-0.6537217371988003,0.20967451615695132,-0.6839070740807475,-0.6980417378492096,carry_forward,618.0,,-0.6980417378492096,-0.6980417378492096,0.5796431118753899,False,,"early_adverse_move,negative_1h_snapshot,no_executable_1h_exit,pump_then_reversal,stale_1h_snapshot",True,False
0x87a88dc9ef51098cc6c0450b5d3884f17b334444,牛来,1786974923.0,1786974953.0,8587037.487988519,7,7,0.928864005797587,0.03556799710120649,1786974956.0,1.1696252214049224e-05,-0.6904908476548347,0.07850022971714155,-0.6904908476548347,-0.6904908476548347,carry_forward,3088.0,,-0.6904908476548347,-0.6904908476548347,0.16535066857381514,False,,"early_adverse_move,negative_1h_snapshot,no_executable_1h_exit,stale_1h_snapshot",True,False
0xa106bf911780968d49605832d679722fada44444,SpaceXcoin,1786705900.0,1786705930.0,8413666.637726255,7,7,0.9349480187465563,0.032525990626721804,1786705933.0,1.1460106838642624e-05,-0.6839038763040776,-0.030124558292702552,-0.6839038763040776,-0.6839038763040776,carry_forward,3250.0,,-0.6839038763040776,-0.6838777858458,0.6482740183088184,False,,"early_adverse_move,negative_1h_snapshot,no_executable_1h_exit,post_confirmation_sell_wave,stale_1h_snapshot",True,False
0x88ff17dc17f0f1e1f7fa6e40a9f2649b93654444,证券聪明钱,1786870026.0,1786870056.0,446370.9981263428,32,36,0.56489154869636,0.21755422565182003,1786870059.0,6.07994058768872e-07,-0.6620306313436715,0.4693494780233862,-0.6620306313436715,-0.6785616299059101,carry_forward,2118.0,,-0.6788214010309875,-0.6788214010309875,0.5706750229239905,False,,"early_adverse_move,negative_1h_snapshot,no_executable_1h_exit,pump_then_reversal,stale_1h_snapshot",True,False
0x71f5f9fe3b5764a22fb6ea7ad14c09ee36f2ffff,utility,1789180226.0,1789180256.0,667365.8408157938,22,23,0.6111908409481814,0.19440457952590928,1789180259.0,9.09007233768465e-07,-0.6579953421251863,-0.13479403594781791,-0.6579953421251863,-0.665880297048205,carry_forward,877.0,,-0.665880297048205,-0.665880297048205,0.7466090204536767,False,,"early_adverse_move,negative_1h_snapshot,no_executable_1h_exit,post_confirmation_sell_wave,stale_1h_snapshot",True,False
0x89896f57e597967aa3668af17de4d2efa3d0ffff,MEME4YOU,1787049592.0,1787049622.0,415013.7022879703,32,32,0.4524774332223474,0.27376128338882627,1787049625.0,5.652828395166928e-07,-0.6480174567449783,0.12876270605257445,-0.6480174567449783,-0.651997367510712,carry_forward,1251.0,,-0.6545256619147473,-0.6545256619147473,0.6265915591575452,False,,"early_adverse_move,negative_1h_snapshot,no_executable_1h_exit,post_confirmation_sell_wave,pump_then_reversal,stale_1h_snapshot",True,False
0x67fda087efabc7882a5a6eae8b616921269f4444,牛来,1787038696.0,1787038726.0,7604201.903360799,10,10,0.7179002040098189,0.14104989799509057,1787038729.0,1.0357549209802634e-05,-0.650400299683042,1.3009274366574664,-0.6501581886211565,-0.6512621257416911,carry_forward,1233.0,,-0.6517965776144076,-0.6517965776144076,0.0,False,,"early_adverse_move,negative_1h_snapshot,no_executable_1h_exit,pump_then_reversal,stale_1h_snapshot",True,False
0xffbe376635cb9ddf7a3e1af5bf7e7e8afdbe4444,牛来,1786781423.0,1786781453.0,7602277.53741092,6,6,0.7145971626792925,0.14270141866035377,1786781456.0,1.0354928064904477e-05,-0.6519792534079025,0.32331056099210187,-0.6519811788909781,-0.6509663556459114,carry_forward,432.0,,-0.6509663556459114,-0.6509663556459114,0.9026896972042988,False,,"early_adverse_move,negative_1h_snapshot,no_executable_1h_exit,post_confirmation_sell_wave,pump_then_reversal,stale_1h_snapshot",True,False
0x47ffe76e5ad6245678164d494d9a32c3d09dffff,咪咪season,1787572812.0,1787572842.0,406207.5556323527,27,31,0.2963758823877088,0.3518120588061456,1787572845.0,5.532881425723643e-07,-0.646343966455736,0.08995709503075267,-0.646343966455736,-0.646343966455736,carry_forward,3444.0,,-0.646343966455736,-0.646343966455736,0.6342481595232489,False,,"early_adverse_move,negative_1h_snapshot,no_executable_1h_exit,post_confirmation_sell_wave,stale_1h_snapshot",True,False
0x74846718cf7913772182d160686f6c0547d5ffff,FAT,1788856632.0,1788856662.0,53613.55867336126,14,22,0.2567394137845308,0.3716302931077346,1788856665.0,7.302608207003999e-08,-0.6224277542245388,0.43709136499736134,-0.7246684473427205,-0.6462032962060384,carry_forward,403.0,,-0.7031156685242239,-0.7086418066565269,0.5854023363454146,False,,"early_adverse_move,negative_1h_snapshot,no_executable_1h_exit,pump_then_reversal,stale_1h_snapshot",True,False
0x5b46e5f4a37ad73b9edc222117156ed34f6e4444,赵来,1786958844.0,1786958874.0,7481735.595820861,4,5,0.6561622369769557,0.17191888151152213,1786958877.0,1.0190740013649238e-05,2.6925251298392427,2.6790972485307765,-0.19839149210784135,-0.6368587238991411,carry_forward,1508.0,,-0.641024646130991,-0.641024646130991,0.5646701376243582,False,,"negative_1h_snapshot,no_executable_1h_exit,pump_then_reversal,stale_1h_snapshot",True,False
0x5acfb7fba5f0bef6a6406f19c2e13d9f0ea7ffff,XStock,1788974587.0,1788974617.0,178167.88034550866,27,27,0.9088988390333183,0.04555058048334079,1788974620.0,2.4267932542259785e-07,-0.6291767774672294,-0.054945568191247185,-0.6295228175292598,-0.629053759204188,carry_forward,1423.0,,-0.6295010106792172,-0.8884670692378452,0.7319393646403716,False,,"early_adverse_move,negative_1h_snapshot,no_executable_1h_exit,post_confirmation_sell_wave,stale_1h_snapshot",True,False
0x7b37e73313f63404cbac6f373a2e5d58fbfb4444,牛叉,1788247050.0,1788247080.0,7239226.253213764,18,18,0.8757638021453713,0.062118098927314395,1788247083.0,9.860422318010495e-06,-0.6288973412641472,0.012595913664762648,-0.6334044234374494,-0.6288973412641472,carry_forward,2841.0,,-0.6288973412641472,-0.6288973412641472,0.0,False,,"early_adverse_move,negative_1h_snapshot,no_executable_1h_exit,stale_1h_snapshot",True,False
0x7f180a570766f3146e8a2227bf7aeaacca474444,时间,1786874333.0,1786874363.0,430045.87178180506,54,60,0.40274070166503595,0.29862964916748197,1786874366.0,5.857578922889864e-07,-0.5879066577203109,2.175336822969146,-0.5948586803065012,-0.6277330854353276,carry_forward,261.0,,-0.6543193665526381,-0.656688402741526,0.4527254524072008,False,,"early_adverse_move,negative_1h_snapshot,no_executable_1h_exit,pump_then_reversal,stale_1h_snapshot",True,False
0xbbecab6f5c61301d2b27b93482722260fd8effff,rug,1788246814.0,1788246844.0,400302.9948206511,74,86,0.2503130266733464,0.37484348666332684,1788246847.0,5.452456444973931e-07,-0.6200375970621458,1.1019329442101529,-0.6200375970621458,-0.624335328789267,carry_forward,58.0,,-0.6248157693145424,-0.6253432949435374,0.5431295919340781,False,,"early_adverse_move,negative_1h_snapshot,no_executable_1h_exit,pump_then_reversal",True,False
0x6f51df69112f681519acf61a005b9002dd46ffff,角度,1788618183.0,1788618213.0,56324.88822841872,38,41,0.28128736862432746,0.35935631568783627,1788618216.0,7.671913620608131e-08,-0.6020015408657742,0.5398244881531868,-0.6020015408657742,-0.6125390068309281,carry_forward,133.0,,-0.6385611829998591,-0.6385611829998591,0.3930546483446525,False,,"early_adverse_move,negative_1h_snapshot,no_executable_1h_exit,pump_then_reversal,stale_1h_snapshot",True,False
0xd25aeaf3af26b189b31f3b2d5a41adea9c1affff,utility,1787023719.0,1787023749.0,546464.7460706583,69,81,0.22208370304276692,0.3889581484786165,1787023752.0,7.443299863392108e-07,-0.4765214146524722,0.7243423048889921,-0.5485936474410671,-0.6094153830487148,carry_forward,704.0,,-0.577244692332969,-0.6020433321990795,0.4229322223521994,False,,"early_adverse_move,negative_1h_snapshot,no_executable_1h_exit,pump_then_reversal,stale_1h_snapshot",True,False
0x21f462b87ce24eb95e62aa56c1b8af1d9ba0ffff,WHISK,1787808346.0,1787808376.0,416001.1501160039,23,23,0.45049823621897106,0.2747508818905145,1787808379.0,5.666278247762833e-07,-0.3556219504154058,0.7913731542850801,-0.5048494187315263,-0.6082692245074226,event,1.0,-0.6082692245074226,-0.6305900300394538,-0.633429051861899,0.4693944584416436,False,,"early_adverse_move,negative_1h_executable,negative_1h_snapshot,pump_then_reversal",True,True
0xb0399aee9779899b3897fef960db752c45744444,BCB,1787808661.0,1787808691.0,363410.37976789445,26,32,0.6059600095366017,0.1970199952316992,1787808694.0,4.94994864633388e-07,-0.6055874331214549,-0.07316802516803023,-0.6055874331214549,-0.6055874331214549,carry_forward,3247.0,,-0.6055874331214549,-0.6055874331214549,0.5886280305456633,False,,"early_adverse_move,negative_1h_snapshot,no_executable_1h_exit,stale_1h_snapshot",True,False
0x43f53b7f65f1fb7386b76433a082f35f4398ffff,FOURCAT,1787413580.0,1787413610.0,418145.42967519304,44,49,0.2771817752713955,0.3614091123643022,1787413613.0,5.695485101205348e-07,-0.4525665893198304,0.5919860855449701,-0.5142155489407492,-0.5979883958885774,carry_forward,19.0,,-0.6258262661113032,-0.6332673213967702,0.4963943127358546,False,,"early_adverse_move,negative_1h_snapshot,no_executable_1h_exit,pump_then_reversal",True,False
0x3322012847de5e86078bce234d8dfe0033f9ffff,AIwuwu,1788503200.0,1788503230.0,54615.260775053925,27,28,0.26859749647540376,0.3657012517622982,1788503233.0,7.4390482824215e-08,-0.20402306801029413,0.2026616868632667,-0.41203678429851476,-0.5943290418962535,carry_forward,114.0,,-0.6312685520785732,-0.731203082679889,0.45650915629473854,False,,"early_adverse_move,negative_1h_snapshot,no_executable_1h_exit,pump_then_reversal,stale_1h_snapshot",True,False
0x622074d7e08e83ed0a26ddafe6c71dafd51f4444,BULLWHALE,1787414121.0,1787414151.0,6556729.369344977,8,8,0.7310216182985705,0.13448919085071467,1787414154.0,8.930805357539776e-06,-0.590403522348211,-0.02218898815313941,-0.590403522348211,-0.590403522348211,carry_forward,2849.0,,-0.5964798616582658,-0.5964798616582658,0.9284568912071659,False,,"early_adverse_move,negative_1h_snapshot,no_executable_1h_exit,post_confirmation_sell_wave,stale_1h_snapshot",True,False
0x531fa9cf2caa58c2eb3885909021d73152b0ffff,F,1787588729.0,1787588759.0,8397432.987900322,47,51,0.24651855836208003,0.37674072081896,1787588762.0,1.1437995270714308e-05,-0.5423778017904116,0.3859302527432278,-0.6094278837634692,-0.5884414957954012,carry_forward,27.0,,-0.6125601679457462,-0.6710401917332397,0.540535479419271,False,,"early_adverse_move,negative_1h_snapshot,no_executable_1h_exit,pump_then_reversal",True,False
0xd41397ca05ff0960d2a52c38b24fc7d641584444,BNBchainCat,1787478019.0,1787478049.0,6606942.63524692,7,7,1.0,0.0,1787478052.0,8.999199960835938e-06,-0.583954371778481,0.09038519957486368,-0.583954371778481,-0.583954371778481,carry_forward,3345.0,,-0.583954371778481,-0.583954371778481,0.23489293061668068,False,,"early_adverse_move,negative_1h_snapshot,no_executable_1h_exit,stale_1h_snapshot",True,False
0xf372d3058ed91f61bfe4754eb4d919cfdff5ffff,FOURCAT,1787413606.0,1787413636.0,345747.50638904615,20,29,0.29263497141381944,0.3536825142930903,1787413639.0,4.7093657652729773e-07,-0.5835558612512934,-0.021920521533532522,-0.5835558612512934,-0.5835558612512934,carry_forward,2903.0,,-0.5835558612512934,-0.5835558612512934,0.8196296129484327,False,,"early_adverse_move,negative_1h_snapshot,no_executable_1h_exit,post_confirmation_sell_wave,stale_1h_snapshot",True,False
0x615e0626811c2281a6c8cbf4319531974a24ffff,MOF,1786984260.0,1786984290.0,382898.79403043794,36,45,0.2867348970084166,0.3566325514957917,1786984293.0,5.215396897590994e-07,-0.536013467401594,0.27220919335589233,-0.5369234221618997,-0.5814753684388547,carry_forward,1734.0,,-0.5885753425110515,-0.5931402779752827,0.5711144020546067,False,,"early_adverse_move,negative_1h_snapshot,no_executable_1h_exit,pump_then_reversal,stale_1h_snapshot",True,False
0xfb7ac2406240c983e8132f6180a1cef97a71ffff,𝑓𝑓𝑓𝑓,1786952711.0,1786952741.0,352313.5391437814,26,40,0.291633111882285,0.35418344405885743,1786952744.0,4.798800538618868e-07,-0.5652554625222613,2.4789070306576706,-0.5707513282405599,-0.5800229407126033,carry_forward,1371.0,,-0.5821796936300899,-0.5882165676996358,0.3935500454746226,False,,"early_adverse_move,negative_1h_snapshot,no_executable_1h_exit,pump_then_reversal,stale_1h_snapshot",True,False
0x739ab04b6d968427c973ebee875dd7f5c9d1ffff,bSC,1787024129.0,1787024159.0,346445.037888598,30,37,0.226878054347138,0.386560972826431,1787024162.0,4.7188667187245195e-07,-0.5794491774331452,0.6684303147624255,-0.5794491774331452,-0.5794491774331452,carry_forward,3261.0,,-0.5794491774331452,-0.5794491774331452,0.5017843207235676,False,,"early_adverse_move,negative_1h_snapshot,no_executable_1h_exit,pump_then_reversal,stale_1h_snapshot",True,False
0x96b8537f40a974758a79d20d15c6d8520237ffff,牛叉,1788208531.0,1788208561.0,6118889.44936888,17,20,1.0,0.0,1788208564.0,8.334431329758613e-06,-0.554648428003127,-0.05600732449247736,-0.554648428003127,-0.554762365837052,carry_forward,2314.0,,-0.5606738464300849,-0.5645202813033452,0.9480705434924309,False,,"early_adverse_move,negative_1h_snapshot,no_executable_1h_exit,post_confirmation_sell_wave,stale_1h_snapshot",True,False
0x1e9c1a72f5af4f2a1a6c535657d6f49f1ff24444,佛咪咪,1786980484.0,1786980514.0,327694.89587728074,34,34,0.5218279799575924,0.23908601002120375,1786980517.0,4.463474343507372e-07,-0.5528610580104558,-0.11718330754999162,-0.5528610580104558,-0.5528610580104558,carry_forward,3505.0,,-0.5580085740514886,-0.5580085740514886,0.7216117709116724,False,,"early_adverse_move,negative_1h_snapshot,no_executable_1h_exit,post_confirmation_sell_wave,stale_1h_snapshot",True,False
0x6230b965aa173d2f5f6d9940b743feca69e4ffff,牛叉,1788207331.0,1788207361.0,6141912.911285339,10,10,0.7718502190158363,0.11407489049208189,1788207364.0,8.365791180905428e-06,-0.5654560622852051,2.415563250728954,-0.5654560622852051,-0.5523918958187751,carry_forward,1092.0,,-0.56139897313281,-0.5652839574216715,0.09974364449239437,False,,"early_adverse_move,negative_1h_snapshot,no_executable_1h_exit,pump_then_reversal,stale_1h_snapshot",True,False
0x68e02cbc06b0ae4edc2658ce59155ff28704ffff,果咕噜,1787814814.0,1787814844.0,334881.15383139113,31,34,0.29320959206567077,0.3533952039671646,1787814847.0,4.561357094833501e-07,-0.5485088560308591,-0.04684680617911752,-0.5485088560308591,-0.5485088560308591,carry_forward,3033.0,,-0.5485088560308591,-0.5715902765698594,0.6544116451877865,False,,"early_adverse_move,negative_1h_snapshot,no_executable_1h_exit,post_confirmation_sell_wave,stale_1h_snapshot",True,False
0x371c1d417a5a8b2300053bdcb2d07e5b043dffff,四狗一,1787730565.0,1787730595.0,336295.09805560095,37,47,0.23190165094160947,0.38404917452919524,1787730598.0,4.580616179571502e-07,-0.5149423804112699,0.5092501741726327,-0.5149423804112699,-0.544100317311601,carry_forward,586.0,,-0.5559816049497704,-0.5683606080805581,0.47093088637417607,False,,"early_adverse_move,negative_1h_snapshot,no_executable_1h_exit,pump_then_reversal,stale_1h_snapshot",True,False
0x16132dce229bbcc3bf985d384562fe558bc44444,mini,1786980430.0,1786980460.0,367049.72333234246,32,37,0.2631189984329825,0.3684405007835088,1786980463.0,4.99951950273564e-07,-0.5322100763855826,-0.047413104333940415,-0.5721982771996428,-0.5402865893676285,carry_forward,873.0,,-0.5768143995337212,-0.5816623908737812,0.5834091111976131,False,,"early_adverse_move,negative_1h_snapshot,no_executable_1h_exit,stale_1h_snapshot",True,False
0x4dbde569129239a592595c0a5e8e7afe2448ffff,.four,1786774183.0,1786774213.0,357980.48323120363,51,64,0.2118116670536385,0.3940941664731808,1786774216.0,4.875988983902961e-07,-0.3686808734289111,0.46526017958955057,-0.45739504570646083,-0.5303116895955144,carry_forward,288.0,,-0.5372644948716725,-0.5417078857249411,0.5387322070829906,False,,"early_adverse_move,negative_1h_snapshot,no_executable_1h_exit,pump_then_reversal,stale_1h_snapshot",True,False
0x58bbb3501e1f8b11b274743e21c488b4e89bffff,mini 哈基米,1786980711.0,1786980741.0,304868.5876531672,21,25,0.9864726503093759,0.006763674845311943,1786980744.0,4.152561227687963e-07,-0.5293081761578986,-0.0697902088713257,-0.5293081761578986,-0.5293081761578986,carry_forward,3415.0,,-0.5293081761578986,-0.5293081761578986,1.0,False,,"early_adverse_move,negative_1h_snapshot,no_executable_1h_exit,post_confirmation_sell_wave,stale_1h_snapshot",True,False
0xcd78a35eaef69190ff566ab8e433b54ef36fffff,GME,1787023389.0,1787023419.0,303412.39709943894,8,10,0.4408515117919933,0.2795742441040034,1787023422.0,4.1327267131514353e-07,-0.5243201268362514,-0.1203468503860412,-0.5243201268362514,-0.5243201268362514,carry_forward,3593.0,,-0.5243201268362514,-0.5243201268362514,0.9678528722922342,False,,"early_adverse_move,negative_1h_snapshot,no_executable_1h_exit,post_confirmation_sell_wave,stale_1h_snapshot",True,False
0x17376ec77507dc377e878a5eb6fbabfa2260ffff,牛叉,1788208849.0,1788208879.0,5594076.259025126,7,7,1.0,0.0,1788208882.0,7.619592545357514e-06,-0.518324409536614,-0.040035602021140315,-0.5199730283931263,-0.5177593613087939,carry_forward,2598.0,,-0.5190520367167797,-0.5225498535339246,0.9666439950495916,False,,"early_adverse_move,negative_1h_snapshot,no_executable_1h_exit,post_confirmation_sell_wave,stale_1h_snapshot",True,False
0x4dd015c27cf4163cf1bc612ea11f730f780bffff,四有,1786882170.0,1786882200.0,298714.86601216777,19,20,0.5308289068948414,0.23458554655257924,1786882203.0,4.068742471255537e-07,-0.5128451574277619,-0.09365862526362012,-0.516830339221676,-0.5128451574277619,carry_forward,3308.0,,-0.5128451574277619,-0.5128451574277619,0.9229431246440154,False,,"early_adverse_move,negative_1h_snapshot,no_executable_1h_exit,post_confirmation_sell_wave,stale_1h_snapshot",True,False
0x6a897b8ff69e76dcc7d769abb6aa100ea040ffff,$1,1788523633.0,1788523663.0,482024.3175820159,22,22,0.30162212979284986,0.34918893510357507,1788523666.0,6.565568159717992e-07,-0.5086221916529858,0.16336592040990294,-0.5086221916529858,-0.5086221916529858,carry_forward,2899.0,,-0.5086221916529858,-0.5086221916529858,0.650139467664659,False,,"early_adverse_move,negative_1h_snapshot,no_executable_1h_exit,post_confirmation_sell_wave,pump_then_reversal,stale_1h_snapshot",True,False
0x6d2b88a3d5fcdaff9148086d0111ffe841a2ffff,FLNC,1788852174.0,1788852204.0,446815.2944132389,11,15,0.3021736179620974,0.34891319101895124,1788852207.0,6.085992269000897e-07,-0.503130520444557,0.03229036458248391,-0.503130520444557,-0.503130520444557,carry_forward,3552.0,,-0.503130520444557,-0.503130520444557,0.7510366314632237,False,,"early_adverse_move,negative_1h_snapshot,no_executable_1h_exit,post_confirmation_sell_wave,stale_1h_snapshot",True,False
0x42dbf63ddfdf925cdf459726267dc61722f1ffff,Chairman,1786729612.0,1786729642.0,412813.5969073078,42,46,0.4154176387835799,0.29229118060821,1786729645.0,5.622861148062544e-07,-0.17131900807812017,0.9204771446878812,-0.41545398641526543,-0.5029445713795926,carry_forward,229.0,,-0.5976319173307879,-0.6147765541953818,0.390580422215987,False,,"early_adverse_move,negative_1h_snapshot,no_executable_1h_exit,pump_then_reversal,stale_1h_snapshot",True,False
0xb9ff026d86dd4b102281d14b6a3a76498d95ffff,月薪喵,1786888525.0,1786888555.0,5317553.354776189,23,26,0.474920714546124,0.26253964272693797,1786888558.0,7.242945577694797e-06,-0.4995942504575752,0.516706763308673,-0.4995942504575752,-0.4995942504575752,carry_forward,2914.0,,-0.4995942504575752,-0.4995942504575752,0.03650749962005121,False,,"early_adverse_move,negative_1h_snapshot,no_executable_1h_exit,pump_then_reversal,stale_1h_snapshot",True,False
0xd790b814b7b8e7ae64a6453d2830bf966254ffff,5,1787552293.0,1787552323.0,285170.2820610071,19,20,0.39637217452632706,0.3018139127368365,1787552326.0,3.884254083672816e-07,-0.494347690297685,-0.16649856010936992,-0.494347690297685,-0.494347690297685,carry_forward,3194.0,,-0.494347690297685,-0.494347690297685,0.6282389678612573,False,,"early_adverse_move,negative_1h_snapshot,no_executable_1h_exit,post_confirmation_sell_wave,stale_1h_snapshot",True,False
0x2eaf91c90c8025de6eefd8a433cde05b8722ffff,牛叉,1788209021.0,1788209051.0,5355795.753022883,6,6,0.939927532639194,0.030036233680402934,1788209054.0,7.295034873425615e-06,-0.49354463900376744,-0.3046871374758249,-0.49354463900376744,-0.49354463900376744,carry_forward,2824.0,,-0.49354463900376744,-0.4958068887151912,0.9912731572044927,False,,"early_adverse_move,negative_1h_snapshot,no_executable_1h_exit,post_confirmation_sell_wave,stale_1h_snapshot",True,False
0x84d148a1f81c564ea01e5824b68077a7ebb3ffff,GM,1787205646.0,1787205676.0,279506.82012802776,8,8,0.2743437035694056,0.36282814821529724,1787205679.0,3.807113068199842e-07,-0.48677060170635256,0.029632655979447087,-0.48677060170635256,-0.48677060170635256,carry_forward,3194.0,,-0.48677060170635256,-0.48677060170635256,0.5145934945542012,False,,"early_adverse_move,negative_1h_snapshot,no_executable_1h_exit,stale_1h_snapshot",True,False
0x2ad258199dd79e40251a5c2d782037caf155ffff,FOURCAT,1788248229.0,1788248259.0,279005.34112356434,18,30,0.24895340717775813,0.375523296411121,1788248262.0,3.8002825111835724e-07,-0.48551735550811426,0.18312597045534496,-0.48551735550811426,-0.48551735550811426,carry_forward,3500.0,,-0.48551735550811426,-0.48551735550811426,0.6855793409412237,False,,"early_adverse_move,negative_1h_snapshot,no_executable_1h_exit,post_confirmation_sell_wave,pump_then_reversal,stale_1h_snapshot",True,False
0xe94c4955dd241165d175ed9c453bfe3d2572ffff,CAT,1787807871.0,1787807901.0,273884.6804395916,20,21,0.32964545123766575,0.3351772743811671,1787807904.0,3.730534895727033e-07,-0.4728844224603843,0.05256893856743039,-0.4728844224603843,-0.4728844224603843,carry_forward,3451.0,,-0.4754521152346197,-0.4754521152346197,0.6224510894608922,False,,"early_adverse_move,negative_1h_snapshot,no_executable_1h_exit,post_confirmation_sell_wave,stale_1h_snapshot",True,False
0x174fc6849774eaea6967effd77bc15961695ffff,边角料,1788605722.0,1788605752.0,276771.345950755,13,14,0.46980073116928034,0.2650996344153599,1788605755.0,3.7698536572013975e-07,-0.47182213659903116,-0.053756180633784956,-0.47710421181005513,-0.47182213659903116,carry_forward,3562.0,,-0.47182213659903116,-0.47182213659903116,0.9052935333091225,False,,"early_adverse_move,negative_1h_snapshot,no_executable_1h_exit,post_confirmation_sell_wave,stale_1h_snapshot",True,False
0xce967dce821b5d8d65003e8d19cee37f5870ffff,牛叉,1788208692.0,1788208722.0,5100975.041754471,12,12,0.8693718196835116,0.06531409015824415,1788208725.0,6.947948079810495e-06,-0.4698073804753885,-0.4353963744237994,-0.4724764060991292,-0.46740865969298095,carry_forward,2481.0,,-0.47462800449927933,-0.47894277265090957,0.9903709349221007,False,,"early_adverse_move,negative_1h_snapshot,no_executable_1h_exit,post_confirmation_sell_wave,stale_1h_snapshot",True,False
0x379e32ae1d12ac41418f9380fcec338e3a9dffff,stockmemeera,1787476891.0,1787476921.0,265690.22436259297,15,15,0.21533567301955842,0.39233216349022076,1787476924.0,3.6189196557009e-07,-0.4479035794794255,-0.12349555662377631,-0.4479035794794255,-0.46059574028629013,carry_forward,2428.0,,-0.46059574028629013,-0.46059574028629013,0.4925933206255431,False,,"early_adverse_move,negative_1h_snapshot,no_executable_1h_exit,stale_1h_snapshot",True,False
0x47370127f2cd5f439e0a9ea9dde0eefdf53affff,牛叉,1788239765.0,1788239795.0,4746616.629851435,6,6,0.9999989071489048,5.464255475167723e-07,1788239798.0,6.465282740852167e-06,-0.43708140348546454,0.04148782705133125,-0.43708140348546454,-0.44112286582462346,carry_forward,2194.0,,-0.44116289723431745,-0.44116289723431745,0.012349053798983347,False,,"early_adverse_move,negative_1h_snapshot,no_executable_1h_exit,stale_1h_snapshot",True,False
0x453750ec80bd61996d4db599d144ea714b22ffff,牛叉,1788207986.0,1788208016.0,5078822.696718493,19,20,0.7559613133871652,0.12201934330641738,1788208019.0,6.9177747615926735e-06,-0.41686199887837516,0.044431202173555784,-0.4671569145043507,-0.4398675980911826,carry_forward,1755.0,,-0.4712747657232321,-0.4775530110554489,0.7680285722460151,False,,"early_adverse_move,negative_1h_snapshot,no_executable_1h_exit,post_confirmation_sell_wave,stale_1h_snapshot",True,False
0x4efaae10d76b8b1b89765aaf431edc3b0b28ffff,猫娘,1787809003.0,1787809033.0,266464.43254994915,9,13,0.5753277855308595,0.21233610723457022,1787809036.0,3.629465008784738e-07,-0.4390486054064381,-0.1626957612870028,-0.4557121466052614,-0.4390486054064381,carry_forward,3256.0,,-0.4390486054064381,-0.4390486054064381,0.7958110835994816,False,,"early_adverse_move,negative_1h_snapshot,no_executable_1h_exit,post_confirmation_sell_wave,stale_1h_snapshot",True,False
0xee0f42404e393faa4aefe3e6cfa78ca0e725ffff,utility,1787023408.0,1787023438.0,254798.11258218024,5,5,0.5978722518396355,0.2010638740801822,1787023441.0,3.470560123434358e-07,-0.31942916476370553,-0.12118849381544783,-0.4365686100776057,-0.42938112016486385,carry_forward,2586.0,,-0.42938112016486385,-0.42938112016486385,1.0,False,,"early_adverse_move,negative_1h_snapshot,no_executable_1h_exit,post_confirmation_sell_wave,stale_1h_snapshot",True,False
0xcf24b37a4869c90fee6146055f2b3338440cffff,Chwy,1786739544.0,1786739574.0,395133.313024808,8,9,1.0,0.0,1786739577.0,5.382041121604097e-07,-0.19709072760235624,1.000108683866379,-0.3711928825587478,-0.4241285539213038,carry_forward,377.0,,-0.5241497864532749,-0.6218366533613517,0.32266264328143673,False,,"early_adverse_move,negative_1h_snapshot,no_executable_1h_exit,pump_then_reversal,stale_1h_snapshot",True,False
0x9122c60fb037331dbfd1cad765daf86c9e65ffff,牛叉,1788209129.0,1788209159.0,4654068.795423459,5,5,1.0,0.0,1788209162.0,6.339224968908372e-06,-0.421925562217246,-0.0501213091333953,-0.42701578612389735,-0.421925562217246,carry_forward,2971.0,,-0.42287518136785474,-0.4277351698260553,0.03281444764541573,False,,"early_adverse_move,negative_1h_snapshot,no_executable_1h_exit,stale_1h_snapshot",True,False
0xeb06aad9306e2f53838f90a78380d438dd1cffff,mini 哈基米,1786980439.0,1786980469.0,247325.0138875457,10,10,0.535650777701516,0.23217461114924196,1786980472.0,3.368770365004641e-07,-0.4195353006870922,-0.12655813536423677,-0.4195353006870922,-0.4195353006870922,carry_forward,3361.0,,-0.4195353006870922,-0.4195353006870922,0.0,False,,"early_adverse_move,negative_1h_snapshot,no_executable_1h_exit,stale_1h_snapshot",True,False
0x8bc7edf2fd8799a5d253b79122c7924b8f30ffff,福来,1787301088.0,1787301118.0,259364.95022598084,10,11,0.27579946404301114,0.36210026797849443,1787301121.0,3.5327642130021774e-07,-0.418932602919347,-0.3721214586438145,-0.43740500563359674,-0.4098595580754093,carry_forward,2019.0,,-0.4469823294752213,-0.4469823294752213,0.7908685622683523,False,,"early_adverse_move,negative_1h_snapshot,no_executable_1h_exit,post_confirmation_sell_wave,stale_1h_snapshot",True,False
0x1717f3771ada3b3cf4dfa3a1c0b793504c0affff,sme,1787476971.0,1787477001.0,242739.39608708717,29,33,0.22404468847814443,0.38797765576092774,1787477004.0,3.3063104742373996e-07,-0.4090786042825594,0.24985921823520663,-0.4090786042825594,-0.4090786042825594,carry_forward,3133.0,,-0.40946580498915197,-0.40946580498915197,0.3889473193198255,False,,"early_adverse_move,negative_1h_snapshot,no_executable_1h_exit,pump_then_reversal,stale_1h_snapshot",True,False
0x6e6c150c2c52795d2157c772c9cecb9a53a9ffff,FOURCAT,1787728923.0,1787728953.0,241658.6297925089,7,7,0.48783525011649403,0.25608237494175295,1787728956.0,3.2915895472779997e-07,-0.40633607090869883,-0.05824111822947009,-0.40633607090869883,-0.40633607090869883,carry_forward,2902.0,,-0.40633607090869883,-0.40633607090869883,1.0,False,,"early_adverse_move,negative_1h_snapshot,no_executable_1h_exit,post_confirmation_sell_wave,stale_1h_snapshot",True,False
0x0b46596d4fda02c77c584ae3002389119b24ffff,HODLER,1788523800.0,1788523830.0,267818.04622195195,9,9,0.8967149498054099,0.05164252509729498,1788523833.0,3.6479023417185666e-07,-0.3987104273019315,0.4151954195812584,-0.3987104273019315,-0.3987104273019315,carry_forward,3490.0,,-0.3987104273019315,-0.3987104273019315,0.5670437279434918,False,,"early_adverse_move,negative_1h_snapshot,no_executable_1h_exit,pump_then_reversal,stale_1h_snapshot",True,False
0x655ca2d94f50b1d46879d68622808efcf06affff,POONALD,1788962319.0,1788962349.0,366948.8067916823,12,26,0.2708171071114424,0.3645914464442788,1788962352.0,4.998144936345564e-07,-0.3962819501617094,0.26198882813540547,-0.39675708648663555,-0.3962819501617094,carry_forward,2859.0,,-0.3962819501617094,-0.39628053427761045,0.6504271452991944,False,,"early_adverse_move,negative_1h_snapshot,no_executable_1h_exit,post_confirmation_sell_wave,pump_then_reversal,stale_1h_snapshot",True,False
0xc09d5ab5b6357c79fe8bb2b48b56ea90de244444,𝑓𝑓𝑓𝑓,1786952757.0,1786952787.0,242469.5499178252,10,11,0.2999707259263127,0.3500146370368436,1786952790.0,3.302634947189687e-07,-0.39397247957489456,0.034621003645682435,-0.40398415111335106,-0.39397247957489456,carry_forward,3548.0,,-0.39397247957489456,-0.39397247957489456,0.7294102360749373,False,,"early_adverse_move,negative_1h_snapshot,no_executable_1h_exit,post_confirmation_sell_wave,stale_1h_snapshot",True,False
0x66446dc0504b4099fd53dd656f5a36fdf110ffff,当归,1787306927.0,1787306957.0,235310.46912490358,13,13,0.2650639337394033,0.3674680331302983,1787306960.0,3.205122371179748e-07,-0.39033243304928267,-0.06766097337592691,-0.39033243304928267,-0.39033243304928267,carry_forward,3521.0,,-0.39033243304928267,-0.39033243304928267,0.9932110682735904,False,,"early_adverse_move,negative_1h_snapshot,no_executable_1h_exit,post_confirmation_sell_wave,stale_1h_snapshot",True,False
0xbddd0e5d617c9a7203b6151cbf2e2c819855ffff,四桥,1787117735.0,1787117765.0,236841.3108200975,23,24,0.2554456779690006,0.3722771610154997,1787117768.0,3.2259736957393727e-07,-0.34385938640987523,-0.14208156281628415,-0.3444446197124923,-0.38928291561808315,carry_forward,528.0,,-0.3880055086683757,-0.3880055086683757,0.6677384582433851,False,,"early_adverse_move,negative_1h_snapshot,no_executable_1h_exit,post_confirmation_sell_wave,stale_1h_snapshot",True,False
0x50e42d493fad1d0da9939ce28f7452f57c9c4444,人非圣贤孰能无过,1786874530.0,1786874560.0,237356.02847750593,15,17,0.29674371935101146,0.3516281403244943,1786874563.0,3.232984574110982e-07,-0.38448851016414665,0.035914361962954944,-0.38448851016414665,-0.38448851016414665,carry_forward,3367.0,,-0.3908940907452205,-0.3908940907452205,0.8447834018829423,False,,"early_adverse_move,negative_1h_snapshot,no_executable_1h_exit,post_confirmation_sell_wave,stale_1h_snapshot",True,False
0x8f38007e1343305214a47d6b2d97ee99b51fffff,FIVE,1787552324.0,1787552354.0,232808.8583353869,7,9,0.5953507688267548,0.20232461558662257,1787552357.0,3.171048372112548e-07,-0.3830493077553879,-0.10701543431546978,-0.3830493077553879,-0.3830493077553879,carry_forward,3303.0,,-0.3830493077553879,-0.3830493077553879,0.9677295430400871,False,,"early_adverse_move,negative_1h_snapshot,no_executable_1h_exit,post_confirmation_sell_wave,stale_1h_snapshot",True,False
0x12460776e8b7f76153d4c1d625f6e79ddb48ffff,佛来,1786882710.0,1786882740.0,236027.33475748083,16,16,0.46907277128245295,0.2654636143587735,1786882743.0,3.214886671445045e-07,-0.3874565004070101,-0.0855477408859947,-0.3874565004070101,-0.3814464340585789,carry_forward,1679.0,,-0.3911159189079625,-0.3927602260253005,0.9493167547081783,False,,"early_adverse_move,negative_1h_snapshot,no_executable_1h_exit,post_confirmation_sell_wave,stale_1h_snapshot",True,False
0x9225c6ce4e583a0dc56c21e93200a16b667bffff,流来,1786886527.0,1786886557.0,239719.19481718173,17,19,0.2881974484003702,0.3559012757998149,1786886560.0,3.26517284576027e-07,-0.3795483602687819,-0.12591674601878566,-0.3795483602687819,-0.3795483602687819,carry_forward,3371.0,,-0.4015501672381736,-0.4015501672381736,0.794954066525079,False,,"early_adverse_move,negative_1h_snapshot,no_executable_1h_exit,post_confirmation_sell_wave,stale_1h_snapshot",True,False
0x1362a4e5012441def6e50b8865cda50010f1ffff,"诚迎天下客,有喜就来坐",1786714003.0,1786714033.0,4300630.01861129,9,9,0.5649558310188537,0.21752208449057317,1786714036.0,5.857812248677132e-06,-0.31668421673288005,-0.15652021690746254,-0.36690845827374396,-0.3670819424555636,carry_forward,1976.0,,-0.3670819424555636,-0.3670819424555636,0.8121800064952933,False,,"early_adverse_move,negative_1h_snapshot,no_executable_1h_exit,post_confirmation_sell_wave,stale_1h_snapshot",True,False
0xca8a613c2493e79e61ba7257192daf0ad859ffff,CASHTRUMP,1788523566.0,1788523596.0,347977.02234890714,5,5,0.25054304812745654,0.37472847593627173,1788523599.0,4.739733608686096e-07,-0.25119618587278625,0.0328921646213467,-0.25119618587278625,-0.3663348946073295,carry_forward,1422.0,,-0.3663348946073295,-0.3663348946073295,0.5,False,,"early_adverse_move,negative_1h_snapshot,no_executable_1h_exit,stale_1h_snapshot",True,False
0xeaa1c3532cceb7ca6b104a92b95295951ac2ffff,$LAMP,1788525458.0,1788525488.0,4382990.389923822,7,7,0.5949140692493446,0.20254296537532765,1788525491.0,5.969993856904835e-06,-0.36090699722581565,-0.2256031837453074,-0.36090699722581565,-0.36090699722581565,carry_forward,3491.0,,-0.36090699722581565,-0.36721689212193986,0.9893212655942178,False,,"early_adverse_move,negative_1h_snapshot,no_executable_1h_exit,post_confirmation_sell_wave,stale_1h_snapshot",True,False
0x3cdd9c213d9ec6e1c3dfe0808174f87812744444,牛叉,1788239580.0,1788239610.0,4368418.053454124,9,9,1.0,0.0,1788239613.0,5.950145134579355e-06,-0.0550801937927935,-0.03378311394399236,-0.06132141705469918,-0.3588816626905218,carry_forward,1176.0,,-0.3908021490553517,-0.3908021490553517,0.17037408904576115,False,,"negative_1h_snapshot,no_executable_1h_exit,stale_1h_snapshot",True,False
0x4e22052e5314d2341357aac6fb254d6033a9ffff,CZ,1786886428.0,1786886458.0,223508.03738075838,14,17,0.23206667457979027,0.3839666627101049,1786886461.0,3.0443635313450343e-07,-0.35818505525322974,0.03465254672343265,-0.35818505525322974,-0.35818505525322974,carry_forward,3408.0,,-0.35818505525322974,-0.35818505525322974,0.7012353194118794,False,,"early_adverse_move,negative_1h_snapshot,no_executable_1h_exit,post_confirmation_sell_wave,stale_1h_snapshot",True,False
0xbeb3b37fb5b494de57651910ada3abf4d610ffff,Fartcoin,1788919639.0,1788919669.0,350046.0630766582,10,10,0.6078283779646497,0.19608581101767508,1788919672.0,4.7679156472841194e-07,-0.35668516560680863,-0.15686536091898773,-0.35668516560680863,-0.35668516560680863,carry_forward,3491.0,,-0.35668516560680863,-0.35668516560680863,0.7968620212535726,False,,"early_adverse_move,negative_1h_snapshot,no_executable_1h_exit,post_confirmation_sell_wave,stale_1h_snapshot",True,False
0xc98cad35764948d12793d8a934be4186476c4444,GAMESTONK,1788772908.0,1788772938.0,223865.8967348518,12,17,0.9386195415996053,0.030690229200197365,1788772941.0,3.0492378704503286e-07,-0.35398978899902356,0.06833174310938928,-0.35398978899902356,-0.35398978899902356,carry_forward,3517.0,,-0.3574406412997977,-0.3574406412997977,0.6859575120684904,False,,"early_adverse_move,negative_1h_snapshot,no_executable_1h_exit,post_confirmation_sell_wave,stale_1h_snapshot",True,False
0xef0f269a8aba9cab9202885577d75a13f017ffff,时间,1786874385.0,1786874415.0,236067.5553434219,7,7,0.5305510093992091,0.2347244953003955,1786874418.0,3.2154345089478176e-07,-0.35368254946173183,0.25322985007827614,-0.35368254946173183,-0.35368254946173183,carry_forward,3562.0,,-0.35368254946173183,-0.35368254946173183,0.6766649564499521,False,,"early_adverse_move,negative_1h_snapshot,no_executable_1h_exit,post_confirmation_sell_wave,pump_then_reversal,stale_1h_snapshot",True,False
0x8c1102b5ad45144a262a292cba8dc9bb5a9cffff,BNC4,1788832941.0,1788832971.0,250415.29759672255,29,30,0.2166660386056388,0.39166698069718053,1788832974.0,3.410862574018586e-07,-0.3504010104010007,-0.08269998967440029,-0.4091078928373033,-0.3504010104010007,carry_forward,2896.0,,-0.4244080139043701,-0.4266134178251423,0.713503694846953,False,,"early_adverse_move,negative_1h_snapshot,no_executable_1h_exit,post_confirmation_sell_wave,stale_1h_snapshot",True,False
0x80c64f8fdc68b23191e2560ce20f3642fea7ffff,GME,1787567128.0,1787567158.0,297989.980692919,6,6,0.31697707697107613,0.3415114615144619,1787567161.0,4.0588689362534425e-07,-0.3494475798735944,-0.3494475798735944,-0.48759573258102074,-0.3494475798735944,carry_forward,3460.0,,-0.3494475798735944,-0.3494475798735944,0.0,False,,"delayed_next_observation,early_adverse_move,negative_1h_snapshot,no_executable_1h_exit,stale_1h_snapshot",True,False
0x0c4ba5c649afb66edf2edbcaa2303d8c0c8d4444,卷王,1786691940.0,1786691970.0,331049.49550344085,27,27,0.5911912369130997,0.2044043815434501,1786691973.0,4.50916675297875e-07,-0.29748142976178327,0.041786206269092574,-0.40829748152701506,-0.348515359687952,carry_forward,350.0,,-0.4624901045455464,-0.41310551421541386,0.6158594573096243,False,,"early_adverse_move,negative_1h_snapshot,no_executable_1h_exit,post_confirmation_sell_wave,stale_1h_snapshot",True,False
0x74a716b834432cab931c0eed7d1f06b7468bffff,大葱哥,1787384524.0,1787384554.0,242643.69517107075,11,12,0.5639867434929042,0.2180066282535479,1787384557.0,3.305006948950118e-07,-0.21663866493695993,-0.021581081453505346,-0.32574896108181406,-0.34779058616752756,carry_forward,1881.0,,-0.34779058616752756,-0.3797443845099854,0.761217843004647,False,,"early_adverse_move,negative_1h_snapshot,no_executable_1h_exit,post_confirmation_sell_wave,stale_1h_snapshot",True,False
0xaedb719286d585b30a815f08dce8f8717767ffff,𝑓𝑓𝑓𝑓,1786952698.0,1786952728.0,243367.35715638078,10,10,0.48452215709070373,0.25773892145464816,1786952731.0,3.3148638211365326e-07,-0.3437255176050501,0.014447555212803387,-0.40417604946674746,-0.3437255176050501,carry_forward,3535.0,,-0.3437255176050501,-0.3437255176050501,0.7990449283094876,False,,"early_adverse_move,negative_1h_snapshot,no_executable_1h_exit,post_confirmation_sell_wave,stale_1h_snapshot",True,False
0x642deb5569073031b4a3549c4537688555d14444,𝑓𝑓𝑓𝑓,1786952813.0,1786952843.0,218943.06035905337,7,7,0.5052169572324743,0.24739152138376283,1786952846.0,2.9821847849824073e-07,-0.34184591934429276,-0.34184591934429276,-0.34184591934429276,-0.34184591934429276,carry_forward,3599.0,,-0.34184591934429276,-0.34184591934429276,0.979145941231513,False,,"early_adverse_move,negative_1h_snapshot,no_executable_1h_exit,post_confirmation_sell_wave,stale_1h_snapshot",True,False
0x54d89de562c218084e6d4d391f3fb07a7f25ffff,CHWY,1786739935.0,1786739965.0,216808.00232232868,12,12,0.6720855089316468,0.1639572455341766,1786739968.0,2.9531035362699197e-07,-0.33805297472173224,0.14558176205657447,-0.33805297472173224,-0.33894276568615234,carry_forward,2596.0,,-0.33894276568615234,-0.33894276568615234,0.25562932413494277,False,,"early_adverse_move,negative_1h_snapshot,no_executable_1h_exit,pump_then_reversal,stale_1h_snapshot",True,False
0x158b4906845dc50d34a41d2710528fc9597dffff,Son,1786887261.0,1786887291.0,216025.31774962303,15,17,0.22035549329891246,0.3898222533505437,1786887294.0,2.942442727837191e-07,-0.31318938710382693,1.6876695268594393,-0.31318938710382693,-0.33265417860734603,carry_forward,1238.0,,-0.33304604027679674,-0.33322003696843217,0.3556053273263991,False,,"early_adverse_move,negative_1h_snapshot,no_executable_1h_exit,pump_then_reversal,stale_1h_snapshot",True,False
0x85b458a838df033d7b51eee13d517644e65fffff,Fourcat,1787408071.0,1787408101.0,213303.80544850245,5,5,0.5540703993452872,0.22296480032735638,1787408104.0,2.905373489089754e-07,-0.3279702025287001,-0.3279702025287001,-0.3279702025287001,-0.3279702025287001,carry_forward,3493.0,,-0.3279702025287001,-0.3279702025287001,0.9984131910720014,False,,"early_adverse_move,negative_1h_snapshot,no_executable_1h_exit,post_confirmation_sell_wave,stale_1h_snapshot",True,False
0x0c005513d73109d1af29aad89aedc3f22d47ffff,Fourmeme,1788572696.0,1788572726.0,210655.20818381658,6,6,0.2616241060939104,0.36918794695304485,1788572729.0,2.869297413185183e-07,-0.3125314078184165,-0.16242364326448222,-0.3125314078184165,-0.3125314078184165,carry_forward,3442.0,,-0.3125314078184165,-0.3125314078184165,0.9838180860313989,False,,"early_adverse_move,negative_1h_snapshot,no_executable_1h_exit,post_confirmation_sell_wave,stale_1h_snapshot",True,False
0xc4cc6ec15b5fd33c78a2d68df7e414f82b2dffff,熊猫币,1786885000.0,1786885030.0,210810.45717213978,14,14,0.3155180459617394,0.34224097701913037,1786885033.0,2.8714120322560144e-07,-0.27919072074915185,-0.06280114632947364,-0.28618280308161625,-0.3120633197417526,carry_forward,976.0,,-0.3120633197417526,-0.3120633197417526,0.9834156632092972,False,,"early_adverse_move,negative_1h_snapshot,no_executable_1h_exit,post_confirmation_sell_wave,stale_1h_snapshot",True,False
0xcf22438b97fca0254957a1da776f3ce0d964ffff,niannian,1787503980.0,1787504010.0,207893.32111339062,5,5,0.40921063684274755,0.29539468157862625,1787504013.0,2.831678236830579e-07,-0.3100869888043124,-0.098687265688851,-0.3100869888043124,-0.3100869888043124,carry_forward,3328.0,,-0.3100869888043124,-0.3100869888043124,0.9950798285369526,False,,"early_adverse_move,negative_1h_snapshot,no_executable_1h_exit,post_confirmation_sell_wave,stale_1h_snapshot",True,False
0xe1b0410575fecc3bf46f9517382eea5306a0ffff,1coin,1787204211.0,1787204241.0,208382.12966194705,11,12,0.4687514705492196,0.26562426472539025,1787204244.0,2.8383362118030846e-07,-0.3073550676272091,-0.048049289483163005,-0.3073550676272091,-0.3073550676272091,carry_forward,3230.0,,-0.3073550676272091,-0.3073550676272091,0.6951230052393714,False,,"early_adverse_move,negative_1h_snapshot,no_executable_1h_exit,post_confirmation_sell_wave,stale_1h_snapshot",True,False
0xd446a3a5e1c54c5e1d23d5ec33c232282176ffff,4全家,1788248297.0,1788248327.0,204887.4451566189,11,27,0.25708121372980847,0.37145939313509574,1788248330.0,2.7907357309154405e-07,-0.2997073062329738,-0.2997073062329738,-0.2997073062329738,-0.2997073062329738,carry_forward,3598.0,,-0.2997073062329738,-0.2997073062329738,0.9901483811494776,False,,"early_adverse_move,negative_1h_snapshot,no_executable_1h_exit,post_confirmation_sell_wave,stale_1h_snapshot",True,False
0xc5c8d4b3f8430119f4093a13f03c271d0b7fffff,CSR,1787615890.0,1787615920.0,205162.1630776207,5,5,0.66266442113749,0.16866778943125507,1787615923.0,2.7944776152338114e-07,-0.29968532035759665,0.049450000814410755,-0.29968532035759665,-0.29968532035759665,carry_forward,2906.0,,-0.29968532035759665,-0.29968532035759665,0.0,False,,"early_adverse_move,negative_1h_snapshot,no_executable_1h_exit,stale_1h_snapshot",True,False
0xf5f6cac0d2793c36c0a57ba93cfcfa22eb0dffff,4咪,1787739329.0,1787739359.0,204875.91613761935,8,9,0.2236801013275223,0.3881599493362388,1787739362.0,2.790578696182347e-07,-0.29951353003566417,-0.11848703727779741,-0.29951353003566417,-0.29951353003566417,carry_forward,3528.0,,-0.29951353003566417,-0.29951353003566417,0.9866167822628529,False,,"early_adverse_move,negative_1h_snapshot,no_executable_1h_exit,post_confirmation_sell_wave,stale_1h_snapshot",True,False
0x472b97894b48f51c53ac84157ab17ed3b626ffff,咪咪season,1787572883.0,1787572913.0,211387.5330657718,5,5,0.6498179590160484,0.17509102049197572,1787572916.0,2.8792722811579307e-07,-0.297003987413174,-0.1253639080103247,-0.297003987413174,-0.297003987413174,carry_forward,3561.0,,-0.297003987413174,-0.297003987413174,1.0,False,,"early_adverse_move,negative_1h_snapshot,no_executable_1h_exit,post_confirmation_sell_wave,stale_1h_snapshot",True,False
0xe40c7edef45f2aea6a9403d3f08cb4bcd833ffff,MEMEYORK,1788326263.0,1788326293.0,273049.30734640843,9,12,0.6315216659333553,0.18423916703332227,1788326296.0,3.719156426255614e-07,-0.19183058514971285,-0.19183058514971285,-0.28844615681584773,-0.29275663619185965,carry_forward,654.0,,-0.2924646232168878,-0.4745757303159729,1.0,False,,"early_adverse_move,negative_1h_snapshot,no_executable_1h_exit,post_confirmation_sell_wave,stale_1h_snapshot",True,False
0x00a5bffa85c0b2d28d453dc2883e2b5d39814444,MFY,1787049645.0,1787049675.0,201294.55873455605,8,11,0.3555867602515408,0.3222066198742296,1787049678.0,2.74179765905112e-07,,,,-0.2879887256408208,carry_forward,2425.0,,-0.2879887256408208,-0.2879887256408208,1.0,False,,"negative_1h_snapshot,no_executable_1h_exit,post_confirmation_sell_wave,stale_1h_snapshot",True,False
0xff41d7afbf944d3968a3d3eef56d456f1cfcffff,4fighter,1788248232.0,1788248262.0,201766.56066505844,20,31,0.24465175075113663,0.37767412462443173,1788248265.0,2.7482267140452274e-07,-0.2807303670459378,1.0669823143113546,-0.2807303670459378,-0.28766739903671157,carry_forward,2559.0,,-0.28766739903671157,-0.28766739903671157,0.3943770699561008,False,,"early_adverse_move,negative_1h_snapshot,no_executable_1h_exit,pump_then_reversal,stale_1h_snapshot",True,False
0x89309b85c11a21abd3c9ee5c93454b8701424444,小偷人生,1786884341.0,1786884371.0,201031.73830790294,8,8,0.5942044349286156,0.20289778253569218,1786884374.0,2.738217828403543e-07,-0.27575035240385803,-0.0914932283302029,-0.27575035240385803,-0.2866428124873984,carry_forward,933.0,,-0.2866428124873984,-0.2866428124873984,0.9906148893146619,False,,"early_adverse_move,negative_1h_snapshot,no_executable_1h_exit,post_confirmation_sell_wave,stale_1h_snapshot",True,False
0xc3ac14e7c687af886b230e71a6a46eb4e8a1ffff,4STONK,1788770931.0,1788770961.0,234391.95665604947,6,10,0.3847652323237634,0.3076173838381183,1788770964.0,3.1926114749451694e-07,-0.28455511218243934,-0.08286928224099532,-0.28455511218243934,-0.28455511218243934,carry_forward,3427.0,,-0.28455511218243934,-0.28455511218243934,1.0,False,,"early_adverse_move,negative_1h_snapshot,no_executable_1h_exit,post_confirmation_sell_wave,stale_1h_snapshot",True,False
0x8711ec3b09458343f2c375fca682b49d0e32ffff,共建,1786872567.0,1786872597.0,202541.88474450307,7,7,0.4512878722882916,0.27435606385585415,1786872600.0,2.758787266498264e-07,-0.28254661001553427,-0.09188299332038252,-0.28254661001553427,-0.28254661001553427,carry_forward,3404.0,,-0.26219438114696547,-0.26219438114696547,0.9209318315056824,False,,"early_adverse_move,negative_1h_snapshot,no_executable_1h_exit,post_confirmation_sell_wave,stale_1h_snapshot",True,False
0x5dd36756f8b479464053a5f6b45afbff7e4bffff,黑神话钟馗,1787194025.0,1787194055.0,210915.5431815763,10,13,0.8587903532864591,0.07060482335677035,1787194058.0,2.872843390244444e-07,-0.28247902317410845,-0.04610583484983066,-0.28247902317410845,-0.28247902317410845,carry_forward,2842.0,,-0.3017978735879142,-0.3017978735879142,0.06554700863520722,False,,"early_adverse_move,negative_1h_snapshot,no_executable_1h_exit,stale_1h_snapshot",True,False
0x0a4c4da17b982d13d970a2d3c9b056764dbb4444,一,1786886874.0,1786886904.0,199429.899818735,6,6,1.0,0.0,1786886907.0,2.7163994690430686e-07,0.0021104604529713633,0.37348473773059077,-0.2746870708910776,-0.28130701555107607,carry_forward,220.0,,-0.28130701555107607,-0.28130701555107607,0.24255736214734613,False,,"early_adverse_move,negative_1h_snapshot,no_executable_1h_exit,pump_then_reversal,stale_1h_snapshot",True,False
0xa1647009dbcbece6dc3cf22e89235e429d35ffff,BBW,1786968664.0,1786968694.0,202076.59187841936,7,7,0.4591998693552325,0.2704000653223837,1786968697.0,2.752449594486554e-07,-0.28088431696402894,-0.05605085628710338,-0.28088431696402894,-0.28088431696402894,carry_forward,3498.0,,-0.28088431696402894,-0.28088431696402894,0.7469982018002944,False,,"early_adverse_move,negative_1h_snapshot,no_executable_1h_exit,post_confirmation_sell_wave,stale_1h_snapshot",True,False
0x2d9ccd765c29a74a7971747f21e2e5f1306fffff,Fourlingo,1787058592.0,1787058622.0,238962.02594198467,7,7,0.6739367388800153,0.16303163055999237,1787058625.0,3.2548595821401673e-07,-0.27713865979488794,-0.18434787155895516,-0.37965360327944253,-0.27713865979488794,carry_forward,3552.0,,-0.27713865979488794,-0.3988281010464042,1.0,False,,"early_adverse_move,negative_1h_snapshot,no_executable_1h_exit,post_confirmation_sell_wave,stale_1h_snapshot",True,False
0x71b1142f350f4ca457c56d57a20c3ff9b80bffff,BINANCEMAN,1787406112.0,1787406142.0,197884.70747819287,7,7,0.4385855795100644,0.2807072102449678,1787406145.0,2.6953526768758307e-07,-0.27536095547302486,-0.10282931190860667,-0.27536095547302486,-0.27536095547302486,carry_forward,3532.0,,-0.27536095547302486,-0.27536095547302486,1.0,False,,"early_adverse_move,negative_1h_snapshot,no_executable_1h_exit,post_confirmation_sell_wave,stale_1h_snapshot",True,False
0x9e12f5c1303aba330bf54d1bfa747bb3a19effff,BBW,1786968593.0,1786968623.0,202801.2438243939,5,5,0.7102628591288374,0.14486857043558132,1786968626.0,2.762319950752467e-07,-0.271365987316338,-0.1091802275018986,-0.271365987316338,-0.271365987316338,carry_forward,3582.0,,-0.271365987316338,-0.271365987316338,1.0,False,,"early_adverse_move,negative_1h_snapshot,no_executable_1h_exit,post_confirmation_sell_wave,stale_1h_snapshot",True,False
0x6e1acbedbec7a7888ec44cd7702dfaa8d75affff,BBW,1786968692.0,1786968722.0,202929.67601911296,5,5,0.7052213327249877,0.1473893336375062,1786968725.0,2.7640693030103784e-07,-0.2702115291276561,-0.11612151249318214,-0.2702115291276561,-0.2702115291276561,carry_forward,3590.0,,-0.2702115291276561,-0.2702115291276561,1.0,False,,"early_adverse_move,negative_1h_snapshot,no_executable_1h_exit,post_confirmation_sell_wave,stale_1h_snapshot",True,False
0x357ff424c88b0ca5f908baf16bebef8078dbffff,BBW,1786968626.0,1786968656.0,202820.39999437705,5,5,0.7092295566417005,0.14538522167914975,1786968659.0,2.762580873563031e-07,-0.2701634452337839,-0.11205384581513345,-0.2701634452337839,-0.2701634452337839,carry_forward,3583.0,,-0.2701634452337839,-0.2701634452337839,1.0,False,,"early_adverse_move,negative_1h_snapshot,no_executable_1h_exit,post_confirmation_sell_wave,stale_1h_snapshot",True,False
0x82310d2e1ed0fd15f2e4e08782c102512b67ffff,BBW,1786968600.0,1786968630.0,202774.03385242066,5,5,0.7112774883690589,0.1443612558154706,1786968633.0,2.761949328526372e-07,-0.26978082521265434,-0.10873102764498654,-0.26978082521265434,-0.26978082521265434,carry_forward,3574.0,,-0.26978082521265434,-0.26978082521265434,1.0,False,,"early_adverse_move,negative_1h_snapshot,no_executable_1h_exit,post_confirmation_sell_wave,stale_1h_snapshot",True,False
0x0668aff1eb0fa1ad56b27d523175697f17e0ffff,Meme,1787212878.0,1787212908.0,239395.5093543112,12,13,0.4442664175342633,0.2778667912328684,1787212911.0,3.260763983196143e-07,-0.19256755194524156,4.175457963115558,-0.19256755194524156,-0.26908151981192063,carry_forward,5.0,,-0.33193672290030163,-0.33825738086487056,0.41567886897090245,False,,"negative_1h_snapshot,no_executable_1h_exit,pump_then_reversal",True,False
0x099f09c273606eed745767b81eeefa16f433ffff,牛叉,1788199598.0,1788199628.0,4708776.903518218,5,5,0.8527437552569985,0.07362812237150075,1788199631.0,6.41374191742814e-06,-0.2599556062242506,2.632519905649295,-0.28879555704771387,-0.2649214273381151,carry_forward,301.0,,-0.42434835597349196,-0.4373001877775119,0.11813849526166996,False,,"early_adverse_move,negative_1h_snapshot,no_executable_1h_exit,pump_then_reversal,stale_1h_snapshot",True,False
0x0463d9a4b982d42937b6ec7c699c57dbd78effff,爹来,1786884883.0,1786884913.0,204221.96534837206,8,9,0.6369816779408537,0.1815091610295732,1786884916.0,2.781671347894521e-07,-0.2638464418412598,-0.13386194027037945,-0.2638464418412598,-0.2638464418412598,carry_forward,3521.0,,-0.2638464418412598,-0.2638464418412598,0.9591037450462748,False,,"early_adverse_move,negative_1h_snapshot,no_executable_1h_exit,post_confirmation_sell_wave,stale_1h_snapshot",True,False
0xf4b18d5c3a42528e133a195f3945eeb8057effff,F,1787588775.0,1787588805.0,3703690.9383048653,5,10,0.23991842105354255,0.38004078947322867,1787588808.0,5.044732062471724e-06,-0.26078796873558996,-0.09010662889749577,-0.26078796873558996,-0.26078796873558996,carry_forward,2901.0,,-0.26078796873558996,-0.28564525099733373,0.7651334651138875,False,,"early_adverse_move,negative_1h_snapshot,no_executable_1h_exit,post_confirmation_sell_wave,stale_1h_snapshot",True,False
0xee1118afa121ce0fb48eb8b4090f277d2c704444,BSC,1786885975.0,1786886005.0,193468.86898153953,8,8,0.33828277716557176,0.33085861141721407,1786886008.0,2.635205320042218e-07,-0.25843775674913394,-0.06901324934563036,-0.25843775674913394,-0.25843775674913394,carry_forward,3501.0,,-0.25843775674913394,-0.25843775674913394,1.0,False,,"early_adverse_move,negative_1h_snapshot,no_executable_1h_exit,post_confirmation_sell_wave,stale_1h_snapshot",True,False
0xd3d0fd84dbaf1764a3b43b071b0ef3f5f89c4444,4咪咪,1786980532.0,1786980562.0,207107.66099173226,6,6,0.5092883238564497,0.24535583807177513,1786980565.0,2.8209768989707057e-07,-0.25542487213349085,-0.03315910405138889,-0.29133413455695434,-0.25542487213349085,carry_forward,3581.0,,-0.25542487213349085,-0.25542487213349085,0.8963216145671287,False,,"early_adverse_move,negative_1h_snapshot,no_executable_1h_exit,post_confirmation_sell_wave,stale_1h_snapshot",True,False
0xd1d92a15a281596815b445ed370acefab8b94444,有些事干多了会上瘾,1786871006.0,1786871036.0,192270.44398561027,19,24,0.42440886656761784,0.28779556671619105,1786871039.0,2.618881784676714e-07,-0.24983400168308723,-0.008930486516742775,-0.24983400168308723,-0.25358003649122096,carry_forward,1876.0,,-0.25358003649122096,-0.25358003649122096,0.4808069644133214,False,,"early_adverse_move,negative_1h_snapshot,no_executable_1h_exit,stale_1h_snapshot",True,False
0x29777eb44a132d8b7d434e5f954650d339daffff,Fourcat,1787413956.0,1787413986.0,191276.71845990384,5,5,0.3298603936310659,0.33506980318446705,1787413989.0,2.6053464246687256e-07,-0.2506524561692104,-0.14776785647438895,-0.2506524561692104,-0.2506524561692104,carry_forward,3234.0,,-0.2506524561692104,-0.2506524561692104,1.0,False,,"early_adverse_move,negative_1h_snapshot,no_executable_1h_exit,post_confirmation_sell_wave,stale_1h_snapshot",True,False
0xb735b0362ca4de5e67835e986a116740fc6cffff,牛二,1786885334.0,1786885364.0,222583.23983608102,12,12,0.6634579506768614,0.1682710246615693,1786885367.0,3.031767027201888e-07,0.2414676429532283,0.2414676429532283,-0.2336616584942227,-0.2505423903409194,carry_forward,497.0,,-0.2824390414588557,-0.35584898008036436,0.8871168509298609,False,,"early_adverse_move,negative_1h_snapshot,no_executable_1h_exit,post_confirmation_sell_wave,pump_then_reversal,stale_1h_snapshot",True,False
0xf629d61c2e447ec47b12c041a1e9c06526d2ffff,四狗一,1787730564.0,1787730594.0,191138.61414168027,6,6,0.3519536662347513,0.32402316688262434,1787730597.0,2.603465330123545e-07,-0.24816266423694866,0.14845111211621442,-0.24816266423694866,-0.24816266423694866,carry_forward,3434.0,,-0.24816266423694866,-0.24816266423694866,0.6336817904080279,False,,"early_adverse_move,negative_1h_snapshot,no_executable_1h_exit,post_confirmation_sell_wave,pump_then_reversal,stale_1h_snapshot",True,False
0x9a710b27d55441240b6ecff1d3979a6873ffffff,汽茫,1787465851.0,1787465881.0,190554.13852829044,8,8,0.2208888312934665,0.38955558435326676,1787465884.0,2.595504290944746e-07,-0.24649436470211528,-0.06829178113867673,-0.24649436470211528,-0.24649436470211528,carry_forward,3556.0,,-0.24649436470211528,-0.24649436470211528,1.0,False,,"early_adverse_move,negative_1h_snapshot,no_executable_1h_exit,post_confirmation_sell_wave,stale_1h_snapshot",True,False
0xe8bd8962ceb05ac7c86952528d5ad2c175feffff,FOURGY,1787857703.0,1787857733.0,198272.98772949897,6,6,0.43855645860724324,0.2807217706963783,1787857736.0,2.700641373653227e-07,-0.24204316183918761,-0.0640749273553447,-0.24204316183918761,-0.24204316183918761,carry_forward,3169.0,,-0.24204316183918761,-0.24204316183918761,0.6556232876925993,False,,"early_adverse_move,negative_1h_snapshot,no_executable_1h_exit,post_confirmation_sell_wave,stale_1h_snapshot",True,False
0x50b968cae1c6f834a66ff8e76f989fe8a8c3ffff,FOURTARDIO,1786701419.0,1786701449.0,209965.93846425798,8,8,0.6038785546151577,0.1980607226924212,1786701452.0,2.8599089919808486e-07,-0.24161209175751297,-0.10982577078879407,-0.24161209175751297,-0.24161209175751297,carry_forward,2682.0,,-0.30006606523140944,-0.30006606523140944,1.0,False,,"early_adverse_move,negative_1h_snapshot,no_executable_1h_exit,post_confirmation_sell_wave,stale_1h_snapshot",True,False
0x25da108dfb942c1224d0fa1ca6d01ececd94ffff,LUCKY,1787640633.0,1787640663.0,188513.83994902173,9,10,0.23939476286645522,0.38030261856677233,1787640666.0,2.567713744078643e-07,-0.23976702007066297,-0.09940295308001412,-0.23976702007066297,-0.23976702007066297,carry_forward,2771.0,,-0.23976702007066297,-0.23976702007066297,1.0,False,,"early_adverse_move,negative_1h_snapshot,no_executable_1h_exit,post_confirmation_sell_wave,stale_1h_snapshot",True,False
0x3c915e0fb18d6e2d2ced4d3e22bc320bf050ffff,FBull,1786845483.0,1786845513.0,188278.91620909295,5,5,1.0,0.0,1786845516.0,2.5645138892775916e-07,-0.190017423646908,-0.021946729194413983,-0.22781786279732685,-0.23772198551642543,carry_forward,2567.0,,-0.23772198551642543,-0.23772198551642543,0.9332646931056034,False,,"early_adverse_move,negative_1h_snapshot,no_executable_1h_exit,post_confirmation_sell_wave,stale_1h_snapshot",True,False
0xa2fe4f15978902c2478f212c4da785ec0d4bffff,安友,1786887405.0,1786887435.0,188143.27649108585,7,7,0.22646010173979922,0.38676994913010043,1786887438.0,2.562666364616994e-07,-0.23409646125503802,-0.1319941889400743,-0.23409646125503802,-0.23409646125503802,carry_forward,3588.0,,-0.23409646125503802,-0.23409646125503802,1.0,False,,"early_adverse_move,negative_1h_snapshot,no_executable_1h_exit,post_confirmation_sell_wave,stale_1h_snapshot",True,False
0x73a431d6f5ac3778f5f24b6d4813b6b96a8affff,⭕,1786973737.0,1786973767.0,222553.39885357136,7,9,0.2498825269096105,0.3750587365451948,1786973770.0,3.0313605684456103e-07,-0.1717826114151425,-0.09884664780585428,-0.21242330753609617,-0.23173225124215613,carry_forward,2174.0,,-0.23173225124215613,-0.29679479674918463,0.836294631605654,False,,"early_adverse_move,negative_1h_snapshot,no_executable_1h_exit,post_confirmation_sell_wave,stale_1h_snapshot",True,False
0x63630b0d1a6e86ec7b37e691b11c1491a8c14444,DJ Tbag,1788523575.0,1788523605.0,346483.19343188155,5,5,0.2943369359833095,0.3528315320083452,1788523608.0,4.719386428645703e-07,-0.23074040017840358,-0.23074040017840358,-0.23074040017840358,-0.23074040017840358,carry_forward,3030.0,,-0.23074040017840358,-0.23074040017840358,0.0,False,,"delayed_next_observation,early_adverse_move,negative_1h_snapshot,no_executable_1h_exit,stale_1h_snapshot",True,False
0xd77c6a1b78b3b88af87a58c683dcf83c36b9ffff,FFFF,1786952970.0,1786953000.0,186185.62495135496,6,6,0.32112389668824504,0.3394380516558775,1786953003.0,2.5360015384904716e-07,-0.22950798912100778,-0.14722794480617074,-0.22950798912100778,-0.22950798912100778,carry_forward,3520.0,,-0.22950798912100778,-0.22950798912100778,1.0,False,,"early_adverse_move,negative_1h_snapshot,no_executable_1h_exit,post_confirmation_sell_wave,stale_1h_snapshot",True,False
0xd02bd3543b9e67f403e1fead2a67b47d49854444,币分,1786885960.0,1786885990.0,190321.50085905314,6,6,0.2900886537222542,0.35495567313887294,1786885993.0,2.592335574309126e-07,-0.22285328454110176,-0.22285328454110176,-0.22285328454110176,-0.22285328454110176,carry_forward,3595.0,,-0.22285328454110176,-0.22285328454110176,1.0,False,,"early_adverse_move,negative_1h_snapshot,no_executable_1h_exit,post_confirmation_sell_wave,stale_1h_snapshot",True,False
0x2917689c3457aec3848766ff9746b3ab7c124444,trustmebro,1786708997.0,1786709027.0,186708.31678364833,6,6,0.3979082206130654,0.30104588969346735,1786709030.0,2.5431210316908663e-07,-0.22000192064862234,-0.18619206145146439,-0.22102543222991866,-0.22000192064862234,carry_forward,3274.0,,-0.22000192064862234,-0.22000192064862234,0.8468473515164238,False,,"early_adverse_move,negative_1h_snapshot,no_executable_1h_exit,post_confirmation_sell_wave,stale_1h_snapshot",True,False
0x490c1030032c7476a95fdee906f87fe85dbdffff,fone,1787808270.0,1787808300.0,198746.0110077744,5,5,1.0,0.0,1787808303.0,2.7070843402450986e-07,-0.2199571858130588,-0.05486807068844968,-0.27650745617702654,-0.2199571858130588,carry_forward,3545.0,,-0.2199571858130588,-0.2199571858130588,0.7916897323269695,False,,"early_adverse_move,negative_1h_snapshot,no_executable_1h_exit,post_confirmation_sell_wave,stale_1h_snapshot",True,False
0xb563bef8ef7c6cad4070c2b0b08168c24d684444,Z builder,1786693792.0,1786693822.0,187952.32805460322,10,10,0.23285579647701768,0.38357210176149115,1786693825.0,2.560065489663201e-07,-0.20011881839849033,0.031234035656767523,-0.20011881839849033,-0.2194476228478177,carry_forward,1470.0,,-0.2194476228478177,-0.2194476228478177,0.6141163960497109,False,,"early_adverse_move,negative_1h_snapshot,no_executable_1h_exit,post_confirmation_sell_wave,stale_1h_snapshot",True,False
0x275d2f5364274e7e28b6f373624ac493415fffff,PANDA,1786884940.0,1786884970.0,191916.2873119014,4,6,0.6054493873755838,0.19727530631220805,1786884973.0,2.614057879127469e-07,-0.21615593331511562,-0.09713092443440952,-0.21615593331511562,-0.21615593331511562,carry_forward,3488.0,,-0.21615593331511562,-0.21615593331511562,0.6951043177923741,False,,"early_adverse_move,negative_1h_snapshot,no_executable_1h_exit,post_confirmation_sell_wave,stale_1h_snapshot",True,False
0xa0570709db1ba76393473a89eeba0d7f0d39ffff,牛来,1786725112.0,1786725142.0,183132.62289491209,6,11,0.5791587479334989,0.21042062603325062,1786725145.0,2.494417136288763e-07,-0.08430853340833533,0.0412428309885835,-0.08430853340833533,-0.21430747061766664,carry_forward,1117.0,,-0.21430747061766664,0.6263548779726769,0.3363610153781072,False,,"negative_1h_snapshot,no_executable_1h_exit,stale_1h_snapshot",True,False
0x95d2ed0fe3ae62e54516b7ef8c9c6bbdbb4affff,ASTRO,1787542703.0,1787542733.0,206953.8290555545,10,65,0.6552782121401943,0.1723608939299028,1787542736.0,2.818881581317059e-07,-0.21021442693264025,-0.07029535186234526,-0.2760366087109032,-0.21021442693264025,carry_forward,3545.0,,-0.21021442693264025,-0.21021442693264025,1.0,False,,"early_adverse_move,negative_1h_snapshot,no_executable_1h_exit,post_confirmation_sell_wave,stale_1h_snapshot",True,False
0xc71ad3e284591d1ada0d30694ee7601f3fe7ffff,HODL,1786692910.0,1786692940.0,189231.45232135092,10,10,0.24126712226826186,0.37936643886586907,1786692943.0,2.577488215554312e-07,-0.21888850593800213,-0.06993649361550147,-0.21888850593800213,-0.2101258344450394,carry_forward,2351.0,,0.14289697769978482,-0.046183322093148904,1.0,False,,"early_adverse_move,long_horizon_decay,negative_1h_snapshot,no_executable_1h_exit,post_confirmation_sell_wave,stale_1h_snapshot",True,False
0xb9b7776e2b4608b583b0ccd137a711d1c34e4444,RWA,1787102930.0,1787102960.0,182435.67341116583,6,6,0.3968728194004202,0.3015635902997899,1787102963.0,2.4849241103717917e-07,-0.20887791291483926,-0.12046569206904634,-0.20887791291483926,-0.20975747122017263,carry_forward,2659.0,,-0.2121507227056323,-0.2121507227056323,0.7793137892606118,False,,"early_adverse_move,negative_1h_snapshot,no_executable_1h_exit,post_confirmation_sell_wave,stale_1h_snapshot",True,False
0x5e13708155a392e04f85d584f26cb2fffd114444,PURR,1787808113.0,1787808143.0,207245.51651223705,9,10,0.6644467010852663,0.16777664945736684,1787808146.0,2.822854604686068e-07,-0.20863412412718263,0.034931708722179655,-0.3041279556099705,-0.20863412412718263,carry_forward,3082.0,,-0.20863412412718263,-0.20863412412718263,0.4400653271780035,False,,"early_adverse_move,negative_1h_snapshot,no_executable_1h_exit,stale_1h_snapshot",True,False
0xe618998d1c9e3d8e3877474f987188b31bc4ffff,MTCF,1787143932.0,1787143962.0,189024.57330179232,6,6,1.0,0.0,1787143965.0,2.57467035293995e-07,-0.20350402491512976,-0.1312840563754415,-0.20350402491512976,-0.2081372163565206,carry_forward,1772.0,,-0.2081372163565206,-0.2081372163565206,0.0,False,,"delayed_next_observation,early_adverse_move,negative_1h_snapshot,no_executable_1h_exit,stale_1h_snapshot",True,False
0x9fbbe6b9e8d9eddefee203447b065f9cbff5ffff,ESA,1789145317.0,1789145347.0,186832.32397123598,8,8,1.0,0.0,1789145350.0,2.544810111707588e-07,-0.20241034649902323,-0.049935506754837156,-0.20241034649902323,-0.20241034649902323,carry_forward,3347.0,,-0.21787733736624582,-0.23254977164829682,0.6484111348159811,False,,"early_adverse_move,negative_1h_snapshot,no_executable_1h_exit,post_confirmation_sell_wave,stale_1h_snapshot",True,False
0x90bef4fdc43cf36b109639d97c03e7842bf3ffff,utility,1786869973.0,1786870003.0,179356.5412772171,5,5,0.47953426872584437,0.2602328656370778,1786870006.0,2.442983794995942e-07,-0.19920945182833671,-0.10448641328994734,-0.19920945182833671,-0.19920945182833671,carry_forward,3458.0,,-0.19920945182833671,-0.19920945182833671,1.0,False,,"negative_1h_snapshot,no_executable_1h_exit,post_confirmation_sell_wave,stale_1h_snapshot",True,False
0xf7785e78a774b04856038b990bb33779fdb64444,ZODL,1786870991.0,1786871021.0,201748.4961772791,8,8,0.37522297051723114,0.31238851474138446,1786871024.0,2.747980660845296e-07,-0.1989590461363947,-0.11199210918057712,-0.2734887905764556,-0.1989590461363947,carry_forward,3576.0,,-0.1989590461363947,-0.1989590461363947,1.0,False,,"early_adverse_move,negative_1h_snapshot,no_executable_1h_exit,post_confirmation_sell_wave,stale_1h_snapshot",True,False
0xc3a8ec72d28207b8a0ed2023fac8536dbfbcffff,四子,1787216134.0,1787216164.0,208592.40085225127,5,5,0.7783194512714354,0.1108402743642823,1787216167.0,2.8412002785765053e-07,-0.1882980052037584,-0.09703096663790534,-0.2869362693818175,-0.1882980052037584,carry_forward,3594.0,,-0.1882980052037584,-0.1882980052037584,1.0,False,,"early_adverse_move,negative_1h_snapshot,no_executable_1h_exit,post_confirmation_sell_wave,stale_1h_snapshot",True,False
0x985df4dea0b0e8125cd27c06c311947698c2ffff,fuseP,1788837461.0,1788837491.0,3461381.553767169,8,9,1.0,0.0,1788837494.0,4.71468672619035e-06,-0.18047179823623716,0.5932505046985441,-0.18047179823623716,-0.18047179823623716,carry_forward,2787.0,,-0.22197278053965386,-0.22197278053965386,0.4676172715793938,False,,"negative_1h_snapshot,no_executable_1h_exit,pump_then_reversal,stale_1h_snapshot",True,False
0x0465aaf77538ec0107309d695c54a5343b2f4444,utility,1787023342.0,1787023372.0,195237.23573163824,5,5,0.3678370987448727,0.31608145062756365,1787023375.0,2.6592919314550886e-07,-0.17150976097571546,-0.17150976097571546,-0.25535957736091097,-0.17150976097571546,carry_forward,3588.0,,-0.17150976097571546,-0.17150976097571546,1.0,False,,"early_adverse_move,negative_1h_snapshot,no_executable_1h_exit,post_confirmation_sell_wave,stale_1h_snapshot",True,False
0x916394b3d5f9b5db691c3fdd14c9a31702be4444,btS,1786968535.0,1786968565.0,210438.70438603288,9,9,0.4443912926685111,0.2778043536657444,1786968568.0,2.8663484531652464e-07,-0.16630591065166733,-0.08890756161299573,-0.16630591065166733,-0.16630591065166733,carry_forward,3097.0,,-0.16522475095780553,-0.16630591065166733,0.9996426098545091,False,,"negative_1h_snapshot,no_executable_1h_exit,post_confirmation_sell_wave,stale_1h_snapshot",True,False
0x5babc48c135fd1d44f98964e6e454008f107ffff,豹拉,1786886740.0,1786886770.0,183145.32294075555,3,5,1.0,0.0,1786886773.0,2.4945901213718284e-07,-0.16540115427183943,-0.08399404238348718,-0.16540115427183943,-0.16540115427183943,carry_forward,3329.0,,-0.16540115427183943,-0.16540115427183943,0.0,False,,"delayed_next_observation,negative_1h_snapshot,no_executable_1h_exit,stale_1h_snapshot",True,False
0x38fe383a15b038ed430e316cc9bc92acacf7ffff,AOL,1788446586.0,1788446616.0,4425188.816087203,6,6,0.9275481420095156,0.03622592899524215,1788446619.0,6.0274715884430086e-06,-0.16325645533442024,-0.08483874617981979,-0.39527603643495657,-0.16325645533442024,carry_forward,3572.0,,-0.16325645533442024,-0.16325645533442024,1.0,False,,"early_adverse_move,negative_1h_snapshot,no_executable_1h_exit,post_confirmation_sell_wave,stale_1h_snapshot",True,False
0xc5068929ce583690e4b0f6f9fea306c36253ffff,FOURBRIDGE,1787117744.0,1787117774.0,192364.95628027912,6,6,0.22854834028221557,0.3857258298588922,1787117777.0,2.6201691199623947e-07,-0.16251671042051374,-0.05189643805526245,-0.22029458108004785,-0.16251671042051374,carry_forward,3439.0,,-0.16251671042051374,-0.16251671042051374,0.0,False,,"early_adverse_move,negative_1h_snapshot,no_executable_1h_exit,stale_1h_snapshot",True,False
0xfdecd3496f125c08348a0b6c9003db35c917ffff,四姆,1787315078.0,1787315108.0,188140.6371039165,5,5,0.5046574061130757,0.24767129694346213,1787315111.0,2.562630413990172e-07,-0.16222568144854999,0.03356248226333025,-0.22794888793734758,-0.16222568144854999,carry_forward,2965.0,,-0.16222568144854999,-0.16222568144854999,1.0,False,,"early_adverse_move,negative_1h_snapshot,no_executable_1h_exit,post_confirmation_sell_wave,stale_1h_snapshot",True,False
0x8e159e8cf30ed84960268a7dbcc859c6513fffff,SME,1787476903.0,1787476933.0,202106.8597313181,8,8,0.5210642135435363,0.2394678932282319,1787476936.0,2.752861867569066e-07,-0.15296875536588395,-0.15296875536588395,-0.2708211201823416,-0.15296875536588395,carry_forward,3591.0,,-0.15296875536588395,-0.15296875536588395,1.0,False,,"early_adverse_move,negative_1h_snapshot,no_executable_1h_exit,post_confirmation_sell_wave,stale_1h_snapshot",True,False
0x94463e3cae316f918545cadb67e72f027f49ffff,cats,1787807801.0,1787807831.0,174430.76477757,7,7,0.2143486656336407,0.3928256671831796,1787807834.0,2.3758906626199653e-07,-0.14738021750850094,-0.05824111822947009,-0.14738021750850094,-0.14738021750850094,carry_forward,3557.0,,-0.14738021750850094,-0.14738021750850094,1.0,False,,"negative_1h_snapshot,no_executable_1h_exit,post_confirmation_sell_wave,stale_1h_snapshot",True,False
0x61939617241131183c48b0ac4d1473d4b368ffff,1,1787204220.0,1787204250.0,184456.14876859167,7,20,0.5261565408965811,0.23692172955170937,1787204253.0,2.512444648631675e-07,-0.14459048727554347,-0.14459048727554347,-0.2230681508226704,-0.14459048727554347,carry_forward,3571.0,,-0.14459048727554347,-0.14459048727554347,1.0,False,,"early_adverse_move,negative_1h_snapshot,no_executable_1h_exit,post_confirmation_sell_wave,stale_1h_snapshot",True,False
0x4ce83faffad681e59cdc337176c6f5e7a882ffff,牛生,1786886243.0,1786886273.0,167583.89806373147,5,5,0.6537186185873121,0.17314069070634402,1786886276.0,2.2826306994801131e-07,-0.14377756269369057,-0.09971217688932577,-0.14377756269369057,-0.14377756269369057,carry_forward,3447.0,,-0.14377756269369057,-0.14474198360450563,0.0,False,,"delayed_next_observation,negative_1h_snapshot,no_executable_1h_exit,stale_1h_snapshot",True,False
0xbdd6477fa30251b5f4b2e02a8cb7cbf6dd184444,4巴达,1788794792.0,1788794822.0,190889.8557352775,5,5,0.313228930814207,0.3433855345928965,1788794825.0,2.6000770357720625e-07,-0.1430413880978605,-0.1430413880978605,-0.2379833233002967,-0.1430413880978605,carry_forward,3586.0,,-0.1430413880978605,-0.1430413880978605,1.0,False,,"early_adverse_move,negative_1h_snapshot,no_executable_1h_exit,post_confirmation_sell_wave,stale_1h_snapshot",True,False
0xc2ed6614a637c184b6d761de62b29ca4e7b84444,MEME4YOU,1787049610.0,1787049640.0,167520.11846148226,5,5,0.2744174099283171,0.36279129503584145,1787049643.0,2.2817619687740203e-07,-0.13619474227008832,-0.07552406079987817,-0.13619474227008832,-0.14302140013634645,carry_forward,1854.0,,-0.14302140013634645,-0.14302140013634645,0.8767824081369942,False,,"negative_1h_snapshot,no_executable_1h_exit,post_confirmation_sell_wave,stale_1h_snapshot",True,False
0x63eb4cf2b03e0a248e6f77622e605cdec49dffff,GME,1787567222.0,1787567252.0,214502.62941927783,5,5,0.4795618685289104,0.26021906573554476,1787567255.0,2.9217024588212244e-07,-0.1393891796289599,-0.1393891796289599,-0.3017183924879825,-0.1393891796289599,carry_forward,3498.0,,-0.1393891796289599,-0.1393891796289599,0.0,False,,"delayed_next_observation,early_adverse_move,negative_1h_snapshot,no_executable_1h_exit,stale_1h_snapshot",True,False
0x055b44bfb260adb0f676c78e005e38510dafffff,𝑓𝑓𝑓𝑓,1786952757.0,1786952787.0,209675.93126700746,5,5,0.4983488425524834,0.25082557872375827,1786952790.0,2.855958855129023e-07,-0.1392699078753984,-0.1392699078753984,-0.29313840285088055,-0.1392699078753984,carry_forward,3595.0,,-0.1392699078753984,-0.1392699078753984,1.0,False,,"early_adverse_move,negative_1h_snapshot,no_executable_1h_exit,post_confirmation_sell_wave,stale_1h_snapshot",True,False
0x933199924bd7f63950d27fcd0f4d8bef5e1cffff,TRENCH,1787317788.0,1787317818.0,201946.92280251073,7,7,0.5850773503811812,0.2074613248094094,1787317821.0,2.7506833948882515e-07,-0.1363050084610754,-0.09965443821083775,-0.270510681213302,-0.1363050084610754,carry_forward,3586.0,,-0.1363050084610754,-0.1363050084610754,1.0,False,,"early_adverse_move,negative_1h_snapshot,no_executable_1h_exit,post_confirmation_sell_wave,stale_1h_snapshot",True,False
0x912136eb680f22c4bc5821e3119edef8540c4444,4,1787506649.0,1787506679.0,174192.70391307469,6,6,0.21268767213265619,0.3936561639336719,1787506682.0,2.372648077598849e-07,-0.1361842147432366,0.39041038091685265,-0.17584974533094122,-0.1361842147432366,carry_forward,2807.0,,-0.1361842147432366,-0.1361842147432366,0.5005039576386642,False,,"negative_1h_snapshot,no_executable_1h_exit,pump_then_reversal,stale_1h_snapshot",True,False
0xcc73ce6c617043b772187c83fd4b517dbde6ffff,IbStockyou¹⁰⁰⁰,1787040361.0,1787040391.0,179310.93690821793,5,5,0.2176606632930077,0.3911696683534961,1787040394.0,2.4423626259342923e-07,-0.13243818395713425,-0.13243818395713425,-0.13243818395713425,-0.13243818395713425,carry_forward,3596.0,,-0.13243818395713425,-0.13243818395713425,1.0,False,,"negative_1h_snapshot,no_executable_1h_exit,post_confirmation_sell_wave,stale_1h_snapshot",True,False
0x327016bd5aafef638ecf892aff0d1b3e008fffff,咪咪season,1787572830.0,1787572860.0,177344.22575316043,6,6,0.24257227820189609,0.37871386089905196,1787572863.0,2.4155744003862923e-07,-0.13065962758563798,-0.13065962758563798,-0.13065962758563798,-0.13065962758563798,carry_forward,3593.0,,-0.13065962758563798,-0.13065962758563798,1.0,False,,"negative_1h_snapshot,no_executable_1h_exit,post_confirmation_sell_wave,stale_1h_snapshot",True,False
0x104f5f69fd2b2b8a5daeddcce711ae54682cffff,CATZ,1787807733.0,1787807763.0,183723.16930868645,5,5,0.4879581895494176,0.25602090522529125,1787807766.0,2.5024608647681935e-07,-0.1306473983859876,-0.1306473983859876,-0.19240175139953208,-0.1306473983859876,carry_forward,3296.0,,-0.1306473983859876,-0.1306473983859876,1.0,False,,"negative_1h_snapshot,no_executable_1h_exit,post_confirmation_sell_wave,stale_1h_snapshot",True,False
0x07c2da64acf99db7417b4ee79b97380d040bffff,爸爸去哪儿,1786883141.0,1786883171.0,171557.17920945384,6,6,0.5842271563677817,0.2078864218161091,1786883174.0,2.3367500607414342e-07,-0.12946668861575317,-0.05824111822946987,-0.15332177641836775,-0.12946668861575317,carry_forward,3470.0,,-0.12946668861575317,-0.12946668861575317,0.6634758465433557,False,,"negative_1h_snapshot,no_executable_1h_exit,post_confirmation_sell_wave,stale_1h_snapshot",True,False
0xa8e284412576ba7449c307c92d4f3d58df5e4444,上海自来水来自海上,1787122523.0,1787122553.0,193301.06100341858,5,5,0.3373649816096054,0.3313175091951973,1787122556.0,2.632919637187825e-07,-0.1288155159515616,-0.1288155159515616,-0.24172524091973224,-0.1288155159515616,carry_forward,3583.0,,-0.1288155159515616,-0.1288155159515616,1.0,False,,"early_adverse_move,negative_1h_snapshot,no_executable_1h_exit,post_confirmation_sell_wave,stale_1h_snapshot",True,False
0x35964cba7036bfd62f11798c4d166da01117ffff,四来,1786882522.0,1786882552.0,175213.26988310236,4,5,0.3350100159816816,0.33249499200915916,1786882555.0,2.386549026562e-07,-0.1273133347627865,0.021444380545740938,-0.17689622535447236,-0.1273133347627865,carry_forward,2887.0,,-0.1273133347627865,-0.1273133347627865,0.43473773465849636,False,,"negative_1h_snapshot,no_executable_1h_exit,stale_1h_snapshot",True,False
0xae3da9d9242e752a977353310ec6d38a26064444,tea,1788187656.0,1788187686.0,3060833.3448726544,5,5,1.0,0.0,1788187689.0,4.169107079930608e-06,-0.12505071554921077,-0.05824111822946987,-0.12505071554921077,-0.12505071554921077,carry_forward,3221.0,,-0.12505071554921077,-0.12505071554921077,0.997657090013408,False,,"negative_1h_snapshot,no_executable_1h_exit,post_confirmation_sell_wave,stale_1h_snapshot",True,False
0xb06a6175f437747f4626743feb20d1fa4743ffff,FOURCAT,1787572817.0,1787572847.0,207038.15253859755,11,11,0.28580367620023683,0.3570981618998816,1787572850.0,2.8200301365977576e-07,-0.12099711852468187,-0.12099711852468187,-0.2995762460883884,-0.12099711852468187,carry_forward,3552.0,,-0.12099711852468187,-0.12099711852468187,1.0,False,,"early_adverse_move,negative_1h_snapshot,no_executable_1h_exit,post_confirmation_sell_wave,stale_1h_snapshot",True,False
0x864a5ded3e22f1e8aba1ac169b1a9ac29391ffff,WSB,1786886098.0,1786886128.0,169603.81930901008,5,5,0.2171886471387545,0.39140567643062274,1786886131.0,2.3101436902762317e-07,-0.10820041542227632,-0.10820041542227632,-0.10820041542227632,-0.10820041542227632,carry_forward,3554.0,,-0.10820041542227632,-0.10820041542227632,1.0,False,,"negative_1h_snapshot,no_executable_1h_exit,post_confirmation_sell_wave,stale_1h_snapshot",True,False
0x5eccd80e46b6b5ca642bf1ca08b674e62dfeffff,FOURBRIDGE,1787117752.0,1787117782.0,238868.80373972878,5,5,0.4871512341351535,0.25642438293242326,1787117785.0,3.2535898189755614e-07,-0.106746412027664,-0.106746412027664,-0.106746412027664,-0.10559381677506163,carry_forward,1783.0,,-0.26647026081076575,-0.39885173002542373,0.0,False,,"delayed_next_observation,negative_1h_snapshot,no_executable_1h_exit,stale_1h_snapshot",True,False
0xb49dbfb5490ee83c4ce3216645bb0ea6dd03ffff,Frog,1787315787.0,1787315817.0,190115.75753091864,8,8,0.35778218375093285,0.3211089081245335,1787315820.0,2.58953318074722e-07,-0.10070422050150152,-0.10070422050150152,-0.22520875257507822,-0.10070422050150152,carry_forward,3585.0,,-0.10070422050150152,-0.24607396676655569,1.0,False,,"early_adverse_move,negative_1h_snapshot,no_executable_1h_exit,post_confirmation_sell_wave,stale_1h_snapshot",True,False
0xad87dc1e223b85fd4bd441393be65465b6bdffff,meme szn,1787212838.0,1787212868.0,195675.07212555798,7,7,0.37381107110763623,0.31309446444618194,1787212871.0,2.665255623705109e-07,-0.09885158068606181,-0.09885158068606181,-0.22297152216672989,-0.09885158068606181,carry_forward,3583.0,,-0.09885158068606181,-0.09885158068606181,1.0,False,,"early_adverse_move,negative_1h_snapshot,no_executable_1h_exit,post_confirmation_sell_wave,stale_1h_snapshot",True,False
0xedb37cd3d16c43295ecc7ee2790456126ebdffff,f4,1786953005.0,1786953035.0,185182.37721917985,7,7,0.25717703913171236,0.3714114804341438,1786953038.0,2.522336478188701e-07,-0.09571023334274242,-0.09571023334274242,-0.207524884440057,-0.09571023334274242,carry_forward,3580.0,,-0.09571023334274242,-0.09571023334274242,1.0,False,,"early_adverse_move,negative_1h_snapshot,no_executable_1h_exit,post_confirmation_sell_wave,stale_1h_snapshot",True,False
0xbaed1c21a36b27ec724af9f3a034c7ac1071ffff,4444,1786868313.0,1786868343.0,244467.35313611393,10,10,0.5888939222941741,0.20555303885291296,1786868346.0,3.3298466722436754e-07,,,,-0.08622302994209585,carry_forward,2416.0,,-0.4137445476153079,-0.4137445476153079,0.0,False,,"delayed_next_observation,negative_1h_snapshot,no_executable_1h_exit,stale_1h_snapshot",True,False
0x23d2242b9df4f369133dcaeb86518b0240fdffff,𝑓𝑓𝑓𝑓,1786952785.0,1786952815.0,192202.25301401562,8,8,0.33940038419485613,0.33029980790257196,1786952818.0,2.617952967487307e-07,-0.07524112171919006,0.03996897753642825,-0.2538787164069045,-0.07524112171919006,carry_forward,3587.0,,-0.07524112171919006,-0.07524112171919006,0.7230827843175496,False,,"early_adverse_move,negative_1h_snapshot,no_executable_1h_exit,post_confirmation_sell_wave,stale_1h_snapshot",True,False
0xcae2a4c20a43cfde3f821d40fcd3c7fb99a7ffff,Mickey,1787596880.0,1787596910.0,4413969.125369585,5,5,0.392851409089128,0.303574295455436,1787596913.0,6.012189445727263e-06,-0.0749879684850352,-0.0665289402178908,-0.0749879684850352,-0.0749879684850352,carry_forward,3126.0,,-0.25543726399872224,-0.40059631272165863,0.0,False,,"delayed_next_observation,negative_1h_snapshot,no_executable_1h_exit,stale_1h_snapshot",True,False
0x320ed8c591a0ec7ec965f394b0ec5bedfc654444,MEME4YOU,1787049673.0,1787049703.0,168834.595295916,5,9,0.4129155888416664,0.29354220557916677,1787049706.0,2.299666225750385e-07,-0.06970134669234762,-0.06970134669234762,-0.14387393093205647,-0.06970134669234762,carry_forward,3563.0,,-0.06970134669234762,-0.06970134669234762,0.9119779028981881,False,,"negative_1h_snapshot,no_executable_1h_exit,post_confirmation_sell_wave,stale_1h_snapshot",True,False
0x7ac7ccdc30bc61403edc2c35fa7ce09fc932ffff,大头鸭,1786884249.0,1786884279.0,158583.60238650118,6,6,0.23008813591956767,0.38495593204021616,1786884282.0,2.1600392604778343e-07,-0.05824111822946998,-0.05824111822946998,-0.05824111822946998,-0.05824111822946998,carry_forward,3586.0,,-0.05824111822946998,-0.05824111822946998,1.0,False,,"negative_1h_snapshot,no_executable_1h_exit,post_confirmation_sell_wave,stale_1h_snapshot",True,False
0x2d02d52d233376243af94c30d5606f4022644444,TSTOVDT4X,1787301883.0,1787301913.0,2818995.769137771,11,11,1.0,0.0,1787301916.0,3.839704386092827e-06,-0.057783497156504104,-0.0486179705898917,-0.057783497156504104,-0.057783497156504104,carry_forward,3342.0,,-0.057783497156504104,-0.057783497156504104,0.0,False,,"negative_1h_snapshot,no_executable_1h_exit,stale_1h_snapshot",True,False
0x77dcb3735cfecc920f28752c30645e2026d4ffff,trustmebro,1786709138.0,1786709168.0,176021.24871254762,6,7,0.47827920430230314,0.26086039784884846,1786709171.0,2.397554363601722e-07,0.5739942216371579,0.5964675064233027,-0.044484231874104,-0.056440443738607904,carry_forward,610.0,,-0.14891032927614622,-0.15097883107696453,0.0,False,,"delayed_next_observation,negative_1h_snapshot,no_executable_1h_exit,pump_then_reversal,stale_1h_snapshot",True,False
0xe6569e724f6835afeacbb709307a140f8ddf4444,FOURCAT,1787408534.0,1787408564.0,152176.49932980188,9,9,1.0,0.0,1787408567.0,2.0727692405001822e-07,-0.05618581926796329,-0.05618581926796329,-0.05618581926796329,-0.05618581926796329,carry_forward,3454.0,,-0.031255643158129565,-0.047095217924854604,0.0,False,,"delayed_next_observation,negative_1h_snapshot,no_executable_1h_exit,stale_1h_snapshot",True,False
0xd63abbe9227d6055bd3d9378373c1f3797f14444,牛来,1787046737.0,1787046767.0,2841038.264511751,32,32,0.3477217119574339,0.3261391440212831,1787046770.0,3.869728080024723e-06,-0.05935005764112822,-0.05906067476028931,-0.06160108652447127,-0.05552406719317082,carry_forward,1642.0,,-0.05552406719317082,-0.05552406719317082,0.0,False,,"negative_1h_snapshot,no_executable_1h_exit,stale_1h_snapshot",True,False
0x11602f36e7c8835b13922e7f7712a32937454444,BNB SEASON 🔶,1788744965.0,1788744995.0,24127651.093477186,187,187,1.0,0.0,1788744998.0,3.2863847737550135e-05,-0.05300002559070627,-0.052013731672391095,-0.05824109553926682,-0.04944372665570651,carry_forward,104.0,,-0.8896259147028293,-0.889638154908727,0.44692871968930337,False,,"negative_1h_snapshot,no_executable_1h_exit,stale_1h_snapshot",True,False
0x592d698b2ff5f68593724963e0025c2590dd4444,BINANCE VOICES,1787106134.0,1787106164.0,2829324.8581047026,30,30,1.0,0.0,1787106167.0,3.853773455881748e-06,-0.04950395717809142,-0.04819658620053657,-0.057901563291549496,-0.04460190721433632,carry_forward,537.0,,-0.0642337401607117,-0.0642337401607117,0.0,False,,"delayed_next_observation,negative_1h_snapshot,no_executable_1h_exit,stale_1h_snapshot",True,False
0x3cc9055ae902f3255d60c830ce0087343d34ffff,seedcoin,1786720237.0,1786720267.0,172299.46416948477,5,6,0.42864136289264715,0.28567931855367645,1786720270.0,2.3468605931798466e-07,-0.03782648088282625,0.013005506753315688,-0.03782648088282625,-0.03782648088282625,carry_forward,3394.0,,-0.13520523568597487,-0.13520523568597487,0.38419021293478156,False,,"negative_1h_snapshot,no_executable_1h_exit,stale_1h_snapshot",True,False
0x32aac5f2cdd41ceec03975ef7a7ebe1ceb68ffff,4Stock,1788835137.0,1788835167.0,330641.76815631875,10,10,1.0,0.0,1788835170.0,4.5036131707413643e-07,-0.03659258196249482,0.30981451548387273,-0.03659258196249482,-0.03659258196249482,carry_forward,2824.0,,-0.3319437265686991,-0.3319437265686991,0.0,False,,"delayed_next_observation,negative_1h_snapshot,no_executable_1h_exit,pump_then_reversal,stale_1h_snapshot",True,False
0x2a77b92714bfb56551713b6380a4297dee224444,我踏牛来,1787161972.0,1787162002.0,28135803.262875624,59,59,0.9928866953055037,0.003556652347248147,1787162005.0,3.8323281069610076e-05,-0.03424026889106613,-0.03424026889106613,-0.061638042870359455,-0.034581647217888034,carry_forward,501.0,,0.038825965684205155,-0.9005943500110773,0.0,False,,"long_horizon_decay,negative_1h_snapshot,no_executable_1h_exit,stale_1h_snapshot",True,False
0x4ab96a212f15519f91b2c0c5790e30c6f8fd4444,MFGA,1789318591.0,1789318621.0,24174176.4696723,32,32,0.9946698707087732,0.002665064645613371,1789318624.0,3.292721913136235e-05,-0.032498089750762627,-0.03310637290524532,-0.05956784355473943,-0.03274726729756916,carry_forward,2584.0,,-0.03274726729756916,-0.03274726729756916,0.10574261365685454,False,,"negative_1h_snapshot,no_executable_1h_exit,stale_1h_snapshot",True,False
0x0b9a5d3d6b758e4859513f3a63709b2000e94444,纳4达克,1789056110.0,1789056140.0,28706090.491294824,57,57,1.0,0.0,1789056143.0,3.9100059238725126e-05,-0.04259208074469245,-0.04238475262040742,-0.07493246515617624,-0.0320276293024091,carry_forward,15.0,,-0.029785219194724655,-0.9055215021467797,0.9440041831447342,False,,"negative_1h_snapshot,no_executable_1h_exit,post_confirmation_sell_wave",True,False
0x284ff50b8aa8d42ea671f2e7618ddc4dda314444,Grok Bot,1789133187.0,1789133217.0,28246361.456441734,132,132,1.0,0.0,1789133220.0,3.847387043388008e-05,-0.036316782819565296,-0.036316782819565296,-0.0582408373950456,-0.029643991428359717,carry_forward,227.0,,-0.02158037433014115,-0.9028581140399089,0.0,False,,"negative_1h_snapshot,no_executable_1h_exit,stale_1h_snapshot",True,False
0xc0e4049742fc2429194be562646c2c2a5148ffff,新生,1786765809.0,1786765839.0,202846.72335507654,8,8,1.0,0.0,1786765842.0,2.7629394194134403e-07,0.001577476022241342,0.1743986217823621,-0.1226553777493502,-0.029265554060568966,carry_forward,351.0,,-0.17664480202646415,-0.24777972733902587,0.3082718951478398,False,,"negative_1h_snapshot,no_executable_1h_exit,pump_then_reversal,stale_1h_snapshot",True,False
0xec9b266aa39910f6b824d72f674aa42884114444,IPHONE DUO,1789033638.0,1789033668.0,28604543.425297234,140,140,1.0,0.0,1789033671.0,3.896174377228331e-05,-0.03123282678119399,-0.03123282678119399,-0.05893862931881044,-0.028065760817371332,carry_forward,668.0,,0.08295484563066569,-0.9028729788998748,0.12433473069958775,False,,"long_horizon_decay,negative_1h_snapshot,no_executable_1h_exit,stale_1h_snapshot",True,False
0x5fec82173b07d5901501d2874145b81c2f424444,BNB CAT SZN,1788794938.0,1788794968.0,27853470.518864453,73,73,0.9997823074959885,0.00010884625200585525,1788794971.0,3.793872062174218e-05,-0.03609649652795366,-0.03609649652795366,-0.058240325318497654,-0.02413729034334755,carry_forward,229.0,,0.054379060523945366,-0.9021264403142811,0.0,False,,"long_horizon_decay,negative_1h_snapshot,no_executable_1h_exit,stale_1h_snapshot",True,False
0x04b879e4fa3cc31544d99e0eb674244684454444,牛来人生,1788536590.0,1788536620.0,24210575.282912854,81,81,1.0,0.0,1788536623.0,3.297679731249283e-05,-0.042983778301507014,-0.042983778301507014,-0.05824109627853835,-0.024091884012006237,carry_forward,345.0,,0.18276418367452107,-0.8895538144917454,0.0,False,,"long_horizon_decay,negative_1h_snapshot,no_executable_1h_exit,stale_1h_snapshot",True,False
0xcc67c41aabe440181a6860e4fe9587cc4ecc4444,牛来人生,1788744595.0,1788744625.0,26130537.600241363,254,254,0.9973992151097657,0.0013003924451170602,1788744628.0,3.559194410046905e-05,-0.02348606841188139,-0.006139816048565061,-0.05804021882566557,-0.023006985516437428,carry_forward,1187.0,,0.2935265914979539,-0.897878825050734,0.01308664359135511,False,,"long_horizon_decay,negative_1h_snapshot,no_executable_1h_exit,stale_1h_snapshot",True,False
0x71333868881b5eaf1938d8ff933686a76bc64444,IPHONE DUO,1789087314.0,1789087344.0,28631467.355432633,60,60,1.0,0.0,1789087347.0,3.899841638235372e-05,-0.03781352994031717,-0.03781352994031717,-0.05773428040478701,-0.018980579274002873,carry_forward,36.0,,0.04147140573910235,-0.9055409169193293,0.0,False,,"long_horizon_decay,negative_1h_snapshot,no_executable_1h_exit",True,False
0xf3f8d2747608fbc8f0cb89bb48c3f3cc38c54444,火星人生,1788636630.0,1788636660.0,26917783.665007163,90,90,1.0,0.0,1788636663.0,3.6664238071573563e-05,-0.0302531002027715,-0.0302531002027715,-0.05819596495645851,-0.01615754686438009,carry_forward,133.0,,-0.89847091571623,-0.901590272917045,0.45117258639643093,False,,"negative_1h_snapshot,no_executable_1h_exit,stale_1h_snapshot",True,False
0x9f28457a8cbcf95514610ab3183bc0b957474444,公路之王,1789208136.0,1789208166.0,28287746.542847358,211,211,1.0,0.0,1789208169.0,3.8530240329688434e-05,-0.02348542489734262,-0.02348542489734262,-0.059660172398124156,-0.015476160404590211,carry_forward,237.0,,0.030728628857085383,-0.9049759571441587,0.08301529109577735,False,,"long_horizon_decay,negative_1h_snapshot,no_executable_1h_exit,stale_1h_snapshot",True,False
0x7a8c3166f17f646cb7626df4461c447854bf4444,StarlinkCoin,1789216105.0,1789216135.0,26829636.911636356,230,230,0.9993287639699723,0.0003356180150139287,1789216138.0,3.654417493446526e-05,-0.024423589714283822,-0.024423589714283822,-0.058240565535161104,-0.014919580827111312,carry_forward,75.0,,0.024369106251156403,0.47540968212219115,0.0,True,1789250180,"negative_1h_snapshot,no_executable_1h_exit,stale_1h_snapshot",True,False
0xd4422d6a419b57d0b55342d0d64420a0afe54444,火星人生,1788794554.0,1788794584.0,26922443.94397583,115,115,0.9997665361350526,0.0001167319324737042,1788794587.0,3.667058575530984e-05,-0.029272526748404526,-0.029272526748404526,-0.057974599161197626,-0.011590986084777377,carry_forward,878.0,,0.013978635385428095,-0.900506207184302,0.14775044663729017,False,,"long_horizon_decay,negative_1h_snapshot,no_executable_1h_exit,stale_1h_snapshot",True,False
0x92e267d1c88e765be7404714ccbcc788e3464444,Stonks,1788533954.0,1788533984.0,26892001.25123585,113,113,1.0,0.0,1788533987.0,3.662912030079662e-05,-0.027226040059874057,-0.027226040059874057,-0.05926305523458819,-0.011565481778588516,carry_forward,232.0,,0.046670168242459065,-0.9003557767315459,0.28789803383668644,False,,"long_horizon_decay,negative_1h_snapshot,no_executable_1h_exit,stale_1h_snapshot",True,False
0xa9f4a5f46912917002fb13a282955b406f994444,安交所,1789112274.0,1789112304.0,28579151.383791115,192,192,1.0,0.0,1789112307.0,3.892715772067929e-05,-0.023651308375471802,-0.023651308375471802,-0.06779134263789455,-0.010499267021604752,carry_forward,34.0,,0.06647425769517668,-0.9032305962629265,0.8832322679113855,False,,"long_horizon_decay,negative_1h_snapshot,no_executable_1h_exit,post_confirmation_sell_wave",True,False
0x1d88744cf50ec22f3b478f8013b354b1fe384444,StarlinkCoin,1789200533.0,1789200563.0,28280376.520356987,232,232,1.0,0.0,1789200566.0,3.852020175212415e-05,-0.022469645404050054,-0.02175640640513754,-0.05829991747923868,-0.01014320055339446,carry_forward,3.0,,-0.9063482591554585,-0.9062422460589182,0.35938621904609724,False,,"negative_1h_snapshot,no_executable_1h_exit",True,False
0x3426fe8643509b86e0cfc172367d7dc13d7f4444,BNB CAT SZN,1788842136.0,1788842166.0,26824321.426324096,81,81,0.9997760693097465,0.00011196534512685528,1788842169.0,3.6536934805731775e-05,-0.01914818086265946,-0.01914818086265946,-0.057369359649279805,-0.00775733091487707,carry_forward,125.0,,0.179030658063408,-0.9003647641417298,0.0,False,,"long_horizon_decay,negative_1h_snapshot,no_executable_1h_exit,stale_1h_snapshot",True,False
0xa749fa40881a02c5a18973e8e7f60e64c4e14444,4STOCK,1788845207.0,1788845237.0,30385836.130235333,195,195,0.9988963078015236,0.0005518460992382111,1788845240.0,4.138801112853335e-05,-0.0442527447597405,-0.0442527447597405,-0.05818024096792307,-0.0077439365722824505,carry_forward,20.0,,-0.912359196435732,-0.9124556262408887,0.0,False,,"negative_1h_snapshot,no_executable_1h_exit",True,False
0x63f1a2a2a21a0c97be5a00deb5ddf6b38721ffff,金牛化工,1786885845.0,1786885875.0,203286.71477214873,8,10,0.773406160829261,0.11329691958536948,1786885878.0,2.768932464853491e-07,0.04139002319880869,0.04139002319880869,-0.08956049914249098,-0.007484212358929265,carry_forward,1543.0,,-0.0116473367253771,-0.28153656757251455,1.0,False,,"negative_1h_snapshot,no_executable_1h_exit,post_confirmation_sell_wave,stale_1h_snapshot",True,False
0x1cf042c8180160a1effcc2e38ea7ee8710964444,New Tesla Roadster,1789264620.0,1789264650.0,26971260.86418246,111,111,1.0,0.0,1789264653.0,3.673707842077783e-05,-0.016970117843961074,-0.016970117843961074,-0.05824085151609537,-0.00740228540166421,carry_forward,494.0,,0.023501355375541877,0.14278760832790982,0.0,False,,"negative_1h_snapshot,no_executable_1h_exit,stale_1h_snapshot",True,False
0xb0e2797b8059badc32a6923ba95daf1137214444,太空牛,1789016059.0,1789016089.0,26101102.78434753,284,284,1.0,0.0,1789016092.0,3.555185145722044e-05,-0.057202048097187874,-0.057202048097187874,-0.0583630107844465,-0.007251626433912861,carry_forward,10.0,,0.2916114194734052,-0.896936311531513,1.0,False,,"long_horizon_decay,negative_1h_snapshot,no_executable_1h_exit,post_confirmation_sell_wave",True,False
0x54a23711837eb7cdf39bac38346ec182617b4444,哈基米人生,1788688455.0,1788688485.0,26945407.526819184,245,245,1.0,0.0,1788688488.0,3.6701864046227965e-05,-0.01997117300800566,-0.01997117300800566,-0.058241099014163966,-0.006943802660750342,carry_forward,3.0,,0.1524447045238937,-0.900644512844468,0.0,False,,"long_horizon_decay,negative_1h_snapshot,no_executable_1h_exit",True,False
0x302ea091f945e713bc7153828f7d2d94d5844444,币股人生,1788888399.0,1788888429.0,26813818.454652898,86,86,0.9977110208719199,0.001144489564040143,1788888432.0,3.652262889338014e-05,0.00247647147195984,0.00247647147195984,-0.05801120801395654,-0.006871013549778815,carry_forward,1358.0,,-0.0009955709723321604,-0.900799957909891,0.0,False,,"negative_1h_snapshot,no_executable_1h_exit,stale_1h_snapshot",True,False
0xdc001af90ece92acd4b84be6c907a2649b9a4444,Cybercab  Storm,1788787392.0,1788787422.0,26958737.006795548,72,72,0.9997766338665883,0.00011168306670575612,1788787425.0,3.6720019895658425e-05,-0.01501841494184375,-0.01501841494184375,-0.05715774983519717,-0.004775126356341586,carry_forward,604.0,,-0.9014216784041373,-0.9016035819249174,0.23762235151344116,False,,"negative_1h_snapshot,no_executable_1h_exit,stale_1h_snapshot",True,False
0x4f98956f313a152eb29ade578cbc46468c234444,Trump Returns,1789270107.0,1789270137.0,27392474.384167112,142,142,1.0,0.0,1789270140.0,3.731080592256169e-05,-0.005596518357711799,0.0008877192753400376,-0.058240027566463515,-0.004722081228345831,carry_forward,639.0,,0.10101541622916743,0.20632027383566642,0.0,False,,"negative_1h_snapshot,no_executable_1h_exit,stale_1h_snapshot",True,False
0x0854e0c0493f4aa9bab548e04266ad2524d74444,X Numbers,1788961090.0,1788961120.0,28919750.24874874,69,69,1.0,0.0,1788961123.0,3.939108142357865e-05,-0.026884002120210804,-0.02533983103603754,-0.06867667427603674,-0.0041698625719025495,carry_forward,995.0,,0.09315207383454682,-0.9068791100122313,0.46867718362472455,False,,"long_horizon_decay,negative_1h_snapshot,no_executable_1h_exit,stale_1h_snapshot",True,False
0x204913a48325829cabb3f224a731502b0e0b4444,STONKS人生,1788777907.0,1788777937.0,28022916.618608072,94,94,0.9997833143322126,0.00010834283389372556,1788777940.0,3.81695201637333e-05,-0.029493768027520795,-0.029493768027520795,-0.05861505970930003,-0.0038117594226166895,carry_forward,117.0,,-0.9045156639718126,-0.9045591810311054,0.0,False,,"negative_1h_snapshot,no_executable_1h_exit,stale_1h_snapshot",True,False
0x6281ef3bc97788dad1cdfea7d375d369bcbf4444,牛来币安,1788674629.0,1788674659.0,26806048.99150536,93,93,1.0,0.0,1788674662.0,3.651204624474626e-05,-0.017641385255223296,-0.017641385255223296,-0.05824085836414716,-0.002952071208862206,carry_forward,240.0,,-0.8966043856821374,-0.8981987483358845,0.0,False,,"negative_1h_snapshot,no_executable_1h_exit,stale_1h_snapshot",True,False
0x13869585d3e8778f568b6c6cf1a24cadd08a4444,牛来人生,1788878543.0,1788878573.0,28202252.1290433,283,283,1.0,0.0,1788878576.0,3.8413789897494174e-05,-0.0489238183099342,-0.0489238183099342,-0.05808121516945475,-0.0028511743516168586,event,3.0,-0.0028511743516168586,-0.9047711141107411,-0.9049505055909831,0.1188749530367973,False,,"negative_1h_executable,negative_1h_snapshot",True,True
0xad55853074523345718baff29625b479be364444,BNB Bull,1787420897.0,1787420927.0,25909737.6236551,7,8,0.9779310599822802,0.011034470008859864,1787420930.0,3.5291196349149516e-05,-0.012454382318679125,-0.012454382318679125,-0.05813798896107303,-0.0026690634500752264,carry_forward,52.0,,0.033782063108967586,-0.8963572895173302,0.0,False,,"long_horizon_decay,negative_1h_snapshot,no_executable_1h_exit",True,False
0xf8a98a1513a8c98aeb394614d8bfe5eb801e4444,BINANCE HAT,1787586781.0,1787586811.0,24094675.72318255,31,31,1.0,0.0,1787586814.0,3.281893256763767e-05,-0.04620314814069837,-0.04620314814069837,-0.056381367997175635,-0.002184092754807687,carry_forward,105.0,,-0.8884419298636064,-0.8886745503961127,0.221218685439393,False,,"negative_1h_snapshot,no_executable_1h_exit,stale_1h_snapshot",True,False
0xf71958ace386ac17b71868c40701eb5295ee4444,BNC4人生,1788934660.0,1788934690.0,24074863.44392217,248,248,0.9975186724048408,0.0012406637975795273,1788934693.0,3.279194661171414e-05,-0.009138633909765992,-0.009138633909765992,-0.05816399896832858,0.0019800302590169405,carry_forward,1968.0,,-0.8900289856012554,-0.8900289856012554,0.08324046241672137,False,,"no_executable_1h_exit,short_lived_heat,stale_1h_snapshot",False,False
0xa0d9c3b2e3f8a1dda49e5388c736e51fc7034444,4STOCKS,1788843065.0,1788843095.0,26895985.893142976,33,33,1.0,0.0,1788843098.0,3.663454771121535e-05,-0.004665726240637658,-0.004665726240637658,-0.05809517092775196,0.0043315921148296965,carry_forward,288.0,,-0.9000631687387892,-0.9002152849935068,0.0,False,,"no_executable_1h_exit,short_lived_heat,stale_1h_snapshot",False,False
0x0258c83e92719f716841bbc87e85cf65a0194444,猫来,1788693143.0,1788693173.0,27031405.23012233,233,234,1.0,0.0,1788693176.0,3.681900000016662e-05,-0.019967820990358764,-0.019967820990358764,-0.058240804783528666,0.005068765471248904,carry_forward,184.0,,0.10514332548006844,-0.9014822179096502,0.0,False,,"long_horizon_decay,no_executable_1h_exit,stale_1h_snapshot",False,False
0x4c0eed0773cf1448a5e25d5d3b14dde0a4c44444,太空牛牛,1788977092.0,1788977122.0,28230432.34192643,33,33,1.0,0.0,1788977125.0,3.845217366812377e-05,-0.044308679388015526,-0.042803629566775414,-0.05529792613743656,0.005845049840432326,carry_forward,91.0,,-0.9058317526017515,-0.9060367998784536,0.0,False,,"no_executable_1h_exit,short_lived_heat,stale_1h_snapshot",False,False
0x9a9d1ac425e9a79ea479a3e67f8f95e4db334444,牛来 BNB,1787569221.0,1787569251.0,24121828.46524863,33,33,1.0,0.0,1787569254.0,3.285591683840068e-05,-0.02036722313861994,-0.02036722313861994,-0.05770718342689263,0.006621591874539368,carry_forward,19.0,,-0.8893961637123952,-0.889753679593543,0.0,False,,"no_executable_1h_exit,short_lived_heat",False,False
0xe3d070630f076603605794dbdd410562c81a4444,我踏牛来,1788650089.0,1788650119.0,26796599.856646374,131,131,1.0,0.0,1788650122.0,3.64991757449179e-05,-0.0018519916948135373,-0.0018519916948135373,-0.058034917506906036,0.008086238320418992,carry_forward,360.0,,0.1500275405672511,-0.9005036686396123,0.0,False,,"long_horizon_decay,no_executable_1h_exit,stale_1h_snapshot",False,False
0x2b85e2f69166152e6dde855384b4e74dfae24444,牛来,1786846492.0,1786846522.0,27662156.16027699,6,6,0.991962773586166,0.004018613206916863,1786846525.0,3.767813471032185e-05,-0.02269981417763911,-0.0223055875396736,-0.05394374063383667,0.009949770166236993,carry_forward,82.0,,-0.9038618399258758,-0.9038754513594887,0.0,False,,"no_executable_1h_exit,short_lived_heat,stale_1h_snapshot",False,False
0xccebdffea2f1d9612b31ebcdda94fdc361144444,MOONCOIN,1789018603.0,1789018633.0,26099864.995077174,31,31,1.0,0.0,1789018636.0,3.5550165486300414e-05,-0.03915656895124586,-0.03915656895124586,-0.05787558757949496,0.010251546602532358,event,3.0,0.010251546602532358,-0.8985506523896497,-0.8985506523896497,0.0,False,,short_lived_heat,False,False
0x697d11a967c0de25e4e1484bcc3ac79441684444,MARSCZ,1788716938.0,1788716968.0,26921922.882017855,114,114,1.0,0.0,1788716971.0,3.6669876026012857e-05,0.001877460917731666,0.006482773923347063,-0.05813178191560875,0.010285558241945658,carry_forward,723.0,,0.041680281683760034,-0.9009107493539752,0.0,False,,"long_horizon_decay,no_executable_1h_exit,stale_1h_snapshot",False,False
0xac625983264bb3a6060741c97a8f1ae0a9054444,bStocks  King,1788970374.0,1788970404.0,27726037.704671185,83,83,1.0,0.0,1788970407.0,3.776514663452768e-05,0.006644676878843292,0.008286407099393545,-0.058239267631523095,0.011650658377571732,carry_forward,2205.0,,0.06549222455875614,-0.9039477932480534,0.0,False,,"long_horizon_decay,no_executable_1h_exit,stale_1h_snapshot",False,False
0x420494151bb922b31f8489dbec85f2e23f524444,币股人生,1789001561.0,1789001591.0,28635330.897590164,121,121,1.0,0.0,1789001594.0,3.900367884494077e-05,-0.0057642411547155215,-0.0057642411547155215,-0.05996145013026577,0.0120555723989213,carry_forward,75.0,,-0.903780544864414,-0.9061271282113956,0.5490584709895063,False,,"no_executable_1h_exit,short_lived_heat,stale_1h_snapshot",False,False
0x2188872cc3835ca8778b19b3034880f530cb4444,尴尬 DOG,1789215186.0,1789215216.0,26274448.306447253,250,250,1.0,0.0,1789215219.0,3.578796233358385e-05,-0.018967913772215073,-0.018967913772215073,-0.05716953662436142,0.012322792444777964,carry_forward,28.0,,0.192173324552529,-0.8985668804391275,0.0,False,,"long_horizon_decay,no_executable_1h_exit",False,False
0x4e7597f6d9e12c3a41c4bcee88dfd0db695d4444,4STOCKS,1788837440.0,1788837470.0,26868674.48533521,90,90,1.0,0.0,1788837473.0,3.65973473246458e-05,-0.016298077949601364,-0.016298077949601364,-0.05751109481297523,0.01365707696280749,carry_forward,153.0,,-0.9011489537450699,-0.9012853342390057,0.0909767079497744,False,,"no_executable_1h_exit,short_lived_heat,stale_1h_snapshot",False,False
0x74d7b4dfd72b40a1649371e330f262e9ee834444,BFLYBRAIN,1789263460.0,1789263490.0,24217779.475987222,31,31,1.0,0.0,1789263493.0,3.2986610016736206e-05,-0.043727463971392266,-0.043727463971392266,-0.06313462573463513,0.014437210511669685,carry_forward,22.0,,0.17310067854095879,-0.8891324161885492,0.7303395056165272,False,,"long_horizon_decay,no_executable_1h_exit,post_confirmation_sell_wave",False,False
0xf097a20d31c2ca5b5352fa4ac72da0283b1a4444,我踏牛来,1788393345.0,1788393375.0,26793238.60345411,60,60,1.0,0.0,1788393378.0,3.649459744126579e-05,-0.019607111477220718,-0.019607111477220718,-0.05823973902359758,0.014641748375519903,carry_forward,778.0,,-0.896195878035977,-0.8987837744541908,0.0,False,,"no_executable_1h_exit,short_lived_heat,stale_1h_snapshot",False,False
0xbd19c2b1a283ddf8e0f593d4954e91b94b8f4444,BINANCE 牛来,1788084106.0,1788084136.0,24264667.546264336,33,33,0.9827424442410327,0.008628777879483695,1788084139.0,3.305047542975651e-05,-0.05475111418188272,-0.047805448077573476,-0.06456305274802554,0.014744434937432382,carry_forward,8.0,,-0.8906754641312731,-0.8907199429369546,0.03860060859425409,False,,"no_executable_1h_exit,short_lived_heat",False,False
0x735c34b3f92ab0376cfae0b7939f53f9c14e4444,牛来币安,1788619369.0,1788619399.0,27053304.019057103,138,139,1.0,0.0,1788619402.0,3.684882795409388e-05,-0.00604868463130559,-0.00604868463130559,-0.06297586456606863,0.015150091282792655,carry_forward,344.0,,-0.9005797037525811,-0.9017480637052309,0.9980351746178879,False,,"no_executable_1h_exit,post_confirmation_sell_wave,short_lived_heat,stale_1h_snapshot",False,False
0x9b99b55b78a488028039e80c839c0d493ffa4444,MEME,1788513848.0,1788513878.0,26833441.79720774,234,234,1.0,0.0,1788513881.0,3.654935750195151e-05,-0.01869566348426932,-0.01869566348426932,-0.0582353712294188,0.0159361804580469,carry_forward,116.0,,-0.9001839594011828,-0.900657191617915,0.0009045453319963468,False,,"no_executable_1h_exit,short_lived_heat,stale_1h_snapshot",False,False
0xff7fbe72e15d9bd36f309c71c881af0ff0ab4444,BNBCAT,1787677567.0,1787677597.0,26182768.501153156,60,60,0.9997239145958877,0.00013804270205602028,1787677600.0,3.56630868888039e-05,0.008216661075818754,0.008216661075818754,-0.0558067201230914,0.016117240770072705,carry_forward,415.0,,0.04733276273362086,-0.8847259412665738,0.49486055489443326,False,,"long_horizon_decay,no_executable_1h_exit,stale_1h_snapshot",False,False
0x8d0dc864928adcd1e7288bdea122ef775a724444,川普硬币,1788455454.0,1788455484.0,26795307.587545376,128,128,1.0,0.0,1788455487.0,3.649741556798205e-05,-0.0017233049149140145,-0.0017233049149140145,-0.05823985774792151,0.016678686879539217,carry_forward,74.0,,0.03611656418346909,-0.8994114851602897,0.0,False,,"long_horizon_decay,no_executable_1h_exit,stale_1h_snapshot",False,False
0x14c5577f4b8f68993b3aef9bd82c3d6190034444,4Stock,1788938095.0,1788938125.0,28234984.44768855,53,53,0.9997580039168512,0.00012099804157434085,1788938128.0,3.845837401104451e-05,-0.02362425716478256,-0.02362425716478256,-0.05937732623429548,0.01678319008415352,carry_forward,36.0,,0.18269195685785622,-0.9056607743799941,0.0,False,,"long_horizon_decay,no_executable_1h_exit",False,False
0x647859af82c6280bb25f422b6a21e9ea18284444,Apple,1788972704.0,1788972734.0,59732.45611075316,23,24,0.8083990320031815,0.09580048399840922,1788972737.0,8.136052428014379e-08,0.017438457665987173,0.017438457665987173,0.007015502899848425,0.017438457665987173,carry_forward,3599.0,,0.017438457665987173,0.017438457665987173,0.0,True,1788972738,"no_executable_1h_exit,stale_1h_snapshot",False,False
0xfab67f84f765fdd077cbbb6284b0e62583854444,背手牛来,1788748624.0,1788748654.0,26959425.08247457,89,89,0.9998285979048456,8.570104757718726e-05,1788748657.0,3.672095711139732e-05,-0.0022045340077623266,-0.0022045340077623266,-0.057749245411744754,0.018181468781339305,carry_forward,770.0,,0.1688024600701976,-0.9008699932813787,0.0,False,,"long_horizon_decay,no_executable_1h_exit,stale_1h_snapshot",False,False
0x7b0bd076f176c0463b24d99d56f10aef35944444,MERCURY COIN,1789029095.0,1789029125.0,26099044.77668056,31,31,1.0,0.0,1789029128.0,3.554904828129801e-05,0.0039014575126194995,0.004667585588786549,-0.05763701269497279,0.018243151201814856,carry_forward,801.0,,-0.8976180960399343,-0.8976263452396196,0.28517170593720764,False,,"no_executable_1h_exit,short_lived_heat,stale_1h_snapshot",False,False
0x9898444105d2f043bd0d8aec94ccfe3a68074444,我踏牛来,1788543444.0,1788543474.0,26807557.905056354,112,112,1.0,0.0,1788543477.0,3.651410150926401e-05,0.007295354382703678,0.007533848199466231,-0.05824007507400686,0.018496936946579057,carry_forward,1430.0,,0.05243175326124083,-0.9004042322411085,0.0,False,,"long_horizon_decay,no_executable_1h_exit,stale_1h_snapshot",False,False
0x42f77a61b60a95299af881d513b2ae3efa0b4444,YICAT,1787541651.0,1787541681.0,26252967.195008956,68,69,0.9919807750211176,0.0040096124894411925,1787541684.0,3.5758703290803164e-05,-0.0020410611021917102,-0.0020410611021917102,-0.05824037507048796,0.0188827053231857,carry_forward,410.0,,-0.8976263390635841,-0.8984309460497385,0.0,False,,"no_executable_1h_exit,short_lived_heat,stale_1h_snapshot",False,False
0xa692e71a6416191a49eef77fca927303039c4444,牛来人生,1788954963.0,1788954993.0,26116403.344700675,285,285,1.0,0.0,1788954996.0,3.557269208044551e-05,-0.04095265831160311,-0.040259090396788766,-0.05816745183431038,0.018913010553147203,carry_forward,4.0,,-0.8961100538805236,-0.8714086024831841,0.3342134028926034,False,,"no_executable_1h_exit,short_lived_heat",False,False
0x0b839ed6f13782ec2e5b10b6fcd7e019fe9a4444,X WORLD,1789001875.0,1789001905.0,28200799.49808702,82,82,1.0,0.0,1789001908.0,3.841181129450538e-05,-0.001287588604866552,-0.001287588604866552,-0.058239839723912,0.01905138880173185,carry_forward,635.0,,-0.8962896677723418,-0.8978695131218407,0.0,False,,"no_executable_1h_exit,short_lived_heat,stale_1h_snapshot",False,False
0x7fa1a26557874b32702bd0a24172d025daf74444,神牛币,1788194396.0,1788194426.0,24110121.317147084,246,246,0.9984186697695875,0.0007906651152062372,1788194429.0,3.2839970738585186e-05,-0.009092696055343574,-0.009092696055343574,-0.05715722740482809,0.019529996572774433,carry_forward,21.0,,-0.8887528117619496,-0.8894521135003689,0.33268344242410475,False,,"no_executable_1h_exit,short_lived_heat",False,False
0xd2d45f87b900b610717a6913e315989ab1464444,纳4达克,1789017877.0,1789017907.0,28235162.751651067,112,112,1.0,0.0,1789017910.0,3.845861687572506e-05,-0.01751543596972782,-0.01751543596972782,-0.05747382172144044,0.02117782288968817,carry_forward,11.0,,-0.9039891408612399,-0.9039891408612399,0.22839057029730822,False,,"no_executable_1h_exit,short_lived_heat",False,False
0xbe4f37dbe1738e91673b68a54898031ddc844444,火星人生,1788669396.0,1788669426.0,26905621.01868555,154,154,0.9862989292500914,0.006850535374954325,1788669429.0,3.6647671545671376e-05,0.007109688974719974,0.007109688974719974,-0.058240564728710975,0.021302136784873582,carry_forward,252.0,,-0.8986626425004202,-0.8991556878185493,0.0,False,,"no_executable_1h_exit,short_lived_heat,stale_1h_snapshot",False,False
0x1b90d184446312e740fd490d9d4e0bfa3eae4444,太空神牛,1789003164.0,1789003194.0,30591811.643357676,233,233,1.0,0.0,1789003197.0,4.166856673979825e-05,-0.04225644507884685,-0.04335353038141598,-0.05926859376836269,0.023825417607750365,carry_forward,1.0,,-0.9127030078113003,-0.912636592685489,0.1704348963473805,False,,"no_executable_1h_exit,short_lived_heat",False,False
0x4123ddda008c5a95d8ed79f3215b5310ba854444,蓬莱 CZ,1788095909.0,1788095939.0,24076237.5638588,205,205,1.0,0.0,1788095942.0,3.2793818276228666e-05,-0.03995361024706057,-0.038015729951873745,-0.058014084416944334,0.0239206964324028,carry_forward,9.0,,-0.8883507085456087,-0.8897848304474718,0.0041049252291775066,False,,"no_executable_1h_exit,short_lived_heat",False,False
0xf63025cd25e710a01f1d843d10f7f6d60f5a4444,BINANCE BIMPSONS,1789286283.0,1789286313.0,26104361.24525158,32,32,0.9834613033264854,0.008269348336757389,1789286316.0,3.55562897493109e-05,-0.02839051594542996,-0.021071372759690732,-0.05693816417657216,0.023960915167120733,event,3.0,0.023960915167120733,0.22340931472822367,-0.8977682580608874,0.0,False,,long_horizon_decay,False,False
0x903d4fd3a928e0ad1fbfdc97aaba1ebe94ab4444,CZ Bull,1787413293.0,1787413323.0,26464938.538183026,60,60,1.0,0.0,1787413326.0,3.604742571636409e-05,-0.021077891029643192,-0.021077891029643192,-0.05977317238322488,0.024477492679148227,carry_forward,119.0,,-0.8980416546207017,-0.8978197585492236,0.3588422196945032,False,,"no_executable_1h_exit,short_lived_heat,stale_1h_snapshot",False,False
0x39ef75202d0c1edf1ec1ab7e4579d7edb0874444,币安牛来,1788636896.0,1788636926.0,26853424.128540825,91,91,1.0,0.0,1788636929.0,3.657657508280211e-05,0.0031331209809364324,0.0031331209809364324,-0.056036583991130096,0.02448902764051475,carry_forward,703.0,,-0.8997681602833956,-0.9009288006944481,0.0,False,,"no_executable_1h_exit,short_lived_heat,stale_1h_snapshot",False,False
0x40ce64ee18aba256e49bd4d5663d1055a13a4444,我踏牛来,1788448157.0,1788448187.0,26803654.23100066,201,201,1.0,0.0,1788448190.0,3.650878438372674e-05,-0.008184864710894857,-0.008184864710894857,-0.05797625437758824,0.02540977367925179,carry_forward,32.0,,0.06729363889869955,-0.9004187584471828,0.0,False,,"long_horizon_decay,no_executable_1h_exit",False,False
0x0b2523dca0f01b3c3ace46ab3cfe625aac054444,BNBGUY,1788575804.0,1788575834.0,26921028.517572295,110,110,1.0,0.0,1788575837.0,3.666865782798575e-05,0.005938201698950651,0.00788158090039559,-0.05823970574318715,0.026280598452335102,carry_forward,88.0,,0.22623412413423094,-0.9007651385195561,0.0,False,,"long_horizon_decay,no_executable_1h_exit,stale_1h_snapshot",False,False
0xef5f4a33df16a8a081b80ad2f251288c7fcd4444,LAPTOP,1788960413.0,1788960443.0,29082052.16178988,194,194,0.9840998343433521,0.007950082828323933,1788960446.0,3.961214999494651e-05,-0.005500284002892708,-0.005500284002892708,-0.058230382406464276,0.026364210778779817,carry_forward,192.0,,-0.9078826023724093,-0.9077368351438492,0.0,False,,"no_executable_1h_exit,short_lived_heat,stale_1h_snapshot",False,False
0x7e4ffafd2469ce67e5e1892184aa24c34a784444,牛来币,1788609212.0,1788609242.0,26097002.740949214,280,280,1.0,0.0,1788609245.0,3.554626686046721e-05,-0.03870744957073757,-0.03013785461783336,-0.05824111626538764,0.026754831085497477,carry_forward,10.0,,-0.8979814944891137,-0.8980688409640396,0.005977920949070964,False,,"no_executable_1h_exit,short_lived_heat",False,False
0xb7594175d1781ab7af57c1c339bbf9509eac4444,MOONCOIN,1789010099.0,1789010129.0,26098466.386190277,31,31,1.0,0.0,1789010132.0,3.554826046581892e-05,-0.03644039179007463,-0.03644039179007463,-0.05795637370488771,0.027091528938504306,carry_forward,8.0,,-0.8981575249231603,-0.8981575249231603,0.0,False,,"no_executable_1h_exit,short_lived_heat",False,False
0xf1802dbd55cc9fc4d3816c0f239f4e94f6b84444,BSC Bull,1787461545.0,1787461575.0,26083437.38498115,8,8,0.9843731631831585,0.007813418408420826,1787461578.0,3.552778972851131e-05,0.003364003885974798,0.003364003885974798,-0.05497046016472651,0.027905376919399316,carry_forward,54.0,,-0.8973613571255494,-0.8976780053841683,0.3756970750301791,False,,"no_executable_1h_exit,short_lived_heat",False,False
0x038bb367a9aa2f0a487cc1b90f0e6d4cab5a4444,CZ CAT,1787737050.0,1787737080.0,25774830.37217575,123,123,1.0,0.0,1787737083.0,3.5107441562820265e-05,-0.01685173617763236,-0.01685173617763236,-0.05822921562399874,0.02819523414391778,carry_forward,59.0,,-0.8968612620888374,-0.8971441688348858,0.2094676946421147,False,,"no_executable_1h_exit,short_lived_heat",False,False
0xe094440871e79df46cdf5767ebec4824ebe34444,CZ Bull,1787835472.0,1787835502.0,25376905.40284819,62,62,1.0,0.0,1787835505.0,3.4565434984878424e-05,-0.011488003600943819,-0.011488003600943819,-0.05598757326648418,0.0308354872265848,carry_forward,103.0,,-0.8919188090953372,-0.8947479686885185,0.0,False,,"no_executable_1h_exit,short_lived_heat,stale_1h_snapshot",False,False
0xa5c14742c8a258005ebb55227f3e99091ac54444,我踏牛来,1788411952.0,1788411982.0,26990505.283360116,181,181,1.0,0.0,1788411985.0,3.6763290904504567e-05,0.006197433568537303,0.006197433568537303,-0.058238628902082645,0.031237291773448028,carry_forward,39.0,,-0.9006108616043758,-0.9008387318852361,0.004137018646630927,False,,"no_executable_1h_exit,short_lived_heat",False,False
0xac5d0c56403b9c2888150f8f71b2d730890d4444,FOUR 人生,1789233288.0,1789233318.0,24076838.54479245,31,31,1.0,0.0,1789233321.0,3.279463686175198e-05,-0.03445245748392922,-0.03445245748392922,-0.05777820972583281,0.03201053662529474,carry_forward,13.0,,-0.09536140468786403,-0.8893374177867752,0.0,False,,"no_executable_1h_exit,short_lived_heat",False,False
0x459cd75aa0dde281c167d2873cbf73add6674444,4爷,1788855484.0,1788855514.0,26691214.264076456,287,287,1.0,0.0,1788855517.0,3.6355631889176156e-05,-0.005518175354617294,8.650418141131766e-05,-0.05644006240462607,0.03227963590042848,carry_forward,8.0,,-0.9000776745837044,-0.9001828902437242,0.37293665413579713,False,,"no_executable_1h_exit,short_lived_heat",False,False
0xf192af0a08cc4f272724df77317bf971427e4444,火星人生,1788274335.0,1788274365.0,22791708.35230229,161,161,1.0,0.0,1788274368.0,3.104418370718266e-05,0.03248346284121362,0.03248346284121362,-0.058240708009472786,0.03361463819872723,carry_forward,74.0,,0.04817453270028871,-0.881302036130639,0.0,False,,"long_horizon_decay,no_executable_1h_exit,stale_1h_snapshot",False,False
0x0f9df6f8a6b64ff53d5c8c516efbb7fb9b614444,十八bro,1787712842.0,1787712872.0,26588779.93000309,96,96,1.0,0.0,1787712875.0,3.621610789054727e-05,-0.00451181882081475,-0.00451181882081475,-0.05821859607589164,0.03361712025861818,carry_forward,39.0,,0.26627331112592545,-0.899807444884315,0.19769998435533392,False,,"long_horizon_decay,no_executable_1h_exit",False,False
0x2bc7ef87ae7d28ab2efaa3444b00fa7881ab4444,安交所 Bull,1787524493.0,1787524523.0,26325691.184925742,10,10,0.9965630575042775,0.0017184712478611616,1787524526.0,3.5857759353999404e-05,0.0023530109170315505,0.0023530109170315505,-0.059259258000555315,0.03444817078536899,carry_forward,15.0,,-0.8658720877250321,-0.8708025914510712,0.02967774322246178,False,,"no_executable_1h_exit,short_lived_heat",False,False
0x6e11c4f103d9836d198942f3b246261c3a154444,牛来人生,1788486241.0,1788486271.0,24103368.566301696,278,278,1.0,0.0,1788486274.0,3.283077293583461e-05,0.020529108528203777,0.020355816537623417,-0.05092633089936749,0.035803090727909215,carry_forward,6.0,,-0.8897912000368725,-0.8898625882087593,5.645134536183306e-05,False,,"no_executable_1h_exit,short_lived_heat",False,False
0xeb1bfe00e809ebfdcc5bedbfe2459c8b024e4444,景甜人生,1788071111.0,1788071141.0,24076224.913872767,206,206,1.0,0.0,1788071144.0,3.279380104590594e-05,-0.008748744342864656,-0.00862162970243463,-0.05824110521602621,0.036613427868670056,carry_forward,48.0,,-0.8882892099046366,-0.8848981512763461,0.0,False,,"no_executable_1h_exit,short_lived_heat",False,False
0x9725747f0a74b72f14a83c2177b5046b3bcf4444,币股人生,1788866023.0,1788866053.0,29021068.126759738,132,132,1.0,0.0,1788866056.0,3.9529084717108756e-05,0.015309707295491304,0.015309707295491304,-0.058181107800229226,0.037097542420396534,event,2.0,0.037097542420396534,-0.907533545804152,-0.9075537074132529,0.045778976900147005,False,,short_lived_heat,False,False
0x4f8560e08132ab8e3dc55e1060d640609cab4444,太空牛神,1789203371.0,1789203401.0,26099044.645964213,31,31,1.0,0.0,1789203404.0,3.554904810325158e-05,-0.02702737366314445,-0.02702737366314445,-0.05789005777604528,0.037169498162230585,carry_forward,3.0,,0.20998226612089543,-0.8980660468052969,0.0,False,,"long_horizon_decay,no_executable_1h_exit",False,False
0x1dd5a19d29ef5938bbd105c6c02122800de24444,牛来,1786810646.0,1786810676.0,27673120.576126877,5,5,0.9998898788090261,5.506059548687361e-05,1786810679.0,3.7693069147645475e-05,-0.0011999163567044668,-0.0011999163567044668,-0.0578433774534427,0.037239065804283156,carry_forward,41.0,,0.06518786083717543,-0.9020433369759474,0.0,False,,"long_horizon_decay,no_executable_1h_exit",False,False
0x90a740edab9c2e755bddcd80529e0c07d64d4444,神牛,1788623012.0,1788623042.0,28200661.171316616,283,283,1.0,0.0,1788623045.0,3.841162288205269e-05,-0.05598318320781992,-0.0323214880927869,-0.05608982085207659,0.0373559302163351,event,3.0,0.0373559302163351,-0.9023302176346472,-0.9048748714043043,0.11525277941937895,False,,short_lived_heat,False,False
0xf439d8ce5463526c4e2871dcc3eb59d11bc14444,世交所 Bull,1787580161.0,1787580191.0,24907258.070657138,11,11,0.9998624192897737,6.879035511321707e-05,1787580194.0,3.392573664227242e-05,0.0062434745975818995,0.009402471068264973,-0.04761542736305735,0.03845564519191402,carry_forward,323.0,,0.09631662691798448,-0.8911979671406597,0.009938309573864821,False,,"long_horizon_decay,no_executable_1h_exit,stale_1h_snapshot",False,False
0x91827239b256ee6841489329164f798ab1024444,牛郎来了,1787128119.0,1787128149.0,20291578.406292923,32,32,1.0,0.0,1787128152.0,2.763880083126922e-05,-0.005024136555549341,-0.005024136555549341,-0.05789581937477861,0.039428986459420834,carry_forward,22.0,,-0.8616782110920218,-0.8693159176166336,0.0,False,,"no_executable_1h_exit,short_lived_heat",False,False
0x48360d1bdab97bb4d078a71ed0b69b2c6a504444,Cybercab  Storm,1788584617.0,1788584647.0,26936617.52625048,75,75,1.0,0.0,1788584650.0,3.668989134158367e-05,-0.012618395563524065,-0.012618395563524065,-0.059776364091991274,0.039760543812631166,event,3.0,0.039760543812631166,-0.9009570959183151,-0.9009570959183151,0.7440831467479782,False,,"post_confirmation_sell_wave,short_lived_heat",False,False
0xb04f812a2c47532a8cb79c655b14fb14b4944444,BNB SEASON 🔶,1788625809.0,1788625839.0,28231112.941658843,137,137,1.0,0.0,1788625842.0,3.845310070100773e-05,-0.012326931905981331,-0.012417880340715559,-0.058240877186926165,0.039920429114407074,carry_forward,2.0,,-0.9052637527843977,-0.9054009990410112,0.011927341711690081,False,,"no_executable_1h_exit,short_lived_heat",False,False
0x266bf238a556af35114bb5b527e83b7b2f9e4444,神牛币,1788183294.0,1788183324.0,24153235.931017987,123,123,1.0,0.0,1788183327.0,3.289869639323044e-05,-0.019611777315982404,-0.018391457816840373,-0.05981904162364138,0.0404219668578254,carry_forward,2.0,,-0.8895995109363923,-0.8895995109363923,0.28059984454169024,False,,"no_executable_1h_exit,short_lived_heat",False,False
0xab180d02d83bca0bf87a496745bd61e928e84444,BNB SEASON 🔶,1788833111.0,1788833141.0,26098517.462159436,284,284,1.0,0.0,1788833144.0,3.55483300354951e-05,-0.002987670408263976,-0.002987670408263976,-0.05807679405332422,0.040641108730437026,event,3.0,0.040641108730437026,-0.896864261684129,-0.8976822914028951,0.0,False,,short_lived_heat,False,False
0x1d57518ea980586fb295f270f4d4154417fc4444,BNB 狗来,1787725281.0,1787725311.0,24219091.774868254,32,32,1.0,0.0,1787725314.0,3.298839747588195e-05,-0.029870976801611437,-0.029789390458158316,-0.062335565154732375,0.0406920998617164,carry_forward,29.0,,0.5061621679534198,-0.8890451462246238,0.15359638419694582,False,,"long_horizon_decay,no_executable_1h_exit",False,False
0x0ec9cc2756f9daa158d10f40bc9dcfdffc614444,我踏牛来,1788363922.0,1788363952.0,26793850.825460352,179,179,1.0,0.0,1788363955.0,3.6495431338055695e-05,-0.0018851942210904582,-0.0018851942210904582,-0.053116676900622384,0.04128673158969809,carry_forward,60.0,,0.04139266133678432,-0.900349404556047,0.0,False,,"delayed_next_observation,long_horizon_decay,no_executable_1h_exit",False,False
0xcfb94c8e59b7bfcfac4f55ae7c1be0d793c94444,安交所,1788924108.0,1788924138.0,29016123.97733431,129,129,1.0,0.0,1788924141.0,3.9522350378433216e-05,-0.02142694239728149,-0.02142694239728149,-0.05824108159198138,0.042596120975231244,carry_forward,17.0,,-0.9073064735493658,-0.907899240702685,0.0,False,,"no_executable_1h_exit,short_lived_heat",False,False
0xf6011b2a9bf80ebec7fc05a9b2eb2853fdba4444,BNB SEASON 🔶,1788793279.0,1788793309.0,26248971.70297384,247,247,1.0,0.0,1788793312.0,3.575326110161657e-05,-0.028107315566484825,-0.028107315566484825,-0.056770336081699124,0.0428131550410924,carry_forward,23.0,,-0.8983023435709725,-0.8983390149167185,0.36913768133804725,False,,"no_executable_1h_exit,short_lived_heat",False,False
0xb3e7a9e3a2de309bfb608355ccd08f61fd834444,Cybercab  Storm,1788606975.0,1788607005.0,26896303.32623105,263,264,1.0,0.0,1788607008.0,3.6634980081222405e-05,0.005922993463834514,0.005922993463834514,-0.05824086226715319,0.04322309685893155,carry_forward,38.0,,-0.8882966832360097,-0.8883392636239327,0.0,False,,"no_executable_1h_exit,short_lived_heat",False,False
0xf8c61b88487ecc2afe92416f501d2ecfd7c24444,BINANCE HOMER,1789113432.0,1789113462.0,26104272.18716586,32,32,0.9991698330611122,0.0004150834694440066,1789113465.0,3.555616844486408e-05,-0.009346789357146057,-0.009346789357146057,-0.058289920410263374,0.04349844680902537,event,1.0,0.04349844680902537,-0.8974431321026276,-0.8974431321026276,0.016672885149736635,False,,short_lived_heat,False,False
0xf4428dc05edbd59118e0da6c6df1d0e1d4194444,Grok Bot,1789025877.0,1789025907.0,28242548.63187726,191,191,1.0,0.0,1789025910.0,3.846867705283144e-05,-0.004814610368871541,-0.004814610368871541,-0.05823093755716835,0.04395876042727842,carry_forward,98.0,,-0.9053756187513355,-0.9054373034007537,0.0,False,,"no_executable_1h_exit,short_lived_heat,stale_1h_snapshot",False,False
0xb25c84deaf79fd71dbc51ba21b112bc8e416ffff,mini 哈基米,1786980507.0,1786980537.0,232329.19933131154,9,9,0.6284245487543209,0.18578772562283954,1786980540.0,3.1645150214706615e-07,0.14386007816335167,2.941904814452,0.05395865655727761,0.044654262173410064,carry_forward,18.0,,-0.3489627318733969,-0.37492698320242923,0.4638868112432491,False,,"no_executable_1h_exit,short_lived_heat",False,False
0xa59a9755a3c03089c2ab3c088e3b8aee2c0c4444,火星人生,1788658714.0,1788658744.0,26812342.406397942,134,134,1.0,0.0,1788658747.0,3.652061839410211e-05,0.00760599000499762,0.00760599000499762,-0.05803436675276252,0.045134549667199764,carry_forward,78.0,,-0.8999987739720987,-0.900476521873663,0.0,False,,"no_executable_1h_exit,short_lived_heat,stale_1h_snapshot",False,False
0xadf3af1957252831e2c804f2096262a9a8394444,景甜宇宙,1787888264.0,1787888294.0,23035965.780503392,9,9,1.0,0.0,1787888297.0,3.1376882439357906e-05,-0.01699521932467607,-0.01403913889415187,-0.052339200680591835,0.04600821265121646,carry_forward,111.0,,-0.8809021110663212,-0.8818471754996825,0.0,False,,"no_executable_1h_exit,short_lived_heat,stale_1h_snapshot",False,False
0x5ecf7221b7a617da318420fb3a22297783614444,火星人生,1788649707.0,1788649737.0,26790423.890750397,60,60,1.0,0.0,1788649740.0,3.6490763570767526e-05,0.007846344993450494,0.007846344993450494,-0.05824081167259676,0.046282748524179684,carry_forward,82.0,,-0.9006295164827577,-0.9008293473853897,0.0,False,,"no_executable_1h_exit,short_lived_heat,stale_1h_snapshot",False,False
0xa98adf9f881b59c7e50cffe9acbe7d67f6cc4444,牛来人生,1789129916.0,1789129946.0,26210307.726159126,33,33,1.0,0.0,1789129949.0,3.570059758115849e-05,-0.021413077343971243,-0.021413077343971243,-0.05640050794460838,0.047462094309155045,carry_forward,4.0,,-0.8968835178091661,-0.8971820828758771,0.03656344416112974,False,,"no_executable_1h_exit,short_lived_heat",False,False
0xfc8669f71811264a381ea1912a8986be92f54444,COPPERINU,1788014055.0,1788014085.0,24150615.010009233,186,186,1.0,0.0,1788014088.0,3.289512648297973e-05,0.003609617724263714,0.011937485478425769,-0.05824110347385181,0.0478223720776918,carry_forward,2.0,,0.2565225397864266,-0.8893759607873678,0.0012762913343457875,False,,"long_horizon_decay,no_executable_1h_exit",False,False
0xd5651afa99e146f2a8d85d26bd5508b77d0a4444,太空牛,1789050514.0,1789050544.0,26118501.00911404,109,110,0.9995013586795404,0.00024932066022984733,1789050547.0,3.557554927212231e-05,-0.019237880277970687,-0.019237880277970687,-0.058315281830504606,0.04800102013425578,carry_forward,9.0,,0.30471072074378003,-0.8982110920338303,0.03717407706802647,False,,"long_horizon_decay,no_executable_1h_exit",False,False
0x5fb662388725ad7b18f0046deb8840cfebf74444,BNB STONKS,1788609557.0,1788609587.0,26097654.878927324,284,284,1.0,0.0,1788609590.0,3.554715512609794e-05,-0.022748472307493994,-0.01898411307671677,-0.05800144536790064,0.04812642080908103,carry_forward,52.0,,-0.8972003756428033,-0.897449175900678,0.001899484293577009,False,,"no_executable_1h_exit,short_lived_heat",False,False
0x9054caaf184ac8db2e09fd0e6bf8e53c6b394444,币安镇长,1789184891.0,1789184921.0,24301321.056104526,32,32,1.0,0.0,1789184924.0,3.310040052863033e-05,-0.023971075116564378,-0.02248734732563684,-0.05693046244992117,0.04828772373384638,carry_forward,11.0,,0.2779728135195214,-0.890081693698197,0.3141952044468094,False,,"long_horizon_decay,no_executable_1h_exit",False,False
0x2504095dbaa1a1a41a70a22553c3f262c9514444,牛来人生,1788598521.0,1788598551.0,24621399.838852663,287,287,0.9409545075373711,0.029522746231314456,1788598554.0,3.353637418970084e-05,-0.0236816734443146,-0.022192919327610028,-0.0750112261401924,0.04854384201099471,event,3.0,0.04854384201099471,-0.8909342614259914,-0.8916208000543207,0.5511747702535584,False,,short_lived_heat,False,False
0x27cf79788ae1a3df2eaa6da82ec1820b6f144444,DOG SHIT,1788935121.0,1788935151.0,26097758.831339717,206,206,1.0,0.0,1788935154.0,3.5547296717844255e-05,-0.013644268462475795,-0.013644268462475795,-0.05671829563052422,0.04872947196069011,carry_forward,4.0,,0.4069565552650325,-0.8980995597596989,0.061203175985262544,False,,"long_horizon_decay,no_executable_1h_exit",False,False
0x0ffff776fbffe8cf2b9ac0414a3e89de4fb14444,BINANCE MAN,1789148718.0,1789148748.0,26148045.29329575,31,31,1.0,0.0,1789148751.0,3.5615791020193896e-05,-0.03930071372268573,-0.029269154537958197,-0.055638598571992826,0.04878443159679935,carry_forward,65.0,,0.3248473200017481,-0.895583254722708,0.17656246526479102,False,,"long_horizon_decay,no_executable_1h_exit,stale_1h_snapshot",False,False
0x4b73da69e11cc8fd1306f27535a9b39398854444,牛来人生币,1788262331.0,1788262361.0,24115655.41982765,225,225,1.0,0.0,1788262364.0,3.284750864217777e-05,-0.023291539280153817,-0.023291539280153817,-0.05861232284757911,0.049128984692946354,carry_forward,44.0,,-0.8901773907168691,-0.8901937750891801,0.23792090933818477,False,,"no_executable_1h_exit,short_lived_heat",False,False
0x41ad9e19ce6c0d584b719179b421f591f6224444,MOONCOIN,1789005365.0,1789005395.0,26107150.469345313,32,32,0.9371703460790677,0.03141482696046608,1789005398.0,3.556008890222334e-05,-0.033385989914415326,-0.03236001665077626,-0.057681414039570056,0.049425959234980166,carry_forward,48.0,,-0.8941078708295329,-0.8976360982211933,0.0,False,,"no_executable_1h_exit,short_lived_heat",False,False
0x3b663c91d12df1916c12cc40f169c3067ac24444,DUO,1789019131.0,1789019161.0,28626092.914346818,129,129,1.0,0.0,1789019164.0,3.8991095951001566e-05,0.0023538701113492433,0.002844028005466459,-0.05823920613117051,0.04948394689543578,carry_forward,31.0,,-0.9056753230513391,-0.9062881662840326,0.0,False,,"no_executable_1h_exit,short_lived_heat",False,False
0x3d437d47682d1046b19a5bfd364e77ae1fb84444,BNB 人生,1789310140.0,1789310170.0,24227987.384554278,124,125,1.0,0.0,1789310173.0,3.3000514028841115e-05,-0.019467866242877108,-0.019467866242877108,-0.05813108722740923,0.04984674497926189,carry_forward,10.0,,0.14833548787329298,0.14833548787329298,0.0,False,,no_executable_1h_exit,False,False
0x99f91bf52d8f1a1bd323311272a215bfcf014444,LAPTOP,1788960567.0,1788960597.0,26101075.11982972,284,284,1.0,0.0,1788960600.0,3.555181377586897e-05,0.011462191940530442,0.011462191940530442,-0.05731803177268757,0.04992873509993778,carry_forward,103.0,,0.18816036225836386,-0.8984578175369206,0.0,False,,"long_horizon_decay,no_executable_1h_exit,stale_1h_snapshot",False,False
0xbe921c38b48ecc531fedc02b8eaa6d4a13124444,MarsFarm,1788769910.0,1788769940.0,29065291.59221469,115,115,0.9997889834516658,0.00010550827416710915,1788769943.0,3.958932071892707e-05,0.009982281741115262,0.009982281741115262,-0.05616025561689808,0.05133274108897701,event,0.0,0.05133274108897701,-0.9075698037108116,-0.9077174219296221,0.0,False,,short_lived_heat,False,False
0xfff7f0d0026ede4fb7963d4102e122ad91654444,MFGA,1788863932.0,1788863962.0,26117514.325774774,284,284,1.0,0.0,1788863965.0,3.5574205328159384e-05,-0.0031815791125677784,-0.0035400791744596427,-0.05724822724399781,0.05140475157219937,carry_forward,4.0,,-0.8984051744459068,-0.898443479083757,0.008696716007541235,False,,"no_executable_1h_exit,short_lived_heat",False,False
0xe243d21dc1574e560a6a5f975eda7932d1664444,Stonks,1788599253.0,1788599283.0,26855110.248589635,177,177,1.0,0.0,1788599286.0,3.657887171716311e-05,-0.0053703872657897556,-0.0053703872657897556,-0.05824108285806251,0.051724267852017336,carry_forward,8.0,,-0.8963750161203278,-0.8694264013819966,0.000446882105422159,False,,"no_executable_1h_exit,short_lived_heat",False,False
0x20dabbc8e833c9bbfbe4a0d5ecefa0a6473f4444,BINANCE MARGE🔶,1789088083.0,1789088113.0,26101371.301855214,285,285,1.0,0.0,1789088116.0,3.555221720017873e-05,-0.02409799742254537,-0.02071784807870447,-0.05818936435303779,0.052048973732975234,carry_forward,5.0,,-0.8974985940935967,-0.8975290106618247,0.053618467558362734,False,,"no_executable_1h_exit,short_lived_heat",False,False
0x4e4b821899e016a5ecbdaf6aab22c3e083d3ffff,LOCKIN,1786705480.0,1786705510.0,203677.99426877475,6,6,0.5430756044644891,0.22846219776775545,1786705513.0,2.774262013822068e-07,0.11702329662649569,0.31186237136358197,0.05943315990283016,0.05214377167472106,carry_forward,2392.0,,0.13370365998761868,0.1323538680891725,0.11066878183869225,False,,"no_executable_1h_exit,stale_1h_snapshot",False,False
0x7db03f566d13b0e096f4fccc70fbc005f81b4444,火星人生,1788620296.0,1788620326.0,26916249.017892096,94,94,1.0,0.0,1788620329.0,3.666214775582236e-05,0.01699176194188423,0.017199602090899324,-0.05824100149519762,0.05367756954557179,carry_forward,177.0,,-0.8949775483411188,-0.8956914874089599,0.0,False,,"no_executable_1h_exit,short_lived_heat,stale_1h_snapshot",False,False
0x3406d1b4195e00e47f9485b1a29c6afe3c4a4444,BINANCE BULL,1788081391.0,1788081421.0,22763876.69382838,70,71,0.9365315195700828,0.031734240214958596,1788081424.0,3.10062746963624e-05,0.019651404263681282,0.019651404263681282,-0.058240712893151025,0.055090253222159546,carry_forward,11.0,,0.3169749906977535,-0.8819578545481982,0.0,False,,"long_horizon_decay,no_executable_1h_exit",False,False
0xbc389468758151e7221a1718286fbd07a4be4444,火星人生,1788744803.0,1788744833.0,26915959.784569383,64,64,1.0,0.0,1788744836.0,3.666175379621802e-05,0.00556644366042236,0.005574941869263217,-0.05715446640681843,0.05545011247794718,carry_forward,13.0,,0.22487253325564227,-0.9008346261328375,0.0,False,,"long_horizon_decay,no_executable_1h_exit",False,False
0x1d46d065106cef58569bb911005cd62880e34444,BEN,1788694734.0,1788694764.0,26224365.15046029,285,285,1.0,0.0,1788694767.0,3.571974495070664e-05,0.022695217271296864,0.022695217271296864,-0.05257764580446911,0.05549787968525477,carry_forward,34.0,,0.23577130956648817,-0.8985878015903691,0.0927580430511237,False,,"long_horizon_decay,no_executable_1h_exit",False,False
0x75d78c030c57d07bc139214cad43ec9582114444,牛神,1788792283.0,1788792313.0,24147729.689992942,277,277,1.0,0.0,1788792316.0,3.289119643950712e-05,-0.0010478206431348003,-0.01233166439254163,-0.05822941269294224,0.05576678215523523,carry_forward,30.0,,-0.8872772461361589,-0.8899425934945339,0.029916692027239334,False,,"no_executable_1h_exit,short_lived_heat",False,False
0x56506432a2715a6ce078f04d1e1059df015e4444,我的女友景甜,1787849305.0,1787849335.0,24149074.65543326,202,202,1.0,0.0,1787849338.0,3.2893028393196755e-05,-0.019118572991455363,-0.019118572991455363,-0.05799756240717879,0.056333167004193996,carry_forward,1.0,,-0.888026364743215,-0.8894170645652848,0.1547027852762939,False,,"no_executable_1h_exit,short_lived_heat",False,False
0x12427c6182f2fba2df48748e415928a5c5e94444,BN 火星,1788660159.0,1788660189.0,26184432.362828534,182,182,1.0,0.0,1788660192.0,3.5665353205427266e-05,-0.0009847642389505529,-0.0009847642389505529,-0.05711769627429408,0.056450145648919925,carry_forward,13.0,,-0.8945918903676557,-0.8967944099402253,0.0,False,,"no_executable_1h_exit,short_lived_heat",False,False
0xbbdb585fce1da87d8fceae32c392336fb0354444,犇来,1788138960.0,1788138990.0,23063034.834255442,10,10,1.0,0.0,1788138993.0,3.141375271974535e-05,0.03005080614883271,0.0301179457073526,-0.05959531979724286,0.056621302681959085,carry_forward,107.0,,-0.8814795327407496,-0.8825724740789613,0.25385635201875745,False,,"no_executable_1h_exit,short_lived_heat,stale_1h_snapshot",False,False
0xb776afa0df1b9855d6c03ac4b3c7725017194444,我的女友景甜,1787840647.0,1787840677.0,24104049.92493148,54,54,1.0,0.0,1787840680.0,3.283170100239929e-05,-0.025167825012588962,-0.022607124308391624,-0.05824100424174883,0.05677733607385349,carry_forward,51.0,,-0.8898048528210691,-0.8898360786554425,0.03188088065753617,False,,"no_executable_1h_exit,short_lived_heat",False,False
0xc825a5d060a464013e396e880f1631a2c22a4444,牛来人生,1788273205.0,1788273235.0,24170685.764099065,34,34,1.0,0.0,1788273238.0,3.2922464502906775e-05,-0.027464929517052483,-0.02530308443478113,-0.053799024777798854,0.05788935766077197,carry_forward,62.0,,0.31283284847426374,-0.8885179608757047,0.2756562667783659,False,,"long_horizon_decay,no_executable_1h_exit,stale_1h_snapshot",False,False
0x3801ee542ee496eedda53740944b5508e6844444,牛来,1786975426.0,1786975456.0,26132044.3594474,58,58,1.0,0.0,1786975459.0,3.559399643059156e-05,0.05311791971766433,0.05311791971766433,-0.05450409584025062,0.057896665223696075,carry_forward,619.0,,0.1876943897753034,-0.8972431554847233,0.18753552886500477,False,,"long_horizon_decay,no_executable_1h_exit,stale_1h_snapshot",False,False
0x3314705228c6542246ffc60956585eafd6054444,神牛币,1788226889.0,1788226919.0,24076230.74814997,261,261,1.0,0.0,1788226922.0,3.2793808992671954e-05,-0.02902527958257728,-0.02902527958257728,-0.0582940893926972,0.058317551963703806,carry_forward,42.0,,-0.8895846568072061,-0.889610154954638,0.03392222172307281,False,,"no_executable_1h_exit,short_lived_heat",False,False
0x9a0387461e5218c6b8c97d89857daec97e434444,One Doller,1788437133.0,1788437163.0,26920107.580868494,223,223,1.0,0.0,1788437166.0,3.6667403436354656e-05,-0.01126287067695686,-0.01126287067695686,-0.05721956415374929,0.05838062526064536,carry_forward,38.0,,-0.8989706885952754,-0.9012148757859314,0.0,False,,"no_executable_1h_exit,short_lived_heat",False,False
0x6cc53046b723c5625495746db096d711f01b4444,牛来人生,1788254096.0,1788254126.0,24118366.474591024,258,258,1.0,0.0,1788254129.0,3.285120132202491e-05,0.014006371502199633,0.014060367961347131,-0.05610367506728542,0.05923790894421743,carry_forward,12.0,,-0.8889561192855977,-0.8889724919769035,0.0025974803099059257,False,,"no_executable_1h_exit,short_lived_heat",False,False
0xd83a9817c42ae6318c16b1c9a4019083414d4444,币股人生,1788873582.0,1788873612.0,29041983.20926724,141,141,1.0,0.0,1788873615.0,3.955757278187237e-05,0.019880657686078607,0.019880657686078607,-0.05824106151185682,0.059999059679593625,carry_forward,252.0,,-0.9073591194329635,-0.9080883229015327,0.0,False,,"no_executable_1h_exit,short_lived_heat,stale_1h_snapshot",False,False
0x2bd0905128e38c6e1045dcc3448e3a29cbfb4444,牛来人生,1788444373.0,1788444403.0,24103031.126311857,284,284,1.0,0.0,1788444406.0,3.283031331477976e-05,-0.015737836168320363,-0.012340231777879351,-0.05820642370164819,0.060849655754530385,carry_forward,13.0,,-0.8883874701437797,-0.8891238856121427,0.004794132665651912,False,,"no_executable_1h_exit,short_lived_heat",False,False
0xd9ebdf1e45bf42d5df4aaf04004d48c6e1454444,景甜人生,1788063481.0,1788063511.0,24106464.529865574,32,32,1.0,0.0,1788063514.0,3.2834989893165855e-05,-0.02957309703183164,-0.02957309703183164,-0.05785770644377719,0.06096960692831055,carry_forward,88.0,,-0.8896332131689775,-0.889755049008474,0.3684408033138343,False,,"no_executable_1h_exit,short_lived_heat,stale_1h_snapshot",False,False
0x7aca8ca2261a48dffa9c79e233968a03cd394444,牛来人生,1788502437.0,1788502467.0,24085921.620629754,285,285,1.0,0.0,1788502470.0,3.28070087590473e-05,-0.024812872581773227,-0.014877820767981165,-0.0569308082623492,0.06143204936357782,carry_forward,71.0,,-0.8896108764680555,-0.8896744491226053,0.017092482262108168,False,,"no_executable_1h_exit,short_lived_heat,stale_1h_snapshot",False,False
0x379dd0c484f0cd604e0fa11ea928f86fef284444,4Stocks Guy,1788870454.0,1788870484.0,27756859.025437757,67,67,1.0,0.0,1788870487.0,3.780712781159371e-05,0.008259968379101812,0.008259968379101812,-0.05823608607346886,0.06213438869145982,carry_forward,170.0,,0.08435364531219158,-0.9040610677258437,0.0,False,,"long_horizon_decay,no_executable_1h_exit,stale_1h_snapshot",False,False
0x92036335fd8b274972e5b081a26ddfb9d82e4444,FOUR 人生,1789267639.0,1789267669.0,24429493.426763583,30,30,1.0,0.0,1789267672.0,3.327498185265481e-05,0.026934803567438603,0.02653148330393429,0.006046618605719978,0.06219233457861684,carry_forward,197.0,,-0.890303365648014,-0.8904964608690742,0.0,False,,"no_executable_1h_exit,short_lived_heat,stale_1h_snapshot",False,False
0xf4b2ba6d449bab38373e2a3252a99a401b774444,孙哥人生,1788047936.0,1788047966.0,22956701.178691152,75,75,1.0,0.0,1788047969.0,3.1268917524130863e-05,0.022975563194211457,0.022975563194211457,-0.058221148514134846,0.06307858659352394,carry_forward,70.0,,0.38659703780793,-0.8833000053644291,0.0,False,,"long_horizon_decay,no_executable_1h_exit,stale_1h_snapshot",False,False
0xfe160b2ed9e69ae5505453b82794f248c0a04444,牛神,1788672327.0,1788672357.0,26163970.944680396,33,33,1.0,0.0,1788672360.0,3.563748306888105e-05,-0.018644669661913693,-0.018714964339347273,-0.055965340418739684,0.06324370964722603,carry_forward,9.0,,-0.898811603828815,-0.898811603828815,0.012315291083804001,False,,"no_executable_1h_exit,short_lived_heat",False,False
0x9e3265692fa5e1e9c7c38d353d6bec7648824444,牛来人生,1788357175.0,1788357205.0,24081619.407798853,59,59,1.0,0.0,1788357208.0,3.2801148790877934e-05,0.017920844766510236,0.017920844766510236,-0.05824109935935751,0.06342868698149728,carry_forward,9.0,,-0.8883594759012645,-0.8887153635489943,0.007693640156244851,False,,"no_executable_1h_exit,short_lived_heat",False,False
0x6b7cb035a41fbacb3874529309f7e2d0474a4444,BROCCOLI BNB,1787668329.0,1787668359.0,24076232.093389273,31,31,1.0,0.0,1787668362.0,3.2793810824998664e-05,0.0544913019622677,0.06618868713495418,-0.058133371318286886,0.06412907775145582,carry_forward,7.0,,0.25121137398251436,-0.8887101505669864,0.05421353153780903,False,,"long_horizon_decay,no_executable_1h_exit",False,False
0x74461f65781e20881c66f515431edfe975f74444,牛来人生,1788707506.0,1788707536.0,26109126.95478767,31,31,1.0,0.0,1788707539.0,3.556278103816238e-05,-0.02339359258070406,-0.0304864764753493,-0.05780302313515451,0.06514967595822041,carry_forward,102.0,,-0.8972094674158417,-0.8975311717361573,0.178220318207563,False,,"no_executable_1h_exit,short_lived_heat,stale_1h_snapshot",False,False
0xff0473ee9fdae714ba25c63e9abe9b1855aa4444,牛来人生,1788423357.0,1788423387.0,24103944.71273986,286,286,0.9999723878639483,1.3806068025828253e-05,1788423390.0,3.283155769472991e-05,-0.00172637057725622,-0.0016663629190627471,-0.0568523765807456,0.06552929346698755,carry_forward,108.0,,-0.8891823990849137,-0.8891823990849137,0.08913559251412494,False,,"no_executable_1h_exit,short_lived_heat,stale_1h_snapshot",False,False
0x63ed578d795476efb8bec530507ef0218c7d4444,BSC MEME,1788777480.0,1788777510.0,26121290.661301225,199,200,0.9829855576130319,0.008507221193484014,1788777513.0,3.55793490081333e-05,-0.0037734845240809944,-0.005182543649537741,-0.0574102151478606,0.06569724305288371,carry_forward,101.0,,-0.8965083399735401,-0.8965338097987434,0.03990337023333124,False,,"no_executable_1h_exit,short_lived_heat,stale_1h_snapshot",False,False
0x98fc87836939de6378296650b92c3c82ddc44444,牛来,1787231382.0,1787231412.0,27219653.870193012,64,67,0.9998741800667058,6.290996664715393e-05,1787231415.0,3.7075410150500585e-05,0.02909211411918,0.02909211411918,-0.056840990799613245,0.06693442871760125,carry_forward,46.0,,0.10626872266769438,-0.8960978739700661,0.0466242714520056,False,,"long_horizon_decay,no_executable_1h_exit",False,False
0x4cbeb0052edfd469c4878ec7eb44f6ff1f524444,我踏牛来,1787218758.0,1787218788.0,26875040.690155085,111,111,0.9998737361720785,6.313191396082292e-05,1787218791.0,3.6606018619876984e-05,0.02200746001092324,0.02200746001092324,-0.0469311249724913,0.06750996920562247,carry_forward,13.0,,-0.9005740646857624,-0.9006229845249452,0.0,False,,"no_executable_1h_exit,short_lived_heat",False,False
0x6951c721940fcf3f432d788f4b194401cfbf4444,BNB CAT,1787800583.0,1787800613.0,26087643.517650295,8,8,1.0,0.0,1787800616.0,3.553351882758802e-05,0.007824800494004025,0.007824800494004025,-0.05452494830610888,0.06875510282339992,carry_forward,36.0,,-0.8970789741144639,-0.8973382255575852,0.0,False,,"no_executable_1h_exit,short_lived_heat",False,False
0x126bf37a27ffef9fb1250ea6f38fc9ee92654444,SHAPAN CZ,1788582719.0,1788582749.0,24074877.519259688,283,283,1.0,0.0,1788582752.0,3.2791965783482963e-05,-0.005413356837306038,-0.005365097698735721,-0.05759953654633476,0.06912538562917936,carry_forward,95.0,,0.4397167121874346,-0.8886080622312396,0.0005912910679481778,False,,"long_horizon_decay,no_executable_1h_exit,stale_1h_snapshot",False,False
0xf0da8e9078ad70f9b861b7c022be7a34d5544444,牛来人生,1788435455.0,1788435485.0,24103000.73860761,284,284,1.0,0.0,1788435488.0,3.283027192422411e-05,0.000685659130232219,0.0007105867520642573,-0.058046605794149664,0.06950589123327067,carry_forward,98.0,,-0.8896674110254671,-0.8897512889865001,0.02552511042263878,False,,"no_executable_1h_exit,short_lived_heat,stale_1h_snapshot",False,False
0x2a9c15504ff885f17cc4774d531a2fa7807e4444,孙哥回忆录,1788075177.0,1788075207.0,23032548.215906654,60,61,0.9491730557638949,0.02541347211805253,1788075210.0,3.137222743493558e-05,0.030722621783660697,0.030722621783660697,-0.05824100672741028,0.06959077280940118,carry_forward,8.0,,-0.8841320583850053,-0.8839574675038502,0.0,False,,"no_executable_1h_exit,short_lived_heat",False,False
0xc4fd1fed8f217dc9ce2b5c4f6eb0116887eb4444,BINANCE STONKS,1788537465.0,1788537495.0,24074877.325574975,283,283,1.0,0.0,1788537498.0,3.279196551966844e-05,-0.0379232229610762,-0.0352829852094263,-0.058226107571426655,0.07082897054050075,carry_forward,37.0,,-0.888627514152836,-0.8886062219156454,0.24164303746005503,False,,"no_executable_1h_exit,short_lived_heat",False,False
0x19fe004ac122901b9230311308db5a6b078d4444,牛来人生,1788350643.0,1788350673.0,24162044.90603537,34,34,1.0,0.0,1788350676.0,3.291069494263641e-05,-0.00300939313441273,-0.00300939313441273,-0.0571943172491568,0.07422478884030115,event,1.0,0.07422478884030115,-0.8899718144636398,-0.8899718144636398,0.06511841690680685,False,,short_lived_heat,False,False
0x8ea99564e427771e51783a78ab0045000a7f4444,景甜回忆录,1787969989.0,1787970019.0,22030998.609022498,97,97,0.915379847629161,0.04231007618541948,1787970022.0,3.0008034391247935e-05,0.043417557952517116,0.043417557952517116,-0.05874405231018254,0.07559832450099058,carry_forward,37.0,,-0.8740984757160255,-0.8752689149763199,0.0,False,,"no_executable_1h_exit,short_lived_heat",False,False
0x31de388dba1b8604df04da1d48cedc66604e4444,牛来人生,1788397933.0,1788397963.0,24078824.855663884,31,31,1.0,0.0,1788397966.0,3.2797342380734554e-05,-0.013077969584600169,-0.0013860036082568028,-0.05808610485053434,0.07591804247293776,carry_forward,52.0,,-0.888429058756621,-0.8890544019258426,0.06626683917222835,False,,"no_executable_1h_exit,short_lived_heat",False,False
0x51893147237fa0b2383faae727ab28ae80794444,BNB MARGE,1787820010.0,1787820040.0,24086016.250539474,31,31,1.0,0.0,1787820043.0,3.280713765277725e-05,-0.01968341694027398,-0.019935076333956747,-0.057804790886155866,0.07695704974962236,carry_forward,23.0,,-0.8896593344118546,-0.8897345267882031,0.0030594542870195276,False,,"no_executable_1h_exit,short_lived_heat",False,False
0x547c0bd7b6d40ae83ddb4d65a2d6c55203814444,鹏来币,1788144965.0,1788144995.0,24074877.138353534,283,283,1.0,0.0,1788144998.0,3.2791965264657414e-05,-0.020720142304289868,0.0028860709495686088,-0.057717907463519125,0.07716883139373865,carry_forward,7.0,,0.4391784582515912,-0.8894100637201103,0.002714725909334884,False,,"long_horizon_decay,no_executable_1h_exit",False,False
0x8b809448645b5b5ebf03ae710b5c549731024444,牛来人生,1788700858.0,1788700888.0,26183048.56653464,271,271,1.0,0.0,1788700891.0,3.566346836091728e-05,0.017627863524705356,0.032502160809350755,-0.06003665727858154,0.07729100388547616,carry_forward,60.0,,-0.89777538994892,-0.89777538994892,0.27696539357005645,False,,"no_executable_1h_exit,short_lived_heat",False,False
0xd4e786eab3ddd57bc84892b7a263658805974444,牛来BINANCE,1787471585.0,1787471615.0,24078940.114680007,31,31,1.0,0.0,1787471618.0,3.279749937300626e-05,-0.03274152607810321,-0.03274152607810321,-0.05771269452410632,0.07794321794317605,carry_forward,7.0,,-0.8896812109825281,-0.8897092159079987,0.11151857462569845,False,,"no_executable_1h_exit,short_lived_heat",False,False
0x65ccab7a5ca4365d79793562f030c8e9dbc44444,牛来人生,1788416785.0,1788416815.0,24074863.234656744,214,214,1.0,0.0,1788416818.0,3.27919463266774e-05,-0.0193237540439799,-0.009488493975527312,-0.0572727909711116,0.07841662114713133,carry_forward,7.0,,-0.8894401701713301,-0.8894916473909117,0.00034999410476557025,False,,"no_executable_1h_exit,short_lived_heat",False,False
0x0144c1a334356cd2e9698f786e453a520d3a4444,牛来人生,1788334618.0,1788334648.0,24184864.14232211,285,287,1.0,0.0,1788334651.0,3.294177662165725e-05,0.001423654684048703,0.001423654684048703,-0.05813228268113124,0.0784421991147024,carry_forward,1.0,,-0.8896775208108418,-0.8899643598977083,0.0028292744528834964,False,,"no_executable_1h_exit,short_lived_heat",False,False
0x6c22b6f4d3280dbaa29da4c597ddb46a8b504444,我的女友景甜,1787987696.0,1787987726.0,24074872.396238413,200,200,1.0,0.0,1787987729.0,3.27919588055061e-05,-0.025965796885037973,-0.025898559395130638,-0.05781944171491138,0.07876578069527307,carry_forward,23.0,,-0.8858954821522762,-0.8891321607390762,0.018657303985092185,False,,"no_executable_1h_exit,short_lived_heat",False,False
0x327f435fb1bee2e2dc40ac928810daec41164444,牛来人生,1788247454.0,1788247484.0,24407519.605919737,273,273,1.0,0.0,1788247487.0,3.324505169908841e-05,-0.03753948047185074,-0.03404703192024949,-0.06469657131111795,0.07910189161449166,carry_forward,37.0,,-0.8906211795340138,-0.8906252815457572,0.5128931569287839,False,,"no_executable_1h_exit,short_lived_heat",False,False
0xae9b4d41c5c36dee254cc77b4d854b4805624444,牛来火星,1788607184.0,1788607214.0,27020802.2630473,192,192,1.0,0.0,1788607217.0,3.68045578858402e-05,-0.009672031025859007,-0.009672031025859007,-0.0582411046102419,0.07983811993565437,carry_forward,52.0,,-0.9006259639711793,-0.8874711253449229,0.06477759153668661,False,,"no_executable_1h_exit,short_lived_heat",False,False
0x41256ced651c6b6d30433cdd5fa810aa03124444,4 SEASON 🔶,1788853086.0,1788853116.0,26153317.058551002,280,280,0.9982444517302249,0.0008777741348875135,1788853119.0,3.562297159860932e-05,0.03490212782757385,0.038303636935111074,-0.0570854414259232,0.07991836237682137,carry_forward,71.0,,-0.8981282550821589,-0.898318411313992,0.038627890993514234,False,,"no_executable_1h_exit,short_lived_heat,stale_1h_snapshot",False,False
0x1debf67c9390824e3be3d04663f241b65b224444,牛来人生,1788920668.0,1788920698.0,26112346.530264128,269,269,0.991317513269048,0.004341243365475883,1788920701.0,3.556716636509818e-05,-0.019874154597892768,-0.019874154597892768,-0.05811829211858399,0.08006655898550807,carry_forward,15.0,,-0.8980830905325556,-0.8980830905325556,0.03287481095562108,False,,"no_executable_1h_exit,short_lived_heat",False,False
0x61f186f15cccbd0bdb586fdcfc5cbb90eefd4444,火星人生,1788318502.0,1788318532.0,24768913.664151307,92,93,1.0,0.0,1788318535.0,3.373730016774222e-05,0.04440288051201513,0.04440288051201513,-0.03998626195548827,0.08007521311214583,carry_forward,188.0,,-0.8920723130381946,-0.891999651962444,0.0,False,,"no_executable_1h_exit,short_lived_heat,stale_1h_snapshot",False,False
0x7d79114a9e98194a6d98970dea95cab707cf4444,BNB STONKS,1788572779.0,1788572809.0,24154196.822590224,285,285,0.999465122238776,0.0002674388806119573,1788572812.0,3.290000520668268e-05,0.007423491674400262,0.006704176464691791,-0.05784793792587373,0.08085490397122852,carry_forward,3.0,,-0.8892111623106321,-0.8893135916742568,0.029379389873507626,False,,"no_executable_1h_exit,short_lived_heat",False,False
0xe540eeb221d6f0fc486581bc22e98651a3d74444,牛来人生,1788510170.0,1788510200.0,24094683.124640133,85,85,1.0,0.0,1788510203.0,3.281894264903242e-05,-0.006000518810116762,-0.006239168435512421,-0.058240873254716274,0.0827455939526438,carry_forward,61.0,,-0.8898995642680724,-0.890035528348866,0.00428359901395335,False,,"no_executable_1h_exit,short_lived_heat,stale_1h_snapshot",False,False
0xe65ac5768ec3cab6225fe4749b4c97fc9e804444,CZ HAT,1787205619.0,1787205649.0,22151371.459052835,32,32,1.0,0.0,1787205652.0,3.017199212587389e-05,0.06275094454181218,0.06295456722124859,-0.057895702289962214,0.08375154579347477,carry_forward,60.0,,0.39985028776227605,-0.879317133798604,0.0,False,,"long_horizon_decay,no_executable_1h_exit",False,False
0x037369970a945e2ff79137376117fd210d154444,神牛,1788677704.0,1788677734.0,26185471.157135338,187,187,1.0,0.0,1788677737.0,3.56667681288194e-05,-0.006553010747374133,-0.006553010747374133,-0.057869667156628446,0.08391101704248749,carry_forward,8.0,,-0.8981917302274411,-0.8981306144677467,0.14124047101112477,False,,"no_executable_1h_exit,short_lived_heat",False,False
0x85630650f33d46cce51046da294a8fc4a5f44444,CZCAT,1787493096.0,1787493126.0,23665974.781124517,11,11,0.9979838300005182,0.001008084999740863,1787493129.0,3.2235006580389444e-05,0.05126185061580091,0.05284105639197789,-0.058229084232606865,0.08521548367694876,carry_forward,54.0,,0.2356294668435015,-0.8798779887444943,0.2718560930409148,False,,"long_horizon_decay,no_executable_1h_exit",False,False
0x68f81b6d0cea190ee986875da5d118bd21614444,川普硬币,1788429814.0,1788429844.0,26864094.56626138,113,113,1.0,0.0,1788429847.0,3.659110909770405e-05,0.014429987822556223,0.012963890677839318,-0.057402051701539114,0.0859479634309781,carry_forward,104.0,,-0.897699975282773,-0.8979762500180019,0.0,False,,"no_executable_1h_exit,short_lived_heat,stale_1h_snapshot",False,False
0x39ecade8338f65310a76fc971ee968a4cd934444,景甜人生,1788052031.0,1788052061.0,24074877.188721064,283,283,1.0,0.0,1788052064.0,3.2791965333262136e-05,-0.013409225823404758,-0.010928540709317813,-0.05781638921794663,0.08677337657241457,carry_forward,47.0,,-0.8895045439519771,-0.8895535670385444,0.07084536363799666,False,,"no_executable_1h_exit,short_lived_heat",False,False
0xa8d717269973e627443d3a4d296f54ee70af4444,BINANCE HAT,1787710304.0,1787710334.0,22621597.837430626,30,30,1.0,0.0,1787710337.0,3.081247917707156e-05,0.023318094045515103,0.023318094045515103,0.0024383710492663635,0.08787179344590812,carry_forward,24.0,,-0.8829459527374531,-0.8829260810114083,0.43955901323251795,False,,"no_executable_1h_exit,short_lived_heat",False,False
0x3cb534a3e3db9af84bff1d4d86cd58f4f24f4444,Trump 1💲,1788488968.0,1788488998.0,26795221.04317005,149,149,1.0,0.0,1788489001.0,3.649729768741579e-05,0.03687323977990964,0.03687323977990964,-0.058241113032127645,0.08837871090902127,carry_forward,4.0,,-0.900391197219008,-0.9004746710652339,0.0,False,,"no_executable_1h_exit,short_lived_heat",False,False
0xd324720b68ad42d61a2d0cd99111e7562eff4444,币股人生,1788859531.0,1788859561.0,29346206.64293462,37,37,1.0,0.0,1788859564.0,3.997195015178313e-05,0.041235504825666736,0.040829425307682854,-0.05754225499660437,0.08909423642000713,carry_forward,48.0,,-0.9084231917388382,-0.9084539053564679,0.0,False,,"no_executable_1h_exit,short_lived_heat",False,False
0x946ebdc265891556e209339160c342fd0e304444,我踏牛来,1788598578.0,1788598608.0,26862983.094865296,23,23,1.0,0.0,1788598611.0,3.658959518213125e-05,0.020203273321362625,0.020203273321362625,-0.05824097930066763,0.08991815720435214,carry_forward,33.0,,-0.8963001846232579,-0.8962348763908184,0.0,False,,"no_executable_1h_exit,short_lived_heat",False,False
0x0778abc01ca5c20c1fb7099dd1fa07cdd6504444,神牛,1788659245.0,1788659275.0,28226641.31937282,100,100,1.0,0.0,1788659278.0,3.844700998320937e-05,0.013297872289466328,0.015122916542777753,-0.05824097974202713,0.09032748812312819,carry_forward,29.0,,-0.9059283789327217,-0.9059283789327217,0.03553763020089656,False,,"no_executable_1h_exit,short_lived_heat",False,False
0x10ba70d4a605593cc40452615d866ca5575e4444,MFGA,1788848510.0,1788848540.0,26112239.4327471,31,31,1.0,0.0,1788848543.0,3.556702048946034e-05,0.028910272198050757,0.028910272198050757,-0.056590300404197436,0.09110348588293182,carry_forward,85.0,,-0.896871337906338,-0.8970710137713246,0.0008915970450477454,False,,"no_executable_1h_exit,short_lived_heat,stale_1h_snapshot",False,False
0xe1bc37dafd1ed575b8a9ddca4129f69063a94444,牛来人生,1788327934.0,1788327964.0,24102090.76903986,284,284,1.0,0.0,1788327967.0,3.282903247073547e-05,-0.01904877918697434,-0.01605496530481798,-0.05823056555001083,0.09141421900334046,carry_forward,10.0,,-0.889325727955947,-0.8893487053145394,0.03356213799312122,False,,"no_executable_1h_exit,short_lived_heat",False,False
0x0cf62b727e2f99c01318a20aff7c5e0d95534444,BICAT,1787483893.0,1787483923.0,24102716.438514695,32,32,1.0,0.0,1787483926.0,3.2829884684085016e-05,-0.030522731432919725,-0.030522731432919725,-0.0542024443815301,0.09241360974678448,carry_forward,7.0,,-0.8897879123699711,-0.8898299563353322,0.0,False,,"no_executable_1h_exit,short_lived_heat",False,False
0xaa68c7a3b560ef7dc1e09a2e304bf2890f774444,牛来人生,1789165722.0,1789165752.0,26098841.786191683,31,31,1.0,0.0,1789165755.0,3.554877179153559e-05,-0.013996081014140627,-0.014373120847922194,-0.05783725672291706,0.09275933275183768,carry_forward,64.0,,-0.8959875154710972,-0.8985577360474682,0.22514765100006923,False,,"no_executable_1h_exit,short_lived_heat,stale_1h_snapshot",False,False
0xa2a79537331345adc42c1f3f66161b69e4b94444,我踏牛来,1787128447.0,1787128477.0,27248552.740684737,10,11,0.9998826035144176,5.869824279127872e-05,1787128480.0,3.711477279197561e-05,0.0061906904017634545,0.0061906904017634545,-0.0538816350359369,0.0937533366576504,carry_forward,17.0,,-0.901744784975786,-0.9019286034424377,0.0,False,,"no_executable_1h_exit,short_lived_heat",False,False
0x6b28d7ffb4f3cf52e5079c8696f1ccfa65f74444,牛神币,1788171811.0,1788171841.0,24082735.51826356,155,155,0.9998284385490802,8.578072545990093e-05,1788171844.0,3.280266902524423e-05,0.013602874355602923,0.013602874355602923,-0.057723713553969214,0.09390625268287356,carry_forward,190.0,,-0.8876084579143707,-0.8882239863074162,0.2975515803090618,False,,"no_executable_1h_exit,short_lived_heat,stale_1h_snapshot",False,False
0x8c360fb6614ba349c3667fc243deaf492d874444,一骑牛来,1787147704.0,1787147734.0,27015444.991247617,131,133,0.9998763654022317,6.181729888417659e-05,1787147737.0,3.679726084046967e-05,0.0030407200116475686,0.0028595388588057435,-0.05691884457461882,0.09406938151032973,carry_forward,28.0,,-0.8990359537230779,-0.9008007155444464,0.22842077414421189,False,,"no_executable_1h_exit,short_lived_heat",False,False
0x3231d6c468dd42f4425107d0144a8bbc10904444,美团老鼠,1786882250.0,1786882280.0,219017.48531470654,18,20,0.2066168294296515,0.3966915852851742,1786882283.0,2.98319851416847e-07,0.20217122880577953,0.32812943347199286,-0.14810972899274677,0.09440370656707953,carry_forward,105.0,,-0.1841061936785111,-0.2262878363324774,0.43374953402403515,False,,"no_executable_1h_exit,short_lived_heat,stale_1h_snapshot",False,False
0xf7c3473e230dce5bfbe9a5e4fd85c58f9c344444,Laptop Coin,1788949408.0,1788949438.0,28200900.427815426,226,226,1.0,0.0,1788949441.0,3.841194876910719e-05,0.03541664145106349,0.034997788103413585,-0.058241099610170544,0.09495359258536107,carry_forward,62.0,,-0.9056536577073462,-0.9056354997498262,0.0,False,,"no_executable_1h_exit,short_lived_heat,stale_1h_snapshot",False,False
0x107586be62696c1d9672c5685f9ed402b4f94444,BNBCAT,1787663774.0,1787663804.0,24491190.63214516,10,10,0.9962418302628069,0.0018790848685965758,1787663807.0,3.3359018527241865e-05,0.05690380845378007,0.05622102063111334,-0.058134370238289934,0.09859562413393852,carry_forward,46.0,,-0.8898632736335542,-0.8798980977765122,0.0,False,,"no_executable_1h_exit,short_lived_heat",False,False
0xd14191fc9564dad721b3d2df800d573ae1ed4444,牛来人生,1789178445.0,1789178475.0,24178055.74554827,284,284,1.0,0.0,1789178478.0,3.293250302456961e-05,-0.04696959711443427,-0.04696959711443427,-0.061996988862576985,0.09915001300082094,carry_forward,12.0,,0.40038929151078095,-0.8902421460264314,0.5715191820925793,False,,"long_horizon_decay,no_executable_1h_exit",False,False
0xdd26d185d40dc57b95011b1328699e5369624444,BNC4 人生,1788936889.0,1788936919.0,24192937.302815385,82,82,1.0,0.0,1788936922.0,3.295277293108597e-05,-0.031412955018510935,-0.031412955018510935,-0.05824110845595154,0.10025081780152423,carry_forward,41.0,,-0.8897026541576073,-0.8899938627117845,0.10834265796096026,False,,"no_executable_1h_exit,short_lived_heat",False,False
0x0645d2dca877d18569a8314ba74f7f5e050f4444,BNB SEASON 🔶,1789109524.0,1789109554.0,24139590.306748584,124,124,1.0,0.0,1789109557.0,3.2880109929237896e-05,0.022913920620703854,0.022913920620703854,-0.06043196965249986,0.10289036305306021,carry_forward,4.0,,0.3616111489954237,-0.8893517716494002,0.2511319927153685,False,,"long_horizon_decay,no_executable_1h_exit",False,False
0x96aac01da18032a8da48722b779e7c29ab444444,景甜人生,1787853429.0,1787853459.0,23497133.357405767,9,9,1.0,0.0,1787853462.0,3.200503065694017e-05,0.07015694901953928,0.07015694901953928,-0.07668783845675842,0.10304172766223729,carry_forward,141.0,,-0.8848753864529901,-0.8853733968609893,0.8946160467972218,False,,"no_executable_1h_exit,post_confirmation_sell_wave,short_lived_heat,stale_1h_snapshot",False,False
0x5c319a608bdf0c8778bc74fdb517f8707f294444,HOMER,1789059111.0,1789059141.0,24123190.947520886,32,32,0.985323647254192,0.007338176372903996,1789059144.0,3.285777265145795e-05,-0.020279793923213774,-0.020047281420704888,-0.05910443135503851,0.10427548508494566,carry_forward,13.0,,-0.8885757650367696,-0.8887949696152716,0.0,False,,"no_executable_1h_exit,short_lived_heat",False,False
0xaccddd66a60cb679a58288d965e45ca813264444,牛基米,1788770202.0,1788770232.0,24074863.631230947,284,284,0.9945058424558956,0.002747078772052255,1788770235.0,3.279194686684412e-05,0.013153065769214711,0.013153065769214711,-0.057704220939918116,0.10526187458590419,event,1.0,0.10526187458590419,0.4550893507770353,-0.8887276138197466,0.032489114411633546,False,,long_horizon_decay,False,False
0x899a10361b21bd43644d32bde8591cf555844444,King Coin,1787562218.0,1787562248.0,23950114.785272386,12,12,1.0,0.0,1787562251.0,3.26220286653941e-05,0.06811105881027468,0.06811105881027468,-0.02536445508342111,0.10589333557089575,carry_forward,5.0,,-0.8874258775221077,-0.8874533471834971,0.0,False,,"no_executable_1h_exit,short_lived_heat",False,False
0x5cb2331de31625654aa365fd15e7c0f03c054444,4 SEASON 🔶,1788864275.0,1788864305.0,24074863.631006964,278,278,1.0,0.0,1788864308.0,3.279194686653904e-05,-0.05187473170177059,-0.04681299161586949,-0.058241017089943226,0.10669225036884167,carry_forward,5.0,,0.3248884865527739,-0.8893260742624578,0.12831668202696755,False,,"long_horizon_decay,no_executable_1h_exit",False,False
0x480612b5c76d6a84b62c42c03758cab60b744444,景甜人生,1787859591.0,1787859621.0,23384285.54440006,9,9,0.9219999991913798,0.0390000004043101,1787859624.0,3.185132264243984e-05,0.09248828056517255,0.09248828056517255,0.011819784513151799,0.10801999311629351,carry_forward,384.0,,-0.8818394678018241,-0.8825716302335702,0.0,False,,"no_executable_1h_exit,short_lived_heat,stale_1h_snapshot",False,False
0xcc931932f155ab12f1c48528a1df17af5f5b4444,牛 牪 犇,1788152408.0,1788152438.0,22503059.393616877,30,30,0.9167478988363266,0.04162605058183671,1788152441.0,3.06510200547787e-05,0.08895778856551728,0.08895778856551728,-0.05824016575672153,0.10868267967051781,carry_forward,14.0,,-0.8802282898511264,-0.8805888000073531,0.0037393907472804753,False,,"no_executable_1h_exit,short_lived_heat",False,False
0xbf642af28cd2d3bc598cccdac66f1d89d2e34444,币安镇长,1789137206.0,1789137236.0,24076838.548069324,31,31,1.0,0.0,1789137239.0,3.2794636866215355e-05,0.005484066395179843,0.005541102424002853,-0.05737504362092971,0.11386458242893083,carry_forward,11.0,,0.6647982560120493,0.6647982560120493,0.12430419954574605,True,1789148658,no_executable_1h_exit,False,False
0xa760621b9b6c72355417e7c364445144ead54444,币安人生书友会,1787806244.0,1787806274.0,22621597.837430626,30,30,1.0,0.0,1787806277.0,3.081247917707156e-05,0.03303689566680457,0.03688629947687794,0.0028184628507337273,0.11394413406943693,carry_forward,25.0,,-0.8826372237660833,-0.8826680869636386,0.07908327760736318,False,,"no_executable_1h_exit,short_lived_heat",False,False
0xb0d0873bf95608113620c1b3d1ff4384b53f4444,我踏牛来,1788421008.0,1788421038.0,26791641.78908855,290,290,1.0,0.0,1788421041.0,3.6492422448599853e-05,0.04337609896361516,0.04337609896361516,-0.04809610784033491,0.11437471055220949,carry_forward,66.0,,-0.9006857398596387,-0.9007682417522502,0.01847170388299136,False,,"no_executable_1h_exit,short_lived_heat,stale_1h_snapshot",False,False
0x302246fcf26a9a4e00c7b2a72bcbc57486c4ffff,FourCharity,1787024241.0,1787024271.0,213666.6561399182,10,10,1.0,0.0,1787024274.0,2.91031581431982e-07,0.07551496667458246,0.09471839362542211,-0.04549403404039998,0.1157488031145435,carry_forward,53.0,,0.1148652375231729,0.1348496951521978,0.0,False,,no_executable_1h_exit,False,False
0x76e2624aec8e2d4b0730e67f9032a5ca33834444,牛来人生,1788314887.0,1788314917.0,24098536.061543982,286,286,1.0,0.0,1788314920.0,3.28241906663906e-05,0.02401561275874431,0.02401561275874431,-0.05762909887995471,0.11685511696462458,carry_forward,7.0,,-0.8872759956348395,-0.8866047223295964,0.09369672680040307,False,,"no_executable_1h_exit,short_lived_heat",False,False
0x8d82007c28240088ec2a67f4a7c0c41b29d94444,The GOAT Trump,1788506907.0,1788506937.0,27464972.6475124,164,164,1.0,0.0,1788506940.0,3.740955452757863e-05,0.041167304632924395,0.041167304632924395,-0.05824110709460306,0.11872229230215159,carry_forward,1.0,,-0.9025328076941851,-0.9026634671424072,0.38974909853525713,False,,"no_executable_1h_exit,short_lived_heat",False,False
0x8867adb5ed5e98cc70262e0917a92ec911554444,CZ Bull,1787329081.0,1787329111.0,23829076.876011115,10,10,0.9963386573422266,0.0018306713288867007,1787329114.0,3.245716506532699e-05,0.10665557288166672,0.10824624312796916,-0.09381521412162874,0.11884406679542558,carry_forward,13.0,,0.1734548978324515,-0.8843785419658161,0.196009581618793,False,,"long_horizon_decay,no_executable_1h_exit",False,False
0x94304f34f716d87a3780d5d0faaff67b2134ffff,PuiPui,1788344910.0,1788344940.0,6345680.34946792,5,5,1.0,0.0,1788344943.0,8.643339212264082e-06,0.03344958042269619,0.03344958042269619,-0.05324882590028679,0.12043244450036594,carry_forward,13.0,,0.9662821327923159,-0.5825697693526116,0.20241085185314278,False,,"long_horizon_decay,no_executable_1h_exit",False,False
0x6230ad1e1d3f6fab7cd1d42abd695a2e20784444,NB SEASON 🔶,1788756743.0,1788756773.0,24429493.426763583,30,30,1.0,0.0,1788756776.0,3.327498185265481e-05,0.024669219550257804,0.038236672648556125,0.006040888439449166,0.12158742030460035,carry_forward,11.0,,-0.8908991108074117,-0.8910500431056398,0.003688866691869183,False,,"no_executable_1h_exit,short_lived_heat",False,False
0x8e696bc37df8c1d05a829cce8af7f4ed90904444,BINANCE BIMPSONS,1789252184.0,1789252214.0,22621597.837430626,30,30,1.0,0.0,1789252217.0,3.081247917707156e-05,0.020756253493843246,0.024109211283075638,0.002798369439209747,0.12167345138468888,carry_forward,19.0,,-0.8822281426886593,-0.8823094377412377,0.09794302659254464,False,,"no_executable_1h_exit,short_lived_heat",False,False
0xd4ee5ecf23955730a0742bfa7ee17db7145d4444,牛来,1786797416.0,1786797446.0,25738017.802538272,7,7,0.9997035701935475,0.00014821490322618325,1786797449.0,3.5057299811403724e-05,0.07426599941950185,0.07426599941950185,0.009894170131171665,0.12192875225404731,carry_forward,34.0,,-0.8954800350470354,-0.8955964688357043,0.014380109198553662,False,,"no_executable_1h_exit,short_lived_heat",False,False
0x7d52116b618cf9c9663a1ec40f42b5860c114444,牛来 CZ,1787654777.0,1787654807.0,24085977.422382873,201,201,1.0,0.0,1787654810.0,3.28070847656304e-05,0.0022734942445021833,0.0022734942445021833,-0.058669953334370084,0.12231092374362484,carry_forward,12.0,,-0.8893456382367049,-0.8900258011137581,0.11849447156192006,False,,"no_executable_1h_exit,short_lived_heat",False,False
0x2d3107155659b43624c0fa9849cd943bcc7b4444,MARGE🔶,1789139985.0,1789140015.0,24429493.426763583,30,30,1.0,0.0,1789140018.0,3.327498185265481e-05,0.04681041391891583,0.04681993144439289,0.006192571559841209,0.1244421149812398,carry_forward,25.0,,0.35171118343223173,0.609038978011049,0.009332886678008405,True,1789165617,no_executable_1h_exit,False,False
0x29c5e40bf953a0480e3a59a02e5083c2807d4444,CZ 牛来,1787649302.0,1787649332.0,24088637.178698882,31,31,1.0,0.0,1787649335.0,3.281070757276773e-05,-0.01411415428893259,-0.013633359234520803,-0.058572621948091985,0.12472697231611152,carry_forward,11.0,,-0.8899966616910392,-0.890049205167987,0.25833110791628616,False,,"no_executable_1h_exit,short_lived_heat",False,False
0xf28b70a1ecfe2ebd9b8cc96cd3f9f0d9d3d04444,孙哥人生,1788012589.0,1788012619.0,23178640.39741705,79,79,1.0,0.0,1788012622.0,3.1571217017062876e-05,0.0007275184313362271,0.0007275184313362271,-0.059241289365587146,0.12570130120941214,carry_forward,4.0,,-0.8827338838340044,-0.8851290339095923,0.3695665459154841,False,,"no_executable_1h_exit,short_lived_heat",False,False
0x7134416bc516215f4e66973d825aa9e7990d4444,牛来,1786875637.0,1786875667.0,27750251.91248334,12,14,0.9711447399504354,0.014427630024782364,1786875670.0,3.779812837964414e-05,0.042040579358878505,0.042040579358878505,-0.05857869792062531,0.1268699460194438,carry_forward,31.0,,-0.9040256503350267,-0.9040557930070211,0.14596849210649981,False,,"no_executable_1h_exit,short_lived_heat",False,False
0xd8568faa80bb15513bcb374c0050572ebcd34444,我的女友景甜,1787997792.0,1787997822.0,24074868.383151624,137,137,1.0,0.0,1787997825.0,3.279195333935141e-05,-0.01910778189225415,-0.01910778189225415,-0.058241016689074776,0.1293156152170558,carry_forward,72.0,,-0.8893379249936373,-0.8894689423151854,0.0011610744988066217,False,,"no_executable_1h_exit,short_lived_heat,stale_1h_snapshot",False,False
0xac68ec9832234e60e6d1294f4c2a79989a804444,人牛何一,1787748246.0,1787748276.0,14053810.492175598,33,33,0.9998373221096264,8.133894518678135e-05,1787748279.0,1.914244724270346e-05,0.021282122305969375,0.022237778942681086,-0.06434486113278204,0.13020274375360263,carry_forward,1.0,,-0.80877349562558,-0.8112066966112519,0.3690990604230946,False,,"no_executable_1h_exit,short_lived_heat",False,False
0x7d00ea5f68098c93e610e03c9242d10ebe704444,牛神,1788836936.0,1788836966.0,13656032.350442545,31,31,1.0,0.0,1788836969.0,1.860064065603681e-05,-0.05615614290168469,-0.030997941533613793,-0.05812161098682522,0.13044892078932868,event,0.0,0.13044892078932868,-0.8057968087215778,-0.805900950122092,0.0,False,,short_lived_heat,False,False
0xb44e98c4593764b41b8539783e688e6515794444,神牛,1789088815.0,1789088845.0,24429493.426763583,30,30,1.0,0.0,1789088848.0,3.327498185265481e-05,0.04249410324047309,0.04249410324047309,0.008656960834092287,0.13173017518105112,carry_forward,4.0,,0.43016080905719156,-0.8905096849712869,0.0,False,,"long_horizon_decay,no_executable_1h_exit",False,False
0x6e0af9ac1392700f24c2cff838a319b756f8ffff,SAFEMOON,1786885884.0,1786885914.0,269305.2825272266,106,203,0.3894105230346172,0.3052947384826914,1786885917.0,3.6681597249577976e-07,0.13176431054358861,0.13176431054358861,-0.2104492680194201,0.13176431054358861,carry_forward,3573.0,,0.13176431054358861,0.13176431054358861,0.716985042846409,True,1786885944,"early_adverse_move,no_executable_1h_exit,post_confirmation_sell_wave,stale_1h_snapshot",False,False
0x268d6468a1056cdc3aeb8e1fbde1c473cd964444,我的女友景甜,1787903901.0,1787903931.0,24074866.19455942,100,101,0.9968635755786268,0.0015682122106865626,1787903934.0,3.2791950358308595e-05,0.00674625292409714,0.011912473118363298,-0.05780751431245268,0.13236604597794455,carry_forward,18.0,,-0.8889090959951078,-0.8891824639027657,0.0020445569049342784,False,,"no_executable_1h_exit,short_lived_heat",False,False
0xd643278e1524222621fe636a2f2a4f3ef4814444,BINANCE BULL,1787658564.0,1787658594.0,26252344.733164165,18,18,0.9967691286202169,0.0016154356898915095,1787658597.0,3.57578554465099e-05,0.06409471547751444,0.06523988813404169,-0.0581997676221746,0.13329523184068393,carry_forward,66.0,,-0.898706984219185,-0.8965218030719003,0.0,False,,"no_executable_1h_exit,short_lived_heat,stale_1h_snapshot",False,False
0x13267a8bcc2702c64249d01fcd15ee0583694444,牛来币安,1787211836.0,1787211866.0,26812377.409936752,12,13,0.9997128707779863,0.0001435646110067298,1787211869.0,3.652066607180456e-05,0.046650536491101846,0.046650536491101846,-0.05878367655103589,0.13929554653585186,carry_forward,13.0,,-0.9000849047230655,-0.9001759059171238,0.25595785366591994,False,,"no_executable_1h_exit,short_lived_heat",False,False
0x174fd40c68b1945202dabdd2294818f332fd4444,我的女友景甜,1787970700.0,1787970730.0,24129114.302501936,201,201,1.0,0.0,1787970733.0,3.28658407487393e-05,0.01966588082307119,0.01917670144176431,-0.05821468264765983,0.14076938926043248,carry_forward,18.0,,-0.8888787339011571,-0.8889127930625169,0.29809955218322254,False,,"no_executable_1h_exit,short_lived_heat",False,False
0xcf6a38533862982301ffc2f7026208f838c54444,神牛,1788588963.0,1788588993.0,26120593.96961184,284,284,1.0,0.0,1788588996.0,3.5578400056678754e-05,-0.015394561245015148,-0.015871574592858484,-0.05724997381537067,0.14109195862690438,carry_forward,10.0,,-0.8980170678203034,-0.8980170678203034,0.18530128409293697,False,,"no_executable_1h_exit,short_lived_heat",False,False
0xfbe707e308a48fe7a7b26d34a414017d57fe4444,我的女友景甜,1787930874.0,1787930904.0,24074872.271539178,200,200,1.0,0.0,1787930907.0,3.279195863565547e-05,-0.009227086988644717,-0.00798510076503911,-0.0582141644073797,0.1423819333324723,event,2.0,0.1423819333324723,-0.8880659354068647,-0.889287915250888,0.00619860683359951,False,,short_lived_heat,False,False
0x0664b7c36270808363a3b8cf04957a5a5be64444,景甜人生,1787930751.0,1787930781.0,22932772.175636824,107,107,0.9822064996328892,0.008896750183555393,1787930784.0,3.1236324251381595e-05,0.06220211581172341,0.06220211581172341,-0.058802861384266936,0.1443373964034136,carry_forward,50.0,,0.18413389102404443,-0.8822682489144986,0.3902627371746998,False,,"long_horizon_decay,no_executable_1h_exit",False,False
0xcab5b5a8b7afc1b9c4eb8edf26bbf089526b4444,CZ Bull,1787385172.0,1787385202.0,25322125.98315555,13,14,0.7660477116622698,0.11697614416886515,1787385205.0,3.4490820904089723e-05,0.018438310108733758,0.018673512965003747,-0.030755291061312695,0.14570899492595424,carry_forward,38.0,,-0.8951035596965388,-0.8951541686576584,0.10597101690639227,False,,"no_executable_1h_exit,short_lived_heat",False,False
0x57c28c1ad572472b0e99f2cf9ce06f4935e14444,我的女友景甜,1787919024.0,1787919054.0,24074872.26435429,200,200,1.0,0.0,1787919057.0,3.279195862586906e-05,0.011712704229922322,0.011712704229922322,-0.058214037762443493,0.14717472556836908,carry_forward,18.0,,-0.8883818543408115,-0.8890766546820934,0.06570313060466351,False,,"no_executable_1h_exit,short_lived_heat",False,False
0xfa6e7116ea1b1c0603903777290b777840424444,FLORK,1788351318.0,1788351348.0,23874705.880725347,24,24,1.0,0.0,1788351351.0,3.251931552736471e-05,0.08255726151489617,0.08255726151489617,-0.053834882087778535,0.147637223208416,carry_forward,18.0,,-0.8885638675554324,-0.8888892336577842,0.2400185151347529,False,,"no_executable_1h_exit,short_lived_heat",False,False
0x7378b0d334981d54814637c4abd2b9e496aa4444,BINANCE MARGE🔶,1789052594.0,1789052624.0,26096986.972922534,31,31,1.0,0.0,1789052627.0,3.554624538311636e-05,0.0020614261308895543,0.0014651833997771924,-0.05824111770698359,0.14979037578111276,carry_forward,11.0,,-0.8966499863117572,-0.8972328970459407,0.0,False,,"no_executable_1h_exit,short_lived_heat",False,False
0xb472481e1e3391b42e846e4314d7fa45ead94444,太空牛,1788966563.0,1788966593.0,24075059.283948984,31,31,1.0,0.0,1788966596.0,3.2792213361958384e-05,0.03437482756722976,0.03462488347332027,-0.05704480528573597,0.15944679251665517,carry_forward,1.0,,-0.8887138509642747,-0.8895012853988052,0.008108100643716948,False,,"no_executable_1h_exit,short_lived_heat",False,False
0x6b61e5410446d1add4eed0bc709bb9f882914444,牛来人生,1788517297.0,1788517327.0,22621597.837430626,30,30,1.0,0.0,1788517330.0,3.081247917707156e-05,0.04953308564763215,0.050496778243038776,0.003467055281215714,0.1603285340944709,event,3.0,0.1603285340944709,-0.8822685873064811,-0.8824437014538737,0.09572768806105657,False,,short_lived_heat,False,False
0xb3e98d35a39cc9f1798d19463f91b9d3fee74444,孙哥人生,1788021285.0,1788021315.0,23194500.771553982,118,119,0.9659013412258024,0.017049329387098817,1788021318.0,3.159282015276296e-05,0.07253658563373677,0.07253658563373677,-0.061058942770600644,0.16355289036837228,carry_forward,55.0,,0.2251277992912224,-0.8838211327162995,0.1615182406714903,False,,"long_horizon_decay,no_executable_1h_exit",False,False
0xb58559fce81cd590716988a33546aa844e0a4444,甜甜币,1787921402.0,1787921432.0,23631731.213912837,157,157,0.9753748376347666,0.012312581182616708,1787921435.0,3.218836402183805e-05,0.06650713361780736,0.06552583091489961,-0.055528401896416724,0.1644974290167187,carry_forward,8.0,,-0.8823207218056427,-0.8853202358017231,0.0,False,,"no_executable_1h_exit,short_lived_heat",False,False
0xd382be6c2712b46dd7adb318382ad49b81724444,牛来,1786867214.0,1786867244.0,24868743.276915662,12,12,0.9460200226142212,0.02698998869288931,1786867247.0,3.387327632144553e-05,0.10373484534022559,0.10373484534022559,0.02061262843552969,0.16912746214835872,carry_forward,117.0,,-0.8923978225286073,-0.8924181554516373,0.006739703559435588,False,,"no_executable_1h_exit,short_lived_heat,stale_1h_snapshot",False,False
0xc520f8214c0aab949f184a0adf18ab3998574444,牛来火星,1788525670.0,1788525700.0,26833660.43482014,240,240,1.0,0.0,1788525703.0,3.6549655304384736e-05,0.29065285338994373,0.28938576882654,-0.05823542879498922,0.17113100875193088,carry_forward,235.0,,-0.896122535991631,-0.8996621790715753,0.0,False,,"no_executable_1h_exit,short_lived_heat,stale_1h_snapshot",False,False
0x04777bcf8af4dcdbc46cde2736bfa80ad2c84444,BNB CAT,1787552933.0,1787552963.0,24181243.270905793,34,34,0.9980881601876535,0.000955919906173229,1787552966.0,3.293684469660405e-05,0.10044002705314958,0.10047946576237998,-0.056563040243695406,0.18198501146019308,carry_forward,36.0,,-0.8885102788134485,-0.8885912984128704,0.21313822723742232,False,,"no_executable_1h_exit,short_lived_heat",False,False
0xeee9e88c37a0b63a4c603ce39d5d0882e45f4444,牛来 CATE,1787457025.0,1787457055.0,22621597.837430626,30,30,1.0,0.0,1787457058.0,3.081247917707156e-05,0.0500747254495173,0.0500747254495173,0.002805129609793733,0.18992371296593547,carry_forward,153.0,,-0.8824430341696182,-0.8824741824231404,0.0,False,,"no_executable_1h_exit,short_lived_heat,stale_1h_snapshot",False,False
0xf4256771c04f4d17f5e76513d556e9e2bb524444,景甜人生,1787904959.0,1787904989.0,22831682.03517378,176,176,0.9752837501735117,0.012358124913244232,1787904992.0,3.109863115514633e-05,0.04324984641614571,0.04399348503202294,-0.05823997917069512,0.19108948084050992,carry_forward,71.0,,-0.8730936582253794,-0.8693825799822172,0.0,False,,"no_executable_1h_exit,short_lived_heat,stale_1h_snapshot",False,False
0x8c13c93851fbcc15660a738b8d6f754242be4444,豹拉牛来,1788230814.0,1788230844.0,22973489.2342123,9,9,0.998806314545048,0.000596842727476033,1788230847.0,3.1291784238272205e-05,0.13399023912875063,0.13399023912875063,-0.05799218179682686,0.19453407896617447,carry_forward,347.0,,-0.8820422318360013,-0.8835186365926709,0.0,False,,"no_executable_1h_exit,short_lived_heat,stale_1h_snapshot",False,False
0x4f7efa6f0c3664362adfd1a871aebf56d8ef4444,我的女友景甜,1787909310.0,1787909340.0,24074963.156186607,200,200,1.0,0.0,1787909343.0,3.279208242802976e-05,-0.01454320946454657,-0.01454320946454657,-0.05780841841856188,0.19640613679692942,carry_forward,5.0,,-0.8798527869379723,-0.8889174425321323,0.00010925424019277934,False,,"no_executable_1h_exit,short_lived_heat",False,False
0x36e2da042d90eb0d57eed2f30d29ed46e1484444,Z来,1787298758.0,1787298788.0,26490176.897191744,11,11,0.9964442040899385,0.0017778979550308396,1787298791.0,3.608180243975067e-05,0.06312642124512813,0.06312642124512813,-0.053357581009039645,0.19755557810390134,carry_forward,55.0,,-0.8990045635052821,-0.8990372453318523,0.01034996960492402,False,,"no_executable_1h_exit,short_lived_heat",False,False
0x87190f3396ba428657ae6d17b870a3e0767a4444,我踏牛来,1787324650.0,1787324680.0,27873891.28890862,10,10,0.9980178959024248,0.0009910520487874973,1787324683.0,3.7966535392223355e-05,-0.015359974784472374,-0.015359974784472374,-0.05716403450099161,0.20125257457519985,carry_forward,2.0,,-0.9036035958701207,-0.9037932414125325,0.3661044545399821,False,,"no_executable_1h_exit,short_lived_heat",False,False
0x440053db32f7d2f461979259a577482475004444,牛来BINANCE,1787544912.0,1787544942.0,24082805.342626978,37,37,0.9503630083610761,0.024818495819461918,1787544945.0,3.280276413177735e-05,0.16434449181653332,0.16434449181653332,-0.05824111822946998,0.20403885273324285,event,2.0,0.20403885273324285,-0.8888731181551051,-0.8884710186411372,0.21422357563206185,False,,short_lived_heat,False,False
0xe39d92f7d3a85f528dda1ce33300f8310bd84444,我的女友景甜,1787897838.0,1787897868.0,24181256.322947223,204,204,1.0,0.0,1787897871.0,3.293686247455933e-05,0.03278639378114545,0.03278639378114545,-0.058925337238056597,0.20556588686378507,carry_forward,21.0,,-0.889775511439514,-0.889994146954889,0.21691288471010864,False,,"no_executable_1h_exit,short_lived_heat",False,False
0x3f064bb2f929af42ac8f4824511df0f9bc614444,妈妈知道了,1787990015.0,1787990045.0,23086125.361199487,147,147,1.0,0.0,1787990048.0,3.144520391898264e-05,0.06795810110898781,0.06795810110898781,-0.058240657482525604,0.20579969969802492,carry_forward,27.0,,-0.8847184098974895,-0.8850802595870993,0.0,False,,"no_executable_1h_exit,short_lived_heat",False,False
0x25fdd00133afbc3207042e708c0d00fd61184444,马上牛来,1787311262.0,1787311292.0,27915360.52798422,16,17,0.9989912833367981,0.0005043583316009183,1787311295.0,3.802301991089832e-05,0.022778350785673585,0.02349262371512517,-0.045303325820488904,0.20622428788997493,event,1.0,0.20622428788997493,-0.9047869832453037,-0.9048335742751812,0.2507205255918714,False,,short_lived_heat,False,False
0x4de0a6d39616e61a75d80f9e4729df7e94274444,牛来CZ,1787310643.0,1787310673.0,20280783.09122836,33,33,0.9992584403454503,0.00037077982727477034,1787310676.0,2.7624096723140902e-05,0.09717467366118515,0.10136954236500784,-0.05547757392349073,0.20696567450033942,event,1.0,0.20696567450033942,-0.8684938197617296,-0.8687111291697307,0.1790154775287227,False,,short_lived_heat,False,False
0x990da267240cafa1eb9bbc75deab8768d2fe4444,景甜人生,1787999357.0,1787999387.0,23002735.25456337,197,197,0.9760359333661311,0.011982033316934428,1787999390.0,3.1331619726443965e-05,0.15438386293862716,0.15438386293862716,-0.058212617766431385,0.21044911846480407,carry_forward,244.0,,-0.8829904666766052,-0.8844002313644379,0.1320599821563037,False,,"no_executable_1h_exit,short_lived_heat,stale_1h_snapshot",False,False
0x863b45553a1adf1c3fb565c6eecb8246d5194444,牛来币安,1787390333.0,1787390363.0,24075000.36099706,31,31,1.0,0.0,1787390366.0,3.2792133104045466e-05,0.13974650716908532,0.13974650716908532,-0.05727096511081564,0.2130640104423669,carry_forward,2.0,,-0.8881128155909295,-0.8882344519800643,0.10323197712320034,False,,"no_executable_1h_exit,short_lived_heat",False,False
0xcb73d28cd02c8f2e569c292f1a2ff61666094444,景甜币,1787910660.0,1787910690.0,23176520.979893707,148,148,1.0,0.0,1787910693.0,3.156833019585887e-05,0.08494343670938309,0.08208776201770362,-0.05822978585230232,0.23637333026385532,carry_forward,22.0,,-0.8851529746359561,-0.8851896656510904,0.0,False,,"no_executable_1h_exit,short_lived_heat",False,False
0x7986f0ce1de81e7f31a742b290eea2910a1b4444,BINANCE 牛来,1787626895.0,1787626925.0,22621597.837430626,30,30,1.0,0.0,1787626928.0,3.081247917707156e-05,0.12999813246226322,0.12941562761497138,0.0024084026540966974,0.24281916899815847,carry_forward,16.0,,-0.8818451017617859,-0.8818451017617859,0.003964791188293342,False,,"no_executable_1h_exit,short_lived_heat",False,False
0xf98fb9be86250f6e4a0e856bb396d469b7c64444,Bicat,1787401320.0,1787401350.0,22211590.35991108,11,11,0.8622209134495913,0.06888954327520432,1787401353.0,3.025401522795957e-05,0.1816688008592866,0.18032730203133562,-0.1223055140706234,0.2811354754912123,carry_forward,86.0,,0.7547905262709274,0.7547905262709274,0.3776694992917267,True,1787412361,"no_executable_1h_exit,stale_1h_snapshot",False,False
0x861f64ab1c492ba717e906c23baafe1b20e04444,Sue 施工猫,1787750003.0,1787750033.0,21635934.856996283,10,11,0.8940183697812993,0.05299081510935034,1787750036.0,2.9469925026896066e-05,0.218257848643596,0.218257848643596,0.00803644085894839,0.2897564309707499,carry_forward,167.0,,0.3417596978731261,-0.874549284847741,0.0021950751478482873,False,,"long_horizon_decay,no_executable_1h_exit,stale_1h_snapshot",False,False
0x8b7934c14b3ed728ac2250f0b6807aaceb9b4444,景甜人生,1787916052.0,1787916082.0,22893488.09997351,111,111,0.941956756150049,0.029021621924975406,1787916085.0,3.118281610522564e-05,0.06399914771460158,0.06399914771460158,-0.05896069205164367,0.29105790896194117,carry_forward,14.0,,-0.8827891520418552,-0.8829118221715908,0.19284242894134948,False,,"no_executable_1h_exit,short_lived_heat",False,False
0x3d3dc616c218e6bf878e6d816aa704ea4e0f4444,景甜人生,1787879918.0,1787879948.0,23175341.31959949,61,61,0.9818755893768856,0.009062205311557209,1787879951.0,3.1566723401391356e-05,0.10957097976768315,0.10957097976768315,-0.12154892506085058,0.2913259759771567,carry_forward,2.0,,-0.8826932821816186,-0.8830827669234766,0.8823361156816719,False,,"no_executable_1h_exit,post_confirmation_sell_wave,short_lived_heat",False,False
0x40a3871b2ed5da2392a210a078240af640454444,Z Bull,1787280492.0,1787280522.0,21488168.93323093,5,5,0.8225718635813719,0.08871406820931402,1787280525.0,2.9268655669982333e-05,0.27558093873960554,0.27558093873960554,-0.14988728626933356,0.2966330851532957,event,1.0,0.2966330851532957,-0.8759310163395765,-0.8729160122489765,0.14488485963279932,False,,short_lived_heat,False,False
0x52751298042ba84a9f107a946c32d2d0b70c4444,RiverDex,1787740343.0,1787740373.0,6406864.767008253,20,20,1.0,0.0,1787740376.0,8.726677427582514e-06,0.07625903842744708,0.07625903842744708,-0.046361396916077435,0.3212794020798464,carry_forward,114.0,,-0.5870439732715673,-0.5822409768407762,0.0,False,,"no_executable_1h_exit,short_lived_heat,stale_1h_snapshot",False,False
0x971ad869233a11f51b895dd1d48144ced4684444,牛来了,1787226731.0,1787226761.0,25158694.199252088,11,11,0.9999510433335168,2.447833324159624e-05,1787226764.0,3.426821335556082e-05,0.06689079122753916,0.06689079122753916,-0.050178290441662776,0.32506038592124575,carry_forward,7.0,,-0.8931099562792342,-0.8931356348218642,0.20535469309731044,False,,"no_executable_1h_exit,short_lived_heat",False,False
0x28b8aa38bbcb083a481383151c03074463ceffff,MOO Charity,1787023424.0,1787023454.0,1525028.8099574621,100,128,0.4587400781127192,0.2706299609436404,1787023457.0,2.077214827570539e-06,0.44086531049999267,0.44086531049999267,-0.3755778970588475,0.44086531049999267,carry_forward,3459.0,,0.44086531049999267,0.44086531049999267,0.39779154901024205,True,1787023598,"early_adverse_move,no_executable_1h_exit,stale_1h_snapshot",False,False
0xdace3c78a970d91fe865b3fa2e4d4ed7f3014444,牛来,1786785328.0,1786785358.0,17394122.929157693,6,6,0.9978900605674981,0.0010549697162509748,1786785361.0,2.3692227861609294e-05,0.33081220151826707,0.33081220151826707,-0.02870878274634059,0.4980248639958702,carry_forward,50.0,,-0.8448460385044994,-0.8455447422971669,0.35544993751624926,False,,"no_executable_1h_exit,short_lived_heat",False,False
0x10c875e8b1556e0f191299bf208b66da4ae74444,SpaceXcoin,1786706112.0,1786706142.0,17394097.614849545,6,6,0.9979129465588465,0.001043526720576659,1786706145.0,2.369219338143692e-05,0.5166534893199404,0.5166534893199404,0.12312546757324005,0.560070792171973,carry_forward,84.0,,0.679571925421665,-0.8462194871035883,0.281004221603654,False,,"long_horizon_decay,no_executable_1h_exit,stale_1h_snapshot",False,False
0x6a7b21263182daa2f96c14a8fae70b0e83964444,BNB DOGE,1788249530.0,1788249560.0,15868323.06097271,8,8,0.9091754505217937,0.045412274739103094,1788249563.0,2.161396278923507e-05,0.5146813274029804,0.5146813274029804,-0.15432012877910706,0.562443121571147,carry_forward,104.0,,-0.832146171707372,-0.833021956916632,0.15774402939944854,False,,"no_executable_1h_exit,short_lived_heat,stale_1h_snapshot",False,False
0x097b63926f4b2e069d0ed9fa97aafdcd677c4444,奥德赛,1786694637.0,1786694667.0,18593815.99008087,7,8,0.7508630215228275,0.1245684892385862,1786694670.0,2.5326308607108534e-05,0.4894987638847572,0.4894987638847572,-0.014094067771383667,0.5656854429972307,carry_forward,129.0,,-0.8566345139749689,-0.8564537190191114,0.0037382917713020035,False,,"no_executable_1h_exit,short_lived_heat,stale_1h_snapshot",False,False
0x44a04995fe99d26d5fc70d1d487233e69c944444,牛来,1787046177.0,1787046207.0,16475002.54838797,24,24,1.0,0.0,1787046210.0,2.2440310212059838e-05,0.5193489612028199,0.5198218841334667,-0.11757317858064664,0.6575271731325956,carry_forward,9.0,,-0.838087084331779,-0.8385442858353362,0.663864223343806,False,,"no_executable_1h_exit,post_confirmation_sell_wave,short_lived_heat",False,False
0xde37a7ed9d730391c817277657b098a0123c4444,CAT BULL,1787818210.0,1787818240.0,16089862.951544756,7,7,0.9499256763511631,0.025037161824418418,1787818243.0,2.1915718364336264e-05,0.6103338214779921,0.6103338214779921,-0.1457142403063686,0.6661831183510942,carry_forward,53.0,,-0.8343624542929516,-0.8344173812654334,1.0,False,,"no_executable_1h_exit,post_confirmation_sell_wave,short_lived_heat",False,False
0xd3455a57b17c00dc1a8e0a91ad3ccb0c5af6ffff,ffff,1786952668.0,1786952698.0,1306415.3458772972,107,215,0.230975448249391,0.3845122758753045,1786952701.0,1.7794452863468913e-06,0.6680556779679099,0.6680556779679099,-0.10020186785552465,0.6680556779679099,carry_forward,3590.0,,0.6680556779679099,0.6680556779679099,0.6578784991300578,True,1786952711,"no_executable_1h_exit,post_confirmation_sell_wave,stale_1h_snapshot",False,False
0xd0a75c3de98526827de7d1932c20bb53a24b4444,孙小圣,1788186091.0,1788186121.0,15660491.272105033,9,9,0.9029977939557883,0.04850110302210582,1788186124.0,2.133087877753795e-05,0.6526816305315843,0.6526816305315843,-0.19465405341548192,0.687678072333439,carry_forward,152.0,,0.7650073773605544,-0.8290756635605938,1.0,False,,"long_horizon_decay,no_executable_1h_exit,post_confirmation_sell_wave,stale_1h_snapshot",False,False
0x27dceb919716fa389e3a48f3e7277b79a1b74444,Mars Bull,1788352312.0,1788352342.0,14600572.457238853,26,26,1.0,0.0,1788352345.0,1.9887182065787015e-05,0.6397771597240876,0.6397771597240876,-0.2044536948460305,0.6981856464191651,carry_forward,34.0,,0.8071758697568145,-0.8171359765280812,0.08172281068091114,False,,"early_adverse_move,long_horizon_decay,no_executable_1h_exit",False,False
0x98df288556bc330a903d78d23d7e170129734444,我踏牛来,1787452441.0,1787452471.0,15834837.458927462,5,5,0.910089960598282,0.04495501970085906,1787452474.0,2.156835264165992e-05,0.670861554785604,0.670861554785604,-0.20461372416763635,0.7245132421937699,carry_forward,19.0,,-0.8307882147877642,-0.8320110787434395,0.9873760828373253,False,,"early_adverse_move,no_executable_1h_exit,post_confirmation_sell_wave,short_lived_heat",False,False
0x27235390c97e23c44358b17d1f72626105844444,金牛CZ,1788263701.0,1788263731.0,15664370.60028431,9,9,0.9047452946407083,0.0476273526796458,1788263734.0,2.133616274198661e-05,0.6315982020274373,0.6315982020274373,-0.3460882352025366,0.7408193092730262,carry_forward,163.0,,0.9870413474660495,-0.8299702335696891,0.9115660920627308,False,,"early_adverse_move,long_horizon_decay,no_executable_1h_exit,post_confirmation_sell_wave,stale_1h_snapshot",False,False
0x6f7178ceee4766a54d154677ebf8d59b60e54444,景甜宇宙,1787894252.0,1787894282.0,14840871.578629227,7,7,0.8333150137984122,0.08334249310079384,1787894285.0,2.0214489258113552e-05,0.6068719057006344,0.6165853993233434,-0.105403512944239,0.7505380321461059,carry_forward,9.0,,-0.8196697862796277,-0.8205561933942013,0.10807524899176861,False,,"no_executable_1h_exit,short_lived_heat",False,False
0x887934e3182c1b4ded500fc7dfc4cb7ae2554444,It's Time,1787391934.0,1787391964.0,16024046.727975987,5,5,0.9101163155741924,0.04494184221290378,1787391967.0,2.1826071247770935e-05,0.6583082388314057,0.6583082388314057,-0.10861110804793417,0.7868026228572811,carry_forward,59.0,,1.4334314192474942,1.4334314192474942,0.6484664390690578,True,1787400364,"no_executable_1h_exit,post_confirmation_sell_wave",False,False
0x6d7127b8aa05aca0c4f184910cfad89b42cf4444,AFOB,1787059889.0,1787059919.0,16465870.398436889,5,5,1.0,0.0,1787059922.0,2.2427871471780228e-05,0.7634833074367875,0.7634833074367875,-0.057855785208084654,0.8000178795308002,carry_forward,322.0,,-0.8356572474345128,-0.8367189267686845,0.02828073459431371,False,,"no_executable_1h_exit,short_lived_heat,stale_1h_snapshot",False,False
0xf0b2abcfbbc830e1cf8d99e6f02de64208f04444,CZ Bull,1787480279.0,1787480309.0,14975470.678248364,8,8,0.8283165290576159,0.08584173547119213,1787480312.0,2.039782431623243e-05,0.7263531297818335,0.7263531297818335,-0.35824218149057563,0.8013736956636981,carry_forward,5.0,,-0.8222387759609062,-0.82234971768935,0.9986920586764723,False,,"early_adverse_move,no_executable_1h_exit,post_confirmation_sell_wave,short_lived_heat",False,False
0x7684f7786585cf725929dc64c991e8cbdab44444,牛来,1787039554.0,1787039584.0,16040675.526565103,6,6,0.9075167576416243,0.04624162117918787,1787039587.0,2.18487210408558e-05,0.620866845851898,0.620866845851898,-0.08016532702185941,0.825108446951629,carry_forward,5.0,,-0.8345109188063464,-0.8346101460298863,0.0696586924441314,False,,"no_executable_1h_exit,short_lived_heat",False,False
0x44d6633a013f9d527304e124e400a16a0b58ffff,CAT,1787807700.0,1787807730.0,1151609.2880451537,65,74,0.325648686211693,0.3371756568941535,1787807733.0,1.5685866870685995e-06,0.846631042680764,0.846631042680764,-0.7831791608167342,0.846631042680764,carry_forward,3264.0,,0.846631042680764,0.846631042680764,0.5610715644743662,True,1787808069,"early_adverse_move,no_executable_1h_exit,stale_1h_snapshot",False,False
0xf4d02fa02e8676afaf423a302c5eae8d7e794444,FOUR  BULL,1787646116.0,1787646146.0,15168017.605356418,7,7,0.865847926931279,0.06707603653436045,1787646149.0,2.066008908748167e-05,0.7264004922183183,0.7374952729811424,0.11417837507731221,0.857030580030606,carry_forward,53.0,,-0.8248599354918775,-0.8248599354918775,0.032984469990235826,False,,"no_executable_1h_exit,short_lived_heat",False,False
0x742b5218047281732d91535d8938908c241b4444,Z 来,1787135225.0,1787135255.0,15157342.949221488,6,6,0.8705223445933551,0.06473882770332251,1787135258.0,2.064554932675196e-05,0.7501618355077144,0.7518078127389058,-0.05626633017980798,0.8677890496266252,carry_forward,56.0,,-0.8242510641426445,-0.8242510641426445,0.006655672680832242,False,,"no_executable_1h_exit,short_lived_heat",False,False
0xc13ce41c882de797ab9fe5d5d86b0884d7a54444,我踏牛来,1787071040.0,1787071070.0,14679460.77401052,7,7,0.6176428602113305,0.19117856989433477,1787071073.0,1.9994634449801163e-05,0.883639330742144,0.883639330742144,-0.06051398430216781,0.8858221298306237,carry_forward,272.0,,0.963461936656772,-0.8156123967448448,0.18755208852102948,False,,"long_horizon_decay,no_executable_1h_exit,stale_1h_snapshot",False,False
0xe323a1c9a0447e4140f97749c3049b59bb544444,CZ Bull,1787315492.0,1787315522.0,15362852.789294058,6,6,0.8694149117811492,0.06529254410942543,1787315525.0,2.092547065297419e-05,0.7074060935892663,0.7074060935892663,0.04415375977152447,0.8975077480213765,event,0.0,0.8975077480213765,-0.8195797589613435,-0.8233558737764561,0.022381186370900318,False,,short_lived_heat,False,False
0x07402bbfc34544afc9a6a0d924fc74a497c44444,CzKitty,1787494240.0,1787494270.0,6293290.669760035,5,5,0.9979859932891109,0.0010070033554445907,1787494273.0,8.571980154133287e-06,0.16020419897941185,0.16020419897941185,-0.05496366122019358,0.9210292973908383,carry_forward,23.0,,-0.5759087243681671,-0.5762097224171461,0.08465610840533094,False,,"no_executable_1h_exit,short_lived_heat",False,False
0x1194eff3590c5b19e5a6c8a28f355d20487a4444,火星城,1788336610.0,1788336640.0,15200521.450622506,7,7,0.8626701382344195,0.06866493088279023,1788336643.0,2.070436200147446e-05,0.8234850268221563,0.8234850268221563,0.11511840695587217,0.9317139488775636,carry_forward,30.0,,-0.8190517216242174,-0.8216708892328157,0.0,False,,"no_executable_1h_exit,short_lived_heat",False,False
0x8e5ce22bd80ec8a15945c34e068ec341f26d4444,牛来,1786952762.0,1786952792.0,14172681.406634575,8,9,0.6917152153351054,0.15414239233244725,1786952795.0,1.9304359217394576e-05,0.8724347427945247,0.8724347427945247,-0.059073626201858964,1.0317942506898907,carry_forward,30.0,,-0.8093113971559601,-0.8107189979013254,0.0,False,,"delayed_next_observation,no_executable_1h_exit,short_lived_heat",False,False
0x32a82224834a2ee5d629f10ee36495c551ceffff,flnc,1788851873.0,1788851903.0,1666069.0911205139,59,72,0.28933532480843743,0.35533233759578126,1788851906.0,2.269323305393184e-06,1.0326930343000846,1.0326930343000846,-0.7614167509966419,1.0326930343000846,carry_forward,3472.0,,1.0326930343000846,1.0326930343000846,0.6328920744679991,True,1788852034,"early_adverse_move,no_executable_1h_exit,post_confirmation_sell_wave,stale_1h_snapshot",False,False
0xac5a100a7881c6c8530ef4f2c788c8f1bcd04444,牛马,1787305649.0,1787305679.0,15287426.631519958,7,7,0.8717533257857569,0.0641233371071216,1787305682.0,2.082273401462871e-05,1.0016089885442563,1.0016089885442563,-0.06981130304667005,1.165537729792745,carry_forward,3.0,,-0.8248995179651861,-0.8248995179651861,0.05533624960636176,False,,"no_executable_1h_exit,short_lived_heat",False,False
0x31a4a16c7a2763dffbb9648f5fb7b7b438a2ffff,Trench Charity,1787026428.0,1787026458.0,78734.37190041081,37,40,0.5586167771990156,0.22069161140049223,1787026461.0,1.0724269842190611e-07,1.5799749192517951,1.5799749192517951,-0.3820574205456361,1.5799749192517951,carry_forward,3062.0,,1.5799749192517951,1.5799749192517951,0.23415268206598194,True,1787026999,"early_adverse_move,no_executable_1h_exit,stale_1h_snapshot",False,False
0x69cc8ddb0c2fbc9bd3d54d94ef4de726362f4444,牛来,1786968186.0,1786968216.0,8851764.957641672,6,6,0.9994013129492516,0.00029934352537419986,1786968219.0,1.2056832828420766e-05,1.5270986859049231,1.5270986859049231,-0.3012667276054606,1.9238943912244095,carry_forward,9.0,,-0.680582496332925,-0.681485205670596,0.5976365108882599,False,,"early_adverse_move,no_executable_1h_exit,short_lived_heat",False,False
0x9b152b0706f98cca77839fd46c141da06f63ffff,bood,1788635842.0,1788635872.0,83607.3253564975,5,5,0.8048092779060808,0.09759536104695965,1788635875.0,1.1388006232411771e-07,0.5708434809548115,0.5759167260394291,-0.07750042075081831,2.240759761116643,carry_forward,1933.0,,2.240759761116643,2.240759761116643,1.0,True,1788637542,"no_executable_1h_exit,post_confirmation_sell_wave,stale_1h_snapshot",False,False
0xc0bc69ac1d4e0de9aef43b6d6ae7d9564eb9ffff,GME,1787566389.0,1787566419.0,672500.9202992027,5,5,0.7694142675908545,0.11529286620457278,1787566422.0,9.160016349063605e-07,2.2608620240160904,2.2608620240160904,-0.019168131538722877,2.2608620240160904,carry_forward,3545.0,,2.2608620240160904,2.2608620240160904,0.05235466087809516,True,1787566477,"no_executable_1h_exit,stale_1h_snapshot",False,False
0x32d8f3ec33e1c497295b2d2095882534522a4444,MarsCoin,1786887529.0,1786887559.0,8360262.69861335,6,6,0.8719054717752439,0.06404726411237811,1786887562.0,1.1387366275676411e-05,2.255652975400667,2.255652975400667,-0.14591553107525546,2.292103541678468,carry_forward,390.0,,2.700377561832179,-0.672002036046895,0.1067428981069977,False,,"long_horizon_decay,no_executable_1h_exit,stale_1h_snapshot",False,False
0xcf97ce7ce3a5484c9f39d78aa38e9abd8a024444,Z 来,1786960234.0,1786960264.0,8526369.589990003,24,24,0.9327286109539866,0.03363569452300669,1786960267.0,1.1613617540882907e-05,2.099290139177802,2.099290139177802,-0.12187815068201002,2.3630939207761372,carry_forward,52.0,,-0.6766548481082051,-0.6883234408250372,0.06071844334417369,False,,"no_executable_1h_exit,short_lived_heat",False,False
0x9adc3d87e053eee18e3544a0274141bb4969ffff,Z,1786704325.0,1786704355.0,56760.40779395394,6,6,1.0,0.0,1786704358.0,7.731234972002935e-08,2.5770326539849613,2.5770326539849613,0.008079840725797593,2.5770326539849613,carry_forward,3242.0,,2.5770326539849613,2.5770326539849613,0.013348768559598718,True,1786704716,"no_executable_1h_exit,stale_1h_snapshot",False,False
0xaac89a2d512131ff128e2b4dc2dcbcae420fffff,HODL,1786885672.0,1786885702.0,192039.49356395256,4,6,1.0,0.0,1786885705.0,2.6157360497426013e-07,2.71749666105013,2.8808612578315964,-0.04641736863116552,3.0469450389701453,carry_forward,5.0,,-0.17687435898018833,-0.21405585384899728,0.0,False,,"no_executable_1h_exit,short_lived_heat",False,False
0x923398cc7d149d69b9356c1866b8d3e9d5cfffff,stockmemes,1786690635.0,1786690665.0,434216.1120166664,68,78,0.23095576863748477,0.3845221156812576,1786690668.0,5.914381029144018e-07,4.06210151550357,4.067194951496691,-0.32110065823965706,4.06210151550357,carry_forward,3140.0,,4.06210151550357,4.06210151550357,0.4587501927930403,True,1786691128,"early_adverse_move,no_executable_1h_exit,stale_1h_snapshot",False,False
0x21f73e234d6384deb5c5f1d7f6daf6ef25b8ffff,FLNC,1788852008.0,1788852038.0,590583.7195955999,14,42,0.56909595851955,0.21545202074022504,1788852041.0,8.044236615437841e-07,4.7344166907836085,4.7344166907836085,-0.10699700076608154,4.7344166907836085,carry_forward,3552.0,,4.7344166907836085,4.7344166907836085,0.5370140743113758,True,1788852089,"no_executable_1h_exit,stale_1h_snapshot",False,False
0x07dcaccade1e3c034c707039bdfe02792f88ffff,FOMOCAT,1787413164.0,1787413194.0,211718.48655155365,10,10,0.27735637180751505,0.3613218140962425,1787413197.0,2.883780140179436e-07,9.401109942143167,9.401109942143167,0.09436366779446193,9.401109942143167,carry_forward,3232.0,,9.401109942143167,9.401109942143167,0.2203125061800951,True,1787413565,"no_executable_1h_exit,stale_1h_snapshot",False,False
0x265b3982ea730748100947f52561a4eab54affff,AST,1787928821.0,1787928851.0,64703.5629363924,81,86,0.23927070986959875,0.3803646450652007,1787928854.0,8.813158115476306e-08,,,,,missing_before_entry,,,,,0.0,True,1787928827,"missing_1h_snapshot,no_executable_1h_exit",False,False
0x3ba89ee54a0df1ed466c06a1bc227d70473effff,党鑫蕊,1787101585.0,1787101615.0,61285.88075713371,31,34,0.31946964228897556,0.3402651788555122,1787101618.0,8.347641657536227e-08,,,,,missing_before_entry,,,,,0.0,True,1787101615,"missing_1h_snapshot,no_executable_1h_exit",False,False
0x4cee4595dc07046ed64a86f41b3a47126473ffff,fourdog,1788248241.0,1788248271.0,176298.6601374563,5,5,0.9175698001466926,0.041215099926653766,1788248274.0,2.401332935661445e-07,,,,,missing_before_entry,,,,,1.0,False,,"missing_1h_snapshot,no_executable_1h_exit,post_confirmation_sell_wave",False,False
0x4dcb8b5e766db9fc46acce1af38dcbd0f6b84444,刘大力,1788880678.0,1788880708.0,63214.944602235104,10,10,1.0,0.0,1788880711.0,8.610396039368961e-08,,,,,missing_before_entry,,,,,0.0,True,1788880678,"missing_1h_snapshot,no_executable_1h_exit",False,False
0x52be7d7e93fef378bbe0209ef2e884bdc300ffff,SHINZO,1788591494.0,1788591524.0,188116.01353525865,7,7,1.0,0.0,1788591527.0,2.5622950207071746e-07,,,,,missing_before_entry,,,,,1.0,False,,"missing_1h_snapshot,no_executable_1h_exit,post_confirmation_sell_wave",False,False
0x5bf84b67ec0d5ec78a70e8ca303ca7af72daffff,utility,1787023339.0,1787023369.0,64351.68792996322,46,46,0.4946274026514104,0.25268629867429476,1787023372.0,8.76522984185723e-08,,,,,missing_before_entry,,,,,0.0,True,1787023341,"missing_1h_snapshot,no_executable_1h_exit",False,False
0x5f647b7446960bd662c29301c6c9ea816f7bffff,慈善徽章,1787023068.0,1787023098.0,62982.76328396509,3,7,0.5425694820681985,0.2287152589659007,1787023101.0,8.578771031772626e-08,,,,,missing_before_entry,,,,,0.0,True,1787023068,"missing_1h_snapshot,no_executable_1h_exit",False,False
0x64df0c0e9a507faf943e6503d6c1d7e6e450ffff,CZ,1788135909.0,1788135939.0,63736.06874123957,9,11,1.0,0.0,1788135942.0,8.681377438636769e-08,,,,,missing_before_entry,,,,,0.0,True,1788135910,"missing_1h_snapshot,no_executable_1h_exit",False,False
0x6a1af8a0625efd268adf147a914033a32322ffff,BENNY,1788473083.0,1788473113.0,63684.671870755315,6,6,1.0,0.0,1788473116.0,8.674376761615883e-08,,,,,missing_before_entry,,,,,0.0,True,1788473083,"missing_1h_snapshot,no_executable_1h_exit",False,False
0x8fedade8075d7d19991091771c74ca694773ffff,FLNCB,1788851864.0,1788851894.0,3555795.940956682,161,197,0.3079844200174738,0.34600778999126314,1788851897.0,4.843286896708776e-06,,,,,missing_before_entry,,,,,1.0,True,1788851886,"missing_1h_snapshot,no_executable_1h_exit,post_confirmation_sell_wave",False,False
0x932adecdd8fc4b6fcfcee1e96c3f51318ca1ffff,巨兽BEHEMOTH,1786870177.0,1786870207.0,64395.40601336549,37,61,0.23124618235344757,0.3843769088232762,1786870210.0,8.77118460484159e-08,,,,,missing_before_entry,,,,,0.0,True,1786870187,"missing_1h_snapshot,no_executable_1h_exit",False,False
0x9b548ff8f6623c133aa61cddd655c14af163ffff,ffff,1786952610.0,1786952640.0,1717955.898290915,145,191,0.2555168531191753,0.3722415734404123,1786952643.0,2.3399974097156178e-06,,,,,missing_before_entry,,,,,0.7367371065118082,True,1786952642,"missing_1h_snapshot,no_executable_1h_exit,post_confirmation_sell_wave",False,False
0xabed98e3aa42b5ab79cce9e7ebb274688ba2ffff,CARE,1788277206.0,1788277236.0,63759.298709660914,34,34,0.3551127222183892,0.32244363889080546,1788277239.0,8.684541551638029e-08,,,,,missing_before_entry,,,,,0.0,True,1788277227,"missing_1h_snapshot,no_executable_1h_exit",False,False
0xad21df6d5b2b9a992c5fd1aa9ae724f35e75ffff,CAT,1787808167.0,1787808197.0,64269.99636963092,22,33,0.4707946955509199,0.26460265222454,1787808200.0,8.754102778597726e-08,,,,,missing_before_entry,,,,,0.0,True,1787808188,"missing_1h_snapshot,no_executable_1h_exit",False,False
0xb2cad6d1f348f62d0d3fe6592302cb5c7c56ffff,NIMBUS,1787485537.0,1787485567.0,57127.61560377879,7,7,1.0,0.0,1787485570.0,7.781251699712435e-08,,,,,missing_before_entry,,,,,0.0,True,1787485537,"missing_1h_snapshot,no_executable_1h_exit",False,False
0xb8c2a3e88eb3ebba9fe4fce83fcd0344d4f74444,Willow,1788861905.0,1788861935.0,62934.30093071063,6,6,1.0,0.0,1788861938.0,8.572170060164626e-08,,,,,missing_before_entry,,,,,0.0,True,1788861905,"missing_1h_snapshot,no_executable_1h_exit",False,False
0xc5d652a8b73e249ffe3e1a677de2ad62b134ffff,max,1787023229.0,1787023259.0,64583.35755590433,16,17,0.8518875793175055,0.07405621034124729,1787023262.0,8.796785152744505e-08,,,,,missing_before_entry,,,,,0.0,True,1787023229,"missing_1h_snapshot,no_executable_1h_exit",False,False
0xd321e9561ddbbd3067070e7a62ee1532baffffff,PinkCare,1787023409.0,1787023439.0,63677.729649609166,6,6,0.9149391806884896,0.04253040965575522,1787023442.0,8.673431173925543e-08,,,,,missing_before_entry,,,,,0.0,True,1787023409,"missing_1h_snapshot,no_executable_1h_exit",False,False
0xea3fc9473e3784c360dca485b89d4e20299e4444,Nemu,1786735270.0,1786735300.0,62119.48595609449,36,37,0.31368299049843096,0.3431585047507845,1786735303.0,8.461185550498455e-08,,,,,missing_before_entry,,,,,0.3278599760833224,True,1786735301,"missing_1h_snapshot,no_executable_1h_exit",False,False
0xfac222a97adc41d9c3b97a00e31fb381f6c44444,BUIDL,1786872473.0,1786872503.0,64304.07852822518,5,5,1.0,0.0,1786872506.0,8.75874504926995e-08,,,,,missing_before_entry,,,,,0.0,True,1786872474,"missing_1h_snapshot,no_executable_1h_exit",False,False
0xffb861025c516b20c7477036dadcf392be7e4444,TST8KVXR5,1787302994.0,1787303024.0,2818937.3448488517,11,11,1.0,0.0,1787303027.0,3.839624807399991e-06,,,,,missing_before_entry,,,,,0.0,False,,"missing_1h_snapshot,no_executable_1h_exit",False,False
