source_row_index,token,symbol,quote_address,quote_symbol,quote_decimals,base_decimals,quote_metadata_block,quote_metadata_scope,historical_quote_verified,native_quote_supported,confirmation_time,assumed_entry_time,old_usd_fdv_proxy,fdv_proxy_quote_units,true_usd_fdv,price_basis,graduation_time,curve_venue_ended_at_entry,old_near_target_observation_present,old_near_target_price_proxy_negative,actual_execution_status,actual_pnl_bnb,buys_in_confirmation_window,sub_one_usdt_buy_count,sub_one_usdt_total_volume,trade_count,trades_with_block_log_tx_identity,audit_flags
200,0x00a5bffa85c0b2d28d453dc2883e2b5d39814444,MFY,0x46ceefda28dd7207059ed19b0acdc026955bb15c,GMEB,18,18,122089910,later_snapshot_for_denomination_audit_only,False,False,1787049675.0,1787049678.0,201294.55873455605,274.179765905112,,prior_trade_average_not_size_specific_quote,,,False,False,unknown,,11,,,19,0,execution_unverified;graduation_event_time_unavailable;historical_state_unverified;incomplete_trade_provenance;no_recorded_x_signal;nonnative_quote_labeled_bnb;threshold_met_at_first_stored_buy;unsupported_by_current_native_executor
456,0x0144c1a334356cd2e9698f786e453a520d3a4444,牛来人生,0x55d398326f99059ff775485246999027b3197955,USDT,18,18,122089910,later_snapshot_for_denomination_audit_only,False,False,1788334648.0,1788334651.0,24184864.14232211,32941.77662165725,,prior_trade_average_not_size_specific_quote,,,False,False,unknown,,287,253,0.003687043977289525,1082,0,execution_unverified;graduation_event_time_unavailable;historical_state_unverified;incomplete_trade_provenance;no_recorded_x_signal;nonnative_quote_labeled_bnb;threshold_met_at_first_stored_buy;unsupported_by_current_native_executor;usdt_fdv_proxy_below_50000_quote_units
325,0x0258c83e92719f716841bbc87e85cf65a0194444,猫来,0x55d398326f99059ff775485246999027b3197955,USDT,18,18,122089910,later_snapshot_for_denomination_audit_only,False,False,1788693173.0,1788693176.0,27031405.23012233,36819.00000016662,,prior_trade_average_not_size_specific_quote,,,False,False,unknown,,234,230,0.20573447803927397,547,0,at_least_90pct_buys_below_one_usdt;execution_unverified;graduation_event_time_unavailable;historical_state_unverified;incomplete_trade_provenance;no_recorded_x_signal;nonnative_quote_labeled_bnb;threshold_met_at_first_stored_buy;unsupported_by_current_native_executor;usdt_fdv_proxy_below_50000_quote_units
100,0x031057dfaaa1450b29ea3f52a102982018254444,币分,0x46ceefda28dd7207059ed19b0acdc026955bb15c,GMEB,18,18,122089910,later_snapshot_for_denomination_audit_only,False,False,1786885935.0,1786885938.0,592088.3351545769,806.4730718424573,,prior_trade_average_not_size_specific_quote,,,False,False,unknown,,94,,,538,0,execution_unverified;graduation_event_time_unavailable;historical_state_unverified;incomplete_trade_provenance;no_recorded_x_signal;nonnative_quote_labeled_bnb;threshold_met_at_first_stored_buy;unsupported_by_current_native_executor
14,0x033f1bceae9f9a01f4af02298165d860bbeb4444,我踏牛来,0x55d398326f99059ff775485246999027b3197955,USDT,18,18,122089910,later_snapshot_for_denomination_audit_only,False,False,1787143088.0,1787143091.0,26520695.33630262,36123.37106705888,,prior_trade_average_not_size_specific_quote,,,False,False,unknown,,59,51,0.5836541043468697,451,0,execution_unverified;graduation_event_time_unavailable;historical_state_unverified;incomplete_trade_provenance;no_recorded_x_signal;nonnative_quote_labeled_bnb;threshold_met_at_first_stored_buy;unsupported_by_current_native_executor;usdt_fdv_proxy_below_50000_quote_units
466,0x037369970a945e2ff79137376117fd210d154444,神牛,0x55d398326f99059ff775485246999027b3197955,USDT,18,18,122089910,later_snapshot_for_denomination_audit_only,False,False,1788677734.0,1788677737.0,26185471.157135338,35666.7681288194,,prior_trade_average_not_size_specific_quote,,,False,False,unknown,,187,155,0.00230407928038654,975,0,execution_unverified;graduation_event_time_unavailable;historical_state_unverified;incomplete_trade_provenance;no_recorded_x_signal;nonnative_quote_labeled_bnb;threshold_met_at_first_stored_buy;unsupported_by_current_native_executor;usdt_fdv_proxy_below_50000_quote_units
365,0x038bb367a9aa2f0a487cc1b90f0e6d4cab5a4444,CZ CAT,0x55d398326f99059ff775485246999027b3197955,USDT,18,18,122089910,later_snapshot_for_denomination_audit_only,False,False,1787737080.0,1787737083.0,25774830.37217575,35107.44156282026,,prior_trade_average_not_size_specific_quote,,,False,False,unknown,,123,109,0.49193738821810223,671,0,execution_unverified;graduation_event_time_unavailable;historical_state_unverified;incomplete_trade_provenance;no_recorded_x_signal;nonnative_quote_labeled_bnb;threshold_met_at_first_stored_buy;unsupported_by_current_native_executor;usdt_fdv_proxy_below_50000_quote_units
216,0x0463d9a4b982d42937b6ec7c699c57dbd78effff,爹来,0x46ceefda28dd7207059ed19b0acdc026955bb15c,GMEB,18,18,122089910,later_snapshot_for_denomination_audit_only,False,False,1786884913.0,1786884916.0,204221.96534837206,278.1671347894521,,prior_trade_average_not_size_specific_quote,,,False,False,unknown,,9,,,19,0,execution_unverified;graduation_event_time_unavailable;historical_state_unverified;incomplete_trade_provenance;no_recorded_x_signal;nonnative_quote_labeled_bnb;threshold_met_at_first_stored_buy;unsupported_by_current_native_executor
249,0x0465aaf77538ec0107309d695c54a5343b2f4444,utility,0x46ceefda28dd7207059ed19b0acdc026955bb15c,GMEB,18,18,122089910,later_snapshot_for_denomination_audit_only,False,False,1787023372.0,1787023375.0,195237.23573163824,265.92919314550886,,prior_trade_average_not_size_specific_quote,,,False,False,unknown,,5,,,12,0,execution_unverified;graduation_event_time_unavailable;historical_state_unverified;incomplete_trade_provenance;no_recorded_x_signal;nonnative_quote_labeled_bnb;threshold_met_at_first_stored_buy;unsupported_by_current_native_executor
533,0x04777bcf8af4dcdbc46cde2736bfa80ad2c84444,BNB CAT,0x55d398326f99059ff775485246999027b3197955,USDT,18,18,122089910,later_snapshot_for_denomination_audit_only,False,False,1787552963.0,1787552966.0,24181243.270905793,32936.84469660405,,prior_trade_average_not_size_specific_quote,,,False,False,unknown,,34,0,0.0,1381,0,execution_unverified;graduation_event_time_unavailable;historical_state_unverified;incomplete_trade_provenance;no_recorded_x_signal;nonnative_quote_labeled_bnb;threshold_met_at_first_stored_buy;unsupported_by_current_native_executor;usdt_fdv_proxy_below_50000_quote_units
298,0x04b879e4fa3cc31544d99e0eb674244684454444,牛来人生,0x55d398326f99059ff775485246999027b3197955,USDT,18,18,122089910,later_snapshot_for_denomination_audit_only,False,False,1788536620.0,1788536623.0,24210575.282912854,32976.79731249283,,prior_trade_average_not_size_specific_quote,,,False,False,unknown,,81,49,7.131185619833e-05,527,0,execution_unverified;graduation_event_time_unavailable;historical_state_unverified;incomplete_trade_provenance;no_recorded_x_signal;nonnative_quote_labeled_bnb;threshold_met_at_first_stored_buy;unsupported_by_current_native_executor;usdt_fdv_proxy_below_50000_quote_units
64,0x04d2704c4ca99166976be71dae908b9602a44444,牛郎来了,0x55d398326f99059ff775485246999027b3197955,USDT,18,18,122089910,later_snapshot_for_denomination_audit_only,False,False,1787121498.0,1787121501.0,20331477.309525397,27693.146423206337,,prior_trade_average_not_size_specific_quote,,,False,False,unknown,,37,1,0.5240453132167698,697,0,execution_unverified;graduation_event_time_unavailable;historical_state_unverified;incomplete_trade_provenance;no_recorded_x_signal;nonnative_quote_labeled_bnb;threshold_met_at_first_stored_buy;unsupported_by_current_native_executor;usdt_fdv_proxy_below_50000_quote_units
262,0x055b44bfb260adb0f676c78e005e38510dafffff,𝑓𝑓𝑓𝑓,0x46ceefda28dd7207059ed19b0acdc026955bb15c,GMEB,18,18,122089910,later_snapshot_for_denomination_audit_only,False,False,1786952787.0,1786952790.0,209675.93126700746,285.5958855129023,,prior_trade_average_not_size_specific_quote,,,False,False,unknown,,5,,,10,0,execution_unverified;graduation_event_time_unavailable;historical_state_unverified;incomplete_trade_provenance;no_recorded_x_signal;nonnative_quote_labeled_bnb;threshold_met_at_first_stored_buy;unsupported_by_current_native_executor
487,0x0645d2dca877d18569a8314ba74f7f5e050f4444,BNB SEASON 🔶,0x55d398326f99059ff775485246999027b3197955,USDT,18,18,122089910,later_snapshot_for_denomination_audit_only,False,False,1789109554.0,1789109557.0,24139590.306748584,32880.10992923789,,prior_trade_average_not_size_specific_quote,,,False,False,unknown,,124,92,0.9877720176560331,1019,0,execution_unverified;graduation_event_time_unavailable;historical_state_unverified;incomplete_trade_provenance;no_recorded_x_signal;nonnative_quote_labeled_bnb;threshold_met_at_first_stored_buy;unsupported_by_current_native_executor;usdt_fdv_proxy_below_50000_quote_units
522,0x0664b7c36270808363a3b8cf04957a5a5be64444,景甜人生,0x55d398326f99059ff775485246999027b3197955,USDT,18,18,122089910,later_snapshot_for_denomination_audit_only,False,False,1787930781.0,1787930784.0,22932772.175636824,31236.324251381597,,prior_trade_average_not_size_specific_quote,,,False,False,unknown,,107,102,1.7298711100953879,651,0,at_least_90pct_buys_below_one_usdt;execution_unverified;graduation_event_time_unavailable;historical_state_unverified;incomplete_trade_provenance;no_recorded_x_signal;nonnative_quote_labeled_bnb;threshold_met_at_first_stored_buy;unsupported_by_current_native_executor;usdt_fdv_proxy_below_50000_quote_units
214,0x0668aff1eb0fa1ad56b27d523175697f17e0ffff,Meme,0x46ceefda28dd7207059ed19b0acdc026955bb15c,GMEB,18,18,122089910,later_snapshot_for_denomination_audit_only,False,False,1787212908.0,1787212911.0,239395.5093543112,326.0763983196143,,prior_trade_average_not_size_specific_quote,,,False,False,unknown,,13,,,1411,0,execution_unverified;graduation_event_time_unavailable;historical_state_unverified;incomplete_trade_provenance;no_recorded_x_signal;nonnative_quote_labeled_bnb;threshold_met_at_first_stored_buy;unsupported_by_current_native_executor
578,0x07402bbfc34544afc9a6a0d924fc74a497c44444,CzKitty,0x55d398326f99059ff775485246999027b3197955,USDT,18,18,122089910,later_snapshot_for_denomination_audit_only,False,False,1787494270.0,1787494273.0,6293290.669760035,8571.980154133287,,prior_trade_average_not_size_specific_quote,,,False,False,unknown,,5,1,0.9841584158415791,453,0,execution_unverified;graduation_event_time_unavailable;historical_state_unverified;incomplete_trade_provenance;no_recorded_x_signal;nonnative_quote_labeled_bnb;threshold_met_at_first_stored_buy;unsupported_by_current_native_executor;usdt_fdv_proxy_below_50000_quote_units
474,0x0778abc01ca5c20c1fb7099dd1fa07cdd6504444,神牛,0x55d398326f99059ff775485246999027b3197955,USDT,18,18,122089910,later_snapshot_for_denomination_audit_only,False,False,1788659275.0,1788659278.0,28226641.31937282,38447.00998320937,,prior_trade_average_not_size_specific_quote,,,False,False,unknown,,100,69,0.001083985829984739,609,0,execution_unverified;graduation_event_time_unavailable;historical_state_unverified;incomplete_trade_provenance;no_recorded_x_signal;nonnative_quote_labeled_bnb;threshold_met_at_first_stored_buy;unsupported_by_current_native_executor;usdt_fdv_proxy_below_50000_quote_units
268,0x07c2da64acf99db7417b4ee79b97380d040bffff,爸爸去哪儿,0x46ceefda28dd7207059ed19b0acdc026955bb15c,GMEB,18,18,122089910,later_snapshot_for_denomination_audit_only,False,False,1786883171.0,1786883174.0,171557.17920945384,233.67500607414343,,prior_trade_average_not_size_specific_quote,,,False,False,unknown,,6,,,15,0,execution_unverified;graduation_event_time_unavailable;historical_state_unverified;incomplete_trade_provenance;no_recorded_x_signal;nonnative_quote_labeled_bnb;threshold_met_at_first_stored_buy;unsupported_by_current_native_executor
593,0x07dcaccade1e3c034c707039bdfe02792f88ffff,FOMOCAT,0x46ceefda28dd7207059ed19b0acdc026955bb15c,GMEB,18,18,122089910,later_snapshot_for_denomination_audit_only,False,False,1787413194.0,1787413197.0,211718.48655155365,288.3780140179436,,prior_trade_average_not_size_specific_quote,1787413565,False,False,False,unknown,,10,,,1358,0,execution_unverified;historical_state_unverified;incomplete_trade_provenance;no_recorded_x_signal;nonnative_quote_labeled_bnb;requires_dex_state_for_1h_outcome;threshold_met_at_first_stored_buy;unsupported_by_current_native_executor
317,0x0854e0c0493f4aa9bab548e04266ad2524d74444,X Numbers,0x55d398326f99059ff775485246999027b3197955,USDT,18,18,122089910,later_snapshot_for_denomination_audit_only,False,False,1788961120.0,1788961123.0,28919750.24874874,39391.08142357865,,prior_trade_average_not_size_specific_quote,,,False,False,unknown,,69,66,0.11809034467050103,555,0,at_least_90pct_buys_below_one_usdt;execution_unverified;graduation_event_time_unavailable;historical_state_unverified;incomplete_trade_provenance;no_recorded_x_signal;nonnative_quote_labeled_bnb;threshold_met_at_first_stored_buy;unsupported_by_current_native_executor;usdt_fdv_proxy_below_50000_quote_units
560,0x097b63926f4b2e069d0ed9fa97aafdcd677c4444,奥德赛,0x55d398326f99059ff775485246999027b3197955,USDT,18,18,122089910,later_snapshot_for_denomination_audit_only,False,False,1786694667.0,1786694670.0,18593815.99008087,25326.308607108534,,prior_trade_average_not_size_specific_quote,,,False,False,unknown,,8,1,0.5279179492351652,784,0,execution_unverified;graduation_event_time_unavailable;historical_state_unverified;incomplete_trade_provenance;no_recorded_x_signal;nonnative_quote_labeled_bnb;threshold_met_at_first_stored_buy;unsupported_by_current_native_executor;usdt_fdv_proxy_below_50000_quote_units
215,0x099f09c273606eed745767b81eeefa16f433ffff,牛叉,0x8d0d000ee44948fc98c9b98a4fa4921476f08b0d,USD1,18,18,122089910,later_snapshot_for_denomination_audit_only,False,False,1788199628.0,1788199631.0,4708776.903518218,6413.74191742814,,prior_trade_average_not_size_specific_quote,,,False,False,unknown,,5,,,207,0,execution_unverified;graduation_event_time_unavailable;historical_state_unverified;incomplete_trade_provenance;no_recorded_x_signal;nonnative_quote_labeled_bnb;threshold_met_at_first_stored_buy;unsupported_by_current_native_executor
206,0x0a4c4da17b982d13d970a2d3c9b056764dbb4444,一,0x46ceefda28dd7207059ed19b0acdc026955bb15c,GMEB,18,18,122089910,later_snapshot_for_denomination_audit_only,False,False,1786886904.0,1786886907.0,199429.899818735,271.63994690430684,,prior_trade_average_not_size_specific_quote,,,False,False,unknown,,6,,,79,0,execution_unverified;graduation_event_time_unavailable;historical_state_unverified;incomplete_trade_provenance;no_recorded_x_signal;nonnative_quote_labeled_bnb;threshold_met_at_first_stored_buy;unsupported_by_current_native_executor
84,0x0a8018a8a5070b639eb3aadb7e5e10a843534444,金牛CZ,0x55d398326f99059ff775485246999027b3197955,USDT,18,18,122089910,later_snapshot_for_denomination_audit_only,False,False,1788263507.0,1788263510.0,15009394.458918521,20444.031299179376,,prior_trade_average_not_size_specific_quote,,,False,False,unknown,,13,1,0.6239428985304808,87,0,execution_unverified;graduation_event_time_unavailable;historical_state_unverified;incomplete_trade_provenance;no_recorded_x_signal;nonnative_quote_labeled_bnb;threshold_met_at_first_stored_buy;unsupported_by_current_native_executor;usdt_fdv_proxy_below_50000_quote_units
102,0x0ac9b55090adfd9ccbfca2117ea7cedf6bdc4444,4444,0x46ceefda28dd7207059ed19b0acdc026955bb15c,GMEB,18,18,122089910,later_snapshot_for_denomination_audit_only,False,False,1786868342.0,1786868345.0,555804.7395303423,757.0518265937619,,prior_trade_average_not_size_specific_quote,,,False,False,unknown,,25,,,268,0,execution_unverified;graduation_event_time_unavailable;historical_state_unverified;incomplete_trade_provenance;no_recorded_x_signal;nonnative_quote_labeled_bnb;threshold_met_at_first_stored_buy;unsupported_by_current_native_executor
98,0x0b07f3738fd0be12130a104b277cf1aaa093ffff,川普,0xf2ec508422174ee564de98187db9359d318afb6b,DJTB,18,18,122089910,later_snapshot_for_denomination_audit_only,False,False,1788523595.0,1788523598.0,961136.4525321877,1309.146999376422,,prior_trade_average_not_size_specific_quote,,,False,False,unknown,,28,,,77,0,execution_unverified;graduation_event_time_unavailable;historical_state_unverified;incomplete_trade_provenance;no_recorded_x_signal;nonnative_quote_labeled_bnb;threshold_met_at_first_stored_buy;unsupported_by_current_native_executor
360,0x0b2523dca0f01b3c3ace46ab3cfe625aac054444,BNBGUY,0x55d398326f99059ff775485246999027b3197955,USDT,18,18,122089910,later_snapshot_for_denomination_audit_only,False,False,1788575834.0,1788575837.0,26921028.517572295,36668.65782798575,,prior_trade_average_not_size_specific_quote,,,False,False,unknown,,110,106,0.22068955497767476,648,0,at_least_90pct_buys_below_one_usdt;execution_unverified;graduation_event_time_unavailable;historical_state_unverified;incomplete_trade_provenance;no_recorded_x_signal;nonnative_quote_labeled_bnb;threshold_met_at_first_stored_buy;unsupported_by_current_native_executor;usdt_fdv_proxy_below_50000_quote_units
165,0x0b46596d4fda02c77c584ae3002389119b24ffff,HODLER,0x46ceefda28dd7207059ed19b0acdc026955bb15c,GMEB,18,18,122089910,later_snapshot_for_denomination_audit_only,False,False,1788523830.0,1788523833.0,267818.04622195195,364.79023417185664,,prior_trade_average_not_size_specific_quote,,,False,False,unknown,,9,,,87,0,execution_unverified;graduation_event_time_unavailable;historical_state_unverified;incomplete_trade_provenance;no_recorded_x_signal;nonnative_quote_labeled_bnb;threshold_met_at_first_stored_buy;unsupported_by_current_native_executor
350,0x0b839ed6f13782ec2e5b10b6fcd7e019fe9a4444,X WORLD,0x55d398326f99059ff775485246999027b3197955,USDT,18,18,122089910,later_snapshot_for_denomination_audit_only,False,False,1789001905.0,1789001908.0,28200799.49808702,38411.81129450538,,prior_trade_average_not_size_specific_quote,,,False,False,unknown,,82,81,0.146507910009673,365,0,at_least_90pct_buys_below_one_usdt;execution_unverified;graduation_event_time_unavailable;historical_state_unverified;incomplete_trade_provenance;no_recorded_x_signal;nonnative_quote_labeled_bnb;threshold_met_at_first_stored_buy;unsupported_by_current_native_executor;usdt_fdv_proxy_below_50000_quote_units
293,0x0b9a5d3d6b758e4859513f3a63709b2000e94444,纳4达克,0x55d398326f99059ff775485246999027b3197955,USDT,18,18,122089910,later_snapshot_for_denomination_audit_only,False,False,1789056140.0,1789056143.0,28706090.491294824,39100.05923872512,,prior_trade_average_not_size_specific_quote,,,False,False,unknown,,57,52,0.0862044865255712,545,0,at_least_90pct_buys_below_one_usdt;execution_unverified;graduation_event_time_unavailable;historical_state_unverified;incomplete_trade_provenance;no_recorded_x_signal;nonnative_quote_labeled_bnb;threshold_met_at_first_stored_buy;unsupported_by_current_native_executor;usdt_fdv_proxy_below_50000_quote_units
191,0x0c005513d73109d1af29aad89aedc3f22d47ffff,Fourmeme,0x46ceefda28dd7207059ed19b0acdc026955bb15c,GMEB,18,18,122089910,later_snapshot_for_denomination_audit_only,False,False,1788572726.0,1788572729.0,210655.20818381658,286.9297413185183,,prior_trade_average_not_size_specific_quote,,,False,False,unknown,,6,,,15,0,execution_unverified;graduation_event_time_unavailable;historical_state_unverified;incomplete_trade_provenance;no_recorded_x_signal;nonnative_quote_labeled_bnb;threshold_met_at_first_stored_buy;unsupported_by_current_native_executor
184,0x0c4ba5c649afb66edf2edbcaa2303d8c0c8d4444,卷王,0x46ceefda28dd7207059ed19b0acdc026955bb15c,GMEB,18,18,122089910,later_snapshot_for_denomination_audit_only,False,False,1786691970.0,1786691973.0,331049.49550344085,450.916675297875,,prior_trade_average_not_size_specific_quote,,,False,False,unknown,,27,,,362,0,execution_unverified;graduation_event_time_unavailable;historical_state_unverified;incomplete_trade_provenance;no_recorded_x_signal;nonnative_quote_labeled_bnb;threshold_met_at_first_stored_buy;unsupported_by_current_native_executor
477,0x0cf62b727e2f99c01318a20aff7c5e0d95534444,BICAT,0x55d398326f99059ff775485246999027b3197955,USDT,18,18,122089910,later_snapshot_for_denomination_audit_only,False,False,1787483923.0,1787483926.0,24102716.438514695,32829.88468408502,,prior_trade_average_not_size_specific_quote,,,False,False,unknown,,32,0,0.0,898,0,execution_unverified;graduation_event_time_unavailable;historical_state_unverified;incomplete_trade_provenance;no_recorded_x_signal;nonnative_quote_labeled_bnb;threshold_met_at_first_stored_buy;unsupported_by_current_native_executor;usdt_fdv_proxy_below_50000_quote_units
1,0x0e0a8a58c26a3eb02a5f7f76875edf4266c04444,币股人生,0x55d398326f99059ff775485246999027b3197955,USDT,18,18,122089910,later_snapshot_for_denomination_audit_only,False,False,1788859360.0,1788859363.0,29305782.488799777,39916.88912486179,,prior_trade_average_not_size_specific_quote,,,False,False,unknown,,20,16,0.03029199204918852,119,0,execution_unverified;graduation_event_time_unavailable;historical_state_unverified;incomplete_trade_provenance;no_recorded_x_signal;nonnative_quote_labeled_bnb;threshold_met_at_first_stored_buy;unsupported_by_current_native_executor;usdt_fdv_proxy_below_50000_quote_units
386,0x0ec9cc2756f9daa158d10f40bc9dcfdffc614444,我踏牛来,0x55d398326f99059ff775485246999027b3197955,USDT,18,18,122089910,later_snapshot_for_denomination_audit_only,False,False,1788363952.0,1788363955.0,26793850.825460352,36495.43133805569,,prior_trade_average_not_size_specific_quote,,,False,False,unknown,,179,178,0.8943286355588785,423,0,at_least_90pct_buys_below_one_usdt;execution_unverified;graduation_event_time_unavailable;historical_state_unverified;incomplete_trade_provenance;no_recorded_x_signal;nonnative_quote_labeled_bnb;threshold_met_at_first_stored_buy;unsupported_by_current_native_executor;usdt_fdv_proxy_below_50000_quote_units
371,0x0f9df6f8a6b64ff53d5c8c516efbb7fb9b614444,十八bro,0x55d398326f99059ff775485246999027b3197955,USDT,18,18,122089910,later_snapshot_for_denomination_audit_only,False,False,1787712872.0,1787712875.0,26588779.93000309,36216.10789054727,,prior_trade_average_not_size_specific_quote,,,False,False,unknown,,96,90,0.13733717821972014,728,0,at_least_90pct_buys_below_one_usdt;execution_unverified;graduation_event_time_unavailable;historical_state_unverified;incomplete_trade_provenance;no_recorded_x_signal;nonnative_quote_labeled_bnb;threshold_met_at_first_stored_buy;unsupported_by_current_native_executor;usdt_fdv_proxy_below_50000_quote_units
31,0x0ff9491e8be705909dd4349d05abf3f92e6a4444,BNB SEASON 🔶,0x55d398326f99059ff775485246999027b3197955,USDT,18,18,122089910,later_snapshot_for_denomination_audit_only,False,False,1789074645.0,1789074648.0,24202722.274970002,32966.10086896768,,prior_trade_average_not_size_specific_quote,,,False,False,unknown,,33,0,0.0,141,0,execution_unverified;graduation_event_time_unavailable;historical_state_unverified;incomplete_trade_provenance;no_recorded_x_signal;nonnative_quote_labeled_bnb;threshold_met_at_first_stored_buy;unsupported_by_current_native_executor;usdt_fdv_proxy_below_50000_quote_units
403,0x0ffff776fbffe8cf2b9ac0414a3e89de4fb14444,BINANCE MAN,0x55d398326f99059ff775485246999027b3197955,USDT,18,18,122089910,later_snapshot_for_denomination_audit_only,False,False,1789148748.0,1789148751.0,26148045.29329575,35615.791020193894,,prior_trade_average_not_size_specific_quote,,,False,False,unknown,,31,0,0.0,1021,0,execution_unverified;graduation_event_time_unavailable;historical_state_unverified;incomplete_trade_provenance;no_recorded_x_signal;nonnative_quote_labeled_bnb;threshold_met_at_first_stored_buy;unsupported_by_current_native_executor;usdt_fdv_proxy_below_50000_quote_units
267,0x104f5f69fd2b2b8a5daeddcce711ae54682cffff,CATZ,0x46ceefda28dd7207059ed19b0acdc026955bb15c,GMEB,18,18,122089910,later_snapshot_for_denomination_audit_only,False,False,1787807763.0,1787807766.0,183723.16930868645,250.24608647681936,,prior_trade_average_not_size_specific_quote,,,False,False,unknown,,5,,,20,0,execution_unverified;graduation_event_time_unavailable;historical_state_unverified;incomplete_trade_provenance;no_recorded_x_signal;nonnative_quote_labeled_bnb;threshold_met_at_first_stored_buy;unsupported_by_current_native_executor
484,0x107586be62696c1d9672c5685f9ed402b4f94444,BNBCAT,0x55d398326f99059ff775485246999027b3197955,USDT,18,18,122089910,later_snapshot_for_denomination_audit_only,False,False,1787663804.0,1787663807.0,24491190.63214516,33359.01852724187,,prior_trade_average_not_size_specific_quote,,,False,False,unknown,,10,1,0.5562651951740876,594,0,execution_unverified;graduation_event_time_unavailable;historical_state_unverified;incomplete_trade_provenance;no_recorded_x_signal;nonnative_quote_labeled_bnb;threshold_met_at_first_stored_buy;unsupported_by_current_native_executor;usdt_fdv_proxy_below_50000_quote_units
475,0x10ba70d4a605593cc40452615d866ca5575e4444,MFGA,0x55d398326f99059ff775485246999027b3197955,USDT,18,18,122089910,later_snapshot_for_denomination_audit_only,False,False,1788848540.0,1788848543.0,26112239.4327471,35567.02048946034,,prior_trade_average_not_size_specific_quote,,,False,False,unknown,,31,0,0.0,656,0,execution_unverified;graduation_event_time_unavailable;historical_state_unverified;incomplete_trade_provenance;no_recorded_x_signal;nonnative_quote_labeled_bnb;threshold_met_at_first_stored_buy;unsupported_by_current_native_executor;usdt_fdv_proxy_below_50000_quote_units
558,0x10c875e8b1556e0f191299bf208b66da4ae74444,SpaceXcoin,0x55d398326f99059ff775485246999027b3197955,USDT,18,18,122089910,later_snapshot_for_denomination_audit_only,False,False,1786706142.0,1786706145.0,17394097.614849545,23692.19338143692,,prior_trade_average_not_size_specific_quote,,,False,False,unknown,,6,2,0.9659332412763495,702,0,execution_unverified;graduation_event_time_unavailable;historical_state_unverified;incomplete_trade_provenance;no_recorded_x_signal;nonnative_quote_labeled_bnb;threshold_met_at_first_stored_buy;unsupported_by_current_native_executor;usdt_fdv_proxy_below_50000_quote_units
287,0x11602f36e7c8835b13922e7f7712a32937454444,BNB SEASON 🔶,0x55d398326f99059ff775485246999027b3197955,USDT,18,18,122089910,later_snapshot_for_denomination_audit_only,False,False,1788744995.0,1788744998.0,24127651.093477186,32863.84773755013,,prior_trade_average_not_size_specific_quote,,,False,False,unknown,,187,155,0.000229281513428568,675,0,execution_unverified;graduation_event_time_unavailable;historical_state_unverified;incomplete_trade_provenance;no_recorded_x_signal;nonnative_quote_labeled_bnb;threshold_met_at_first_stored_buy;unsupported_by_current_native_executor;usdt_fdv_proxy_below_50000_quote_units
579,0x1194eff3590c5b19e5a6c8a28f355d20487a4444,火星城,0x55d398326f99059ff775485246999027b3197955,USDT,18,18,122089910,later_snapshot_for_denomination_audit_only,False,False,1788336640.0,1788336643.0,15200521.450622506,20704.36200147446,,prior_trade_average_not_size_specific_quote,,,False,False,unknown,,7,1,0.6247794887191079,758,0,execution_unverified;graduation_event_time_unavailable;historical_state_unverified;incomplete_trade_provenance;no_recorded_x_signal;nonnative_quote_labeled_bnb;threshold_met_at_first_stored_buy;unsupported_by_current_native_executor;usdt_fdv_proxy_below_50000_quote_units
420,0x12427c6182f2fba2df48748e415928a5c5e94444,BN 火星,0x55d398326f99059ff775485246999027b3197955,USDT,18,18,122089910,later_snapshot_for_denomination_audit_only,False,False,1788660189.0,1788660192.0,26184432.362828534,35665.353205427265,,prior_trade_average_not_size_specific_quote,,,False,False,unknown,,182,150,0.002118042267359837,668,0,execution_unverified;graduation_event_time_unavailable;historical_state_unverified;incomplete_trade_provenance;no_recorded_x_signal;nonnative_quote_labeled_bnb;threshold_met_at_first_stored_buy;unsupported_by_current_native_executor;usdt_fdv_proxy_below_50000_quote_units
172,0x12460776e8b7f76153d4c1d625f6e79ddb48ffff,佛来,0x46ceefda28dd7207059ed19b0acdc026955bb15c,GMEB,18,18,122089910,later_snapshot_for_denomination_audit_only,False,False,1786882740.0,1786882743.0,236027.33475748083,321.4886671445045,,prior_trade_average_not_size_specific_quote,,,False,False,unknown,,16,,,80,0,execution_unverified;graduation_event_time_unavailable;historical_state_unverified;incomplete_trade_provenance;no_recorded_x_signal;nonnative_quote_labeled_bnb;threshold_met_at_first_stored_buy;unsupported_by_current_native_executor
444,0x126bf37a27ffef9fb1250ea6f38fc9ee92654444,SHAPAN CZ,0x55d398326f99059ff775485246999027b3197955,USDT,18,18,122089910,later_snapshot_for_denomination_audit_only,False,False,1788582749.0,1788582752.0,24074877.519259688,32791.96578348296,,prior_trade_average_not_size_specific_quote,,,False,False,unknown,,283,253,0.003852751544899527,1055,0,execution_unverified;graduation_event_time_unavailable;historical_state_unverified;incomplete_trade_provenance;no_recorded_x_signal;nonnative_quote_labeled_bnb;threshold_met_at_first_stored_buy;unsupported_by_current_native_executor;usdt_fdv_proxy_below_50000_quote_units
518,0x13267a8bcc2702c64249d01fcd15ee0583694444,牛来币安,0x55d398326f99059ff775485246999027b3197955,USDT,18,18,122089910,later_snapshot_for_denomination_audit_only,False,False,1787211866.0,1787211869.0,26812377.409936752,36520.66607180456,,prior_trade_average_not_size_specific_quote,,,False,False,unknown,,13,2,1.162629183750533,734,0,execution_unverified;graduation_event_time_unavailable;historical_state_unverified;incomplete_trade_provenance;no_recorded_x_signal;nonnative_quote_labeled_bnb;threshold_met_at_first_stored_buy;unsupported_by_current_native_executor;usdt_fdv_proxy_below_50000_quote_units
174,0x1362a4e5012441def6e50b8865cda50010f1ffff,"诚迎天下客,有喜就来坐",0x8d0d000ee44948fc98c9b98a4fa4921476f08b0d,USD1,18,18,122089910,later_snapshot_for_denomination_audit_only,False,False,1786714033.0,1786714036.0,4300630.01861129,5857.812248677132,,prior_trade_average_not_size_specific_quote,,,False,False,unknown,,9,,,43,0,execution_unverified;graduation_event_time_unavailable;historical_state_unverified;incomplete_trade_provenance;no_recorded_x_signal;nonnative_quote_labeled_bnb;threshold_met_at_first_stored_buy;unsupported_by_current_native_executor
320,0x13869585d3e8778f568b6c6cf1a24cadd08a4444,牛来人生,0x55d398326f99059ff775485246999027b3197955,USDT,18,18,122089910,later_snapshot_for_denomination_audit_only,False,False,1788878573.0,1788878576.0,28202252.1290433,38413.78989749417,,prior_trade_average_not_size_specific_quote,,,True,True,unknown,,283,253,0.37110735618815394,677,0,execution_unverified;graduation_event_time_unavailable;historical_state_unverified;incomplete_trade_provenance;no_recorded_x_signal;nonnative_quote_labeled_bnb;threshold_met_at_first_stored_buy;unsupported_by_current_native_executor;usdt_fdv_proxy_below_50000_quote_units
343,0x14c5577f4b8f68993b3aef9bd82c3d6190034444,4Stock,0x55d398326f99059ff775485246999027b3197955,USDT,18,18,122089910,later_snapshot_for_denomination_audit_only,False,False,1788938125.0,1788938128.0,28234984.44768855,38458.37401104451,,prior_trade_average_not_size_specific_quote,,,False,False,unknown,,53,50,0.08888874528443924,497,0,at_least_90pct_buys_below_one_usdt;execution_unverified;graduation_event_time_unavailable;historical_state_unverified;incomplete_trade_provenance;no_recorded_x_signal;nonnative_quote_labeled_bnb;threshold_met_at_first_stored_buy;unsupported_by_current_native_executor;usdt_fdv_proxy_below_50000_quote_units
8,0x1580bd018e2412bf612063de8b634801b9924444,牛来人生,0x55d398326f99059ff775485246999027b3197955,USDT,18,18,122089910,later_snapshot_for_denomination_audit_only,False,False,1788876303.0,1788876306.0,26096988.55497784,35546.24753800597,,prior_trade_average_not_size_specific_quote,,,False,False,unknown,,284,253,0.00038067552054471,509,0,execution_unverified;graduation_event_time_unavailable;historical_state_unverified;incomplete_trade_provenance;no_recorded_x_signal;nonnative_quote_labeled_bnb;threshold_met_at_first_stored_buy;unsupported_by_current_native_executor;usdt_fdv_proxy_below_50000_quote_units
189,0x158b4906845dc50d34a41d2710528fc9597dffff,Son,0x46ceefda28dd7207059ed19b0acdc026955bb15c,GMEB,18,18,122089910,later_snapshot_for_denomination_audit_only,False,False,1786887291.0,1786887294.0,216025.31774962303,294.2442727837191,,prior_trade_average_not_size_specific_quote,,,False,False,unknown,,17,,,463,0,execution_unverified;graduation_event_time_unavailable;historical_state_unverified;incomplete_trade_provenance;no_recorded_x_signal;nonnative_quote_labeled_bnb;threshold_met_at_first_stored_buy;unsupported_by_current_native_executor
137,0x16132dce229bbcc3bf985d384562fe558bc44444,mini,0x46ceefda28dd7207059ed19b0acdc026955bb15c,GMEB,18,18,122089910,later_snapshot_for_denomination_audit_only,False,False,1786980460.0,1786980463.0,367049.72333234246,499.951950273564,,prior_trade_average_not_size_specific_quote,,,False,False,unknown,,37,,,274,0,execution_unverified;graduation_event_time_unavailable;historical_state_unverified;incomplete_trade_provenance;no_recorded_x_signal;nonnative_quote_labeled_bnb;threshold_met_at_first_stored_buy;unsupported_by_current_native_executor
29,0x1694f5dcbf25dba94f1d2d67ffe1839392ff4444,我的女友景甜,0x55d398326f99059ff775485246999027b3197955,USDT,18,18,122089910,later_snapshot_for_denomination_audit_only,False,False,1787928660.0,1787928663.0,24094477.882425863,32818.66309223459,,prior_trade_average_not_size_specific_quote,,,False,False,unknown,,201,170,0.000252253671760288,595,0,execution_unverified;graduation_event_time_unavailable;historical_state_unverified;incomplete_trade_provenance;no_recorded_x_signal;nonnative_quote_labeled_bnb;threshold_met_at_first_stored_buy;unsupported_by_current_native_executor;usdt_fdv_proxy_below_50000_quote_units
163,0x1717f3771ada3b3cf4dfa3a1c0b793504c0affff,sme,0x46ceefda28dd7207059ed19b0acdc026955bb15c,GMEB,18,18,122089910,later_snapshot_for_denomination_audit_only,False,False,1787477001.0,1787477004.0,242739.39608708717,330.63104742374,,prior_trade_average_not_size_specific_quote,,,False,False,unknown,,33,,,182,0,execution_unverified;graduation_event_time_unavailable;historical_state_unverified;incomplete_trade_provenance;no_recorded_x_signal;nonnative_quote_labeled_bnb;threshold_met_at_first_stored_buy;unsupported_by_current_native_executor
141,0x17376ec77507dc377e878a5eb6fbabfa2260ffff,牛叉,0x8d0d000ee44948fc98c9b98a4fa4921476f08b0d,USD1,18,18,122089910,later_snapshot_for_denomination_audit_only,False,False,1788208879.0,1788208882.0,5594076.259025126,7619.592545357514,,prior_trade_average_not_size_specific_quote,,,False,False,unknown,,7,,,34,0,execution_unverified;graduation_event_time_unavailable;historical_state_unverified;incomplete_trade_provenance;no_recorded_x_signal;nonnative_quote_labeled_bnb;threshold_met_at_first_stored_buy;unsupported_by_current_native_executor
152,0x174fc6849774eaea6967effd77bc15961695ffff,边角料,0x46ceefda28dd7207059ed19b0acdc026955bb15c,GMEB,18,18,122089910,later_snapshot_for_denomination_audit_only,False,False,1788605752.0,1788605755.0,276771.345950755,376.9853657201397,,prior_trade_average_not_size_specific_quote,,,False,False,unknown,,14,,,40,0,execution_unverified;graduation_event_time_unavailable;historical_state_unverified;incomplete_trade_provenance;no_recorded_x_signal;nonnative_quote_labeled_bnb;threshold_met_at_first_stored_buy;unsupported_by_current_native_executor
519,0x174fd40c68b1945202dabdd2294818f332fd4444,我的女友景甜,0x55d398326f99059ff775485246999027b3197955,USDT,18,18,122089910,later_snapshot_for_denomination_audit_only,False,False,1787970730.0,1787970733.0,24129114.302501936,32865.8407487393,,prior_trade_average_not_size_specific_quote,,,False,False,unknown,,201,170,0.002585284441752817,1078,0,execution_unverified;graduation_event_time_unavailable;historical_state_unverified;incomplete_trade_provenance;no_recorded_x_signal;nonnative_quote_labeled_bnb;threshold_met_at_first_stored_buy;unsupported_by_current_native_executor;usdt_fdv_proxy_below_50000_quote_units
88,0x18f90e53a71c127519572c31faafbebbfe0f4444,牛来,0x55d398326f99059ff775485246999027b3197955,USDT,18,18,122089910,later_snapshot_for_denomination_audit_only,False,False,1787045547.0,1787045550.0,13676446.236190433,18628.44604953953,,prior_trade_average_not_size_specific_quote,,,False,False,unknown,,6,1,0.48081208671893416,225,0,execution_unverified;graduation_event_time_unavailable;historical_state_unverified;incomplete_trade_provenance;no_recorded_x_signal;nonnative_quote_labeled_bnb;threshold_met_at_first_stored_buy;unsupported_by_current_native_executor;usdt_fdv_proxy_below_50000_quote_units
47,0x191526daf4914b72766e3b6eaf9488bb5f604444,景甜人生,0x55d398326f99059ff775485246999027b3197955,USDT,18,18,122089910,later_snapshot_for_denomination_audit_only,False,False,1787849641.0,1787849644.0,24533733.534043014,33416.96546309849,,prior_trade_average_not_size_specific_quote,,,False,False,unknown,,58,51,0.5431493511607267,392,0,execution_unverified;graduation_event_time_unavailable;historical_state_unverified;incomplete_trade_provenance;no_recorded_x_signal;nonnative_quote_labeled_bnb;threshold_met_at_first_stored_buy;unsupported_by_current_native_executor;usdt_fdv_proxy_below_50000_quote_units
448,0x19fe004ac122901b9230311308db5a6b078d4444,牛来人生,0x55d398326f99059ff775485246999027b3197955,USDT,18,18,122089910,later_snapshot_for_denomination_audit_only,False,False,1788350673.0,1788350676.0,24162044.90603537,32910.69494263641,,prior_trade_average_not_size_specific_quote,,,True,False,unknown,,34,1,0.006696891016765223,660,0,execution_unverified;graduation_event_time_unavailable;historical_state_unverified;incomplete_trade_provenance;no_recorded_x_signal;nonnative_quote_labeled_bnb;threshold_met_at_first_stored_buy;unsupported_by_current_native_executor;usdt_fdv_proxy_below_50000_quote_units
354,0x1b90d184446312e740fd490d9d4e0bfa3eae4444,太空神牛,0x55d398326f99059ff775485246999027b3197955,USDT,18,18,122089910,later_snapshot_for_denomination_audit_only,False,False,1789003194.0,1789003197.0,30591811.643357676,41668.56673979825,,prior_trade_average_not_size_specific_quote,,,False,False,unknown,,233,201,0.000298152596551372,588,0,execution_unverified;graduation_event_time_unavailable;historical_state_unverified;incomplete_trade_provenance;no_recorded_x_signal;nonnative_quote_labeled_bnb;threshold_met_at_first_stored_buy;unsupported_by_current_native_executor;usdt_fdv_proxy_below_50000_quote_units
311,0x1cf042c8180160a1effcc2e38ea7ee8710964444,New Tesla Roadster,0x55d398326f99059ff775485246999027b3197955,USDT,18,18,122089910,later_snapshot_for_denomination_audit_only,False,False,1789264650.0,1789264653.0,26971260.86418246,36737.07842077783,,prior_trade_average_not_size_specific_quote,,,False,False,unknown,,111,109,0.157795511743609,465,0,at_least_90pct_buys_below_one_usdt;execution_unverified;graduation_event_time_unavailable;historical_state_unverified;incomplete_trade_provenance;no_recorded_x_signal;nonnative_quote_labeled_bnb;threshold_met_at_first_stored_buy;unsupported_by_current_native_executor;usdt_fdv_proxy_below_50000_quote_units
417,0x1d46d065106cef58569bb911005cd62880e34444,BEN,0x55d398326f99059ff775485246999027b3197955,USDT,18,18,122089910,later_snapshot_for_denomination_audit_only,False,False,1788694764.0,1788694767.0,26224365.15046029,35719.74495070664,,prior_trade_average_not_size_specific_quote,,,False,False,unknown,,285,253,0.03801162467869737,1003,0,execution_unverified;graduation_event_time_unavailable;historical_state_unverified;incomplete_trade_provenance;no_recorded_x_signal;nonnative_quote_labeled_bnb;threshold_met_at_first_stored_buy;unsupported_by_current_native_executor;usdt_fdv_proxy_below_50000_quote_units
385,0x1d57518ea980586fb295f270f4d4154417fc4444,BNB 狗来,0x55d398326f99059ff775485246999027b3197955,USDT,18,18,122089910,later_snapshot_for_denomination_audit_only,False,False,1787725311.0,1787725314.0,24219091.774868254,32988.39747588195,,prior_trade_average_not_size_specific_quote,,,False,False,unknown,,32,0,0.0,1168,0,execution_unverified;graduation_event_time_unavailable;historical_state_unverified;incomplete_trade_provenance;no_recorded_x_signal;nonnative_quote_labeled_bnb;threshold_met_at_first_stored_buy;unsupported_by_current_native_executor;usdt_fdv_proxy_below_50000_quote_units
103,0x1d692d9b6db95c6b64c395570ed6aa4ffdd5ffff,meme,0x46ceefda28dd7207059ed19b0acdc026955bb15c,GMEB,18,18,122089910,later_snapshot_for_denomination_audit_only,False,False,1787213206.0,1787213209.0,606835.9786766721,826.5605768101015,,prior_trade_average_not_size_specific_quote,,,False,False,unknown,,79,,,480,0,execution_unverified;graduation_event_time_unavailable;historical_state_unverified;incomplete_trade_provenance;no_recorded_x_signal;nonnative_quote_labeled_bnb;threshold_met_at_first_stored_buy;unsupported_by_current_native_executor
307,0x1d88744cf50ec22f3b478f8013b354b1fe384444,StarlinkCoin,0x55d398326f99059ff775485246999027b3197955,USDT,18,18,122089910,later_snapshot_for_denomination_audit_only,False,False,1789200563.0,1789200566.0,28280376.520356987,38520.20175212415,,prior_trade_average_not_size_specific_quote,,,False,False,unknown,,232,229,1.2278206182206823,381,0,at_least_90pct_buys_below_one_usdt;execution_unverified;graduation_event_time_unavailable;historical_state_unverified;incomplete_trade_provenance;no_recorded_x_signal;nonnative_quote_labeled_bnb;threshold_met_at_first_stored_buy;unsupported_by_current_native_executor;usdt_fdv_proxy_below_50000_quote_units
35,0x1d9569226d5393609c730ed59319ff4774af4444,景甜指甲刀,0x55d398326f99059ff775485246999027b3197955,USDT,18,18,122089910,later_snapshot_for_denomination_audit_only,False,False,1787883611.0,1787883614.0,24076260.798166636,32793.84992326932,,prior_trade_average_not_size_specific_quote,,,True,True,unknown,,122,92,0.3494608798324619,674,0,execution_unverified;graduation_event_time_unavailable;historical_state_unverified;incomplete_trade_provenance;no_recorded_x_signal;nonnative_quote_labeled_bnb;threshold_met_at_first_stored_buy;unsupported_by_current_native_executor;usdt_fdv_proxy_below_50000_quote_units
377,0x1dd5a19d29ef5938bbd105c6c02122800de24444,牛来,0x55d398326f99059ff775485246999027b3197955,USDT,18,18,122089910,later_snapshot_for_denomination_audit_only,False,False,1786810676.0,1786810679.0,27673120.576126877,37693.069147645474,,prior_trade_average_not_size_specific_quote,,,False,False,unknown,,5,1,0.48895897571715846,647,0,execution_unverified;graduation_event_time_unavailable;historical_state_unverified;incomplete_trade_provenance;no_recorded_x_signal;nonnative_quote_labeled_bnb;threshold_met_at_first_stored_buy;unsupported_by_current_native_executor;usdt_fdv_proxy_below_50000_quote_units
461,0x1debf67c9390824e3be3d04663f241b65b224444,牛来人生,0x55d398326f99059ff775485246999027b3197955,USDT,18,18,122089910,later_snapshot_for_denomination_audit_only,False,False,1788920698.0,1788920701.0,26112346.530264128,35567.16636509818,,prior_trade_average_not_size_specific_quote,,,False,False,unknown,,269,237,0.00034101935481994,884,0,execution_unverified;graduation_event_time_unavailable;historical_state_unverified;incomplete_trade_provenance;no_recorded_x_signal;nonnative_quote_labeled_bnb;threshold_met_at_first_stored_buy;unsupported_by_current_native_executor;usdt_fdv_proxy_below_50000_quote_units
133,0x1e9c1a72f5af4f2a1a6c535657d6f49f1ff24444,佛咪咪,0x46ceefda28dd7207059ed19b0acdc026955bb15c,GMEB,18,18,122089910,later_snapshot_for_denomination_audit_only,False,False,1786980514.0,1786980517.0,327694.89587728074,446.3474343507372,,prior_trade_average_not_size_specific_quote,,,False,False,unknown,,34,,,106,0,execution_unverified;graduation_event_time_unavailable;historical_state_unverified;incomplete_trade_provenance;no_recorded_x_signal;nonnative_quote_labeled_bnb;threshold_met_at_first_stored_buy;unsupported_by_current_native_executor
318,0x204913a48325829cabb3f224a731502b0e0b4444,STONKS人生,0x55d398326f99059ff775485246999027b3197955,USDT,18,18,122089910,later_snapshot_for_denomination_audit_only,False,False,1788777937.0,1788777940.0,28022916.618608072,38169.5201637333,,prior_trade_average_not_size_specific_quote,,,False,False,unknown,,94,89,1.155397880088034,357,0,at_least_90pct_buys_below_one_usdt;execution_unverified;graduation_event_time_unavailable;historical_state_unverified;incomplete_trade_provenance;no_recorded_x_signal;nonnative_quote_labeled_bnb;threshold_met_at_first_stored_buy;unsupported_by_current_native_executor;usdt_fdv_proxy_below_50000_quote_units
412,0x20dabbc8e833c9bbfbe4a0d5ecefa0a6473f4444,BINANCE MARGE🔶,0x55d398326f99059ff775485246999027b3197955,USDT,18,18,122089910,later_snapshot_for_denomination_audit_only,False,False,1789088113.0,1789088116.0,26101371.301855214,35552.21720017873,,prior_trade_average_not_size_specific_quote,,,False,False,unknown,,285,255,1.0521012862322576,937,0,execution_unverified;graduation_event_time_unavailable;historical_state_unverified;incomplete_trade_provenance;no_recorded_x_signal;nonnative_quote_labeled_bnb;threshold_met_at_first_stored_buy;unsupported_by_current_native_executor;usdt_fdv_proxy_below_50000_quote_units
334,0x2188872cc3835ca8778b19b3034880f530cb4444,尴尬 DOG,0x55d398326f99059ff775485246999027b3197955,USDT,18,18,122089910,later_snapshot_for_denomination_audit_only,False,False,1789215216.0,1789215219.0,26274448.306447253,35787.96233358385,,prior_trade_average_not_size_specific_quote,,,False,False,unknown,,250,217,0.9822099739987906,1042,0,execution_unverified;graduation_event_time_unavailable;historical_state_unverified;incomplete_trade_provenance;no_recorded_x_signal;nonnative_quote_labeled_bnb;threshold_met_at_first_stored_buy;unsupported_by_current_native_executor;usdt_fdv_proxy_below_50000_quote_units
121,0x21f462b87ce24eb95e62aa56c1b8af1d9ba0ffff,WHISK,0x46ceefda28dd7207059ed19b0acdc026955bb15c,GMEB,18,18,122089910,later_snapshot_for_denomination_audit_only,False,False,1787808376.0,1787808379.0,416001.1501160039,566.6278247762833,,prior_trade_average_not_size_specific_quote,,,True,True,unknown,,23,,,491,0,execution_unverified;graduation_event_time_unavailable;historical_state_unverified;incomplete_trade_provenance;no_recorded_x_signal;nonnative_quote_labeled_bnb;threshold_met_at_first_stored_buy;unsupported_by_current_native_executor
592,0x21f73e234d6384deb5c5f1d7f6daf6ef25b8ffff,FLNC,0x4af1d41cd9dd950dca43984b43aaa2a8702714ac,FLNCB,18,18,122089910,later_snapshot_for_denomination_audit_only,False,False,1788852038.0,1788852041.0,590583.7195955999,804.4236615437841,,prior_trade_average_not_size_specific_quote,1788852089,False,False,False,unknown,,42,,,242,0,execution_unverified;historical_state_unverified;incomplete_trade_provenance;no_recorded_x_signal;nonnative_quote_labeled_bnb;requires_dex_state_for_1h_outcome;threshold_met_at_first_stored_buy;unsupported_by_current_native_executor
279,0x23d2242b9df4f369133dcaeb86518b0240fdffff,𝑓𝑓𝑓𝑓,0x46ceefda28dd7207059ed19b0acdc026955bb15c,GMEB,18,18,122089910,later_snapshot_for_denomination_audit_only,False,False,1786952815.0,1786952818.0,192202.25301401562,261.7952967487307,,prior_trade_average_not_size_specific_quote,,,False,False,unknown,,8,,,22,0,execution_unverified;graduation_event_time_unavailable;historical_state_unverified;incomplete_trade_provenance;no_recorded_x_signal;nonnative_quote_labeled_bnb;threshold_met_at_first_stored_buy;unsupported_by_current_native_executor
401,0x2504095dbaa1a1a41a70a22553c3f262c9514444,牛来人生,0x55d398326f99059ff775485246999027b3197955,USDT,18,18,122089910,later_snapshot_for_denomination_audit_only,False,False,1788598551.0,1788598554.0,24621399.838852663,33536.37418970084,,prior_trade_average_not_size_specific_quote,,,True,False,unknown,,287,253,0.003800437078896741,838,0,execution_unverified;graduation_event_time_unavailable;historical_state_unverified;incomplete_trade_provenance;no_recorded_x_signal;nonnative_quote_labeled_bnb;threshold_met_at_first_stored_buy;unsupported_by_current_native_executor;usdt_fdv_proxy_below_50000_quote_units
227,0x25da108dfb942c1224d0fa1ca6d01ececd94ffff,LUCKY,0x46ceefda28dd7207059ed19b0acdc026955bb15c,GMEB,18,18,122089910,later_snapshot_for_denomination_audit_only,False,False,1787640663.0,1787640666.0,188513.83994902173,256.7713744078643,,prior_trade_average_not_size_specific_quote,,,False,False,unknown,,10,,,24,0,execution_unverified;graduation_event_time_unavailable;historical_state_unverified;incomplete_trade_provenance;no_recorded_x_signal;nonnative_quote_labeled_bnb;threshold_met_at_first_stored_buy;unsupported_by_current_native_executor
543,0x25fdd00133afbc3207042e708c0d00fd61184444,马上牛来,0x55d398326f99059ff775485246999027b3197955,USDT,18,18,122089910,later_snapshot_for_denomination_audit_only,False,False,1787311292.0,1787311295.0,27915360.52798422,38023.01991089832,,prior_trade_average_not_size_specific_quote,,,True,False,unknown,,17,2,1.078865080917004,624,0,execution_unverified;graduation_event_time_unavailable;historical_state_unverified;incomplete_trade_provenance;no_recorded_x_signal;nonnative_quote_labeled_bnb;threshold_met_at_first_stored_buy;unsupported_by_current_native_executor;usdt_fdv_proxy_below_50000_quote_units
594,0x265b3982ea730748100947f52561a4eab54affff,AST,0x0000000000000000000000000000000000000000,BNB,18,18,122089910,later_snapshot_for_denomination_audit_only,False,True,1787928851.0,1787928854.0,64703.5629363924,88.13158115476305,,prior_trade_average_not_size_specific_quote,1787928827,True,False,False,unknown,,86,,,497,0,curve_venue_ended_before_assumed_entry;execution_unverified;historical_state_unverified;incomplete_trade_provenance;no_recorded_x_signal;requires_dex_state_for_1h_outcome
383,0x266bf238a556af35114bb5b527e83b7b2f9e4444,神牛币,0x55d398326f99059ff775485246999027b3197955,USDT,18,18,122089910,later_snapshot_for_denomination_audit_only,False,False,1788183324.0,1788183327.0,24153235.931017987,32898.69639323044,,prior_trade_average_not_size_specific_quote,,,False,False,unknown,,123,91,1.3224460193654664,745,0,execution_unverified;graduation_event_time_unavailable;historical_state_unverified;incomplete_trade_provenance;no_recorded_x_signal;nonnative_quote_labeled_bnb;threshold_met_at_first_stored_buy;unsupported_by_current_native_executor;usdt_fdv_proxy_below_50000_quote_units
516,0x268d6468a1056cdc3aeb8e1fbde1c473cd964444,我的女友景甜,0x55d398326f99059ff775485246999027b3197955,USDT,18,18,122089910,later_snapshot_for_denomination_audit_only,False,False,1787903931.0,1787903934.0,24074866.19455942,32791.9503583086,,prior_trade_average_not_size_specific_quote,,,False,False,unknown,,101,69,0.001020280196263715,878,0,execution_unverified;graduation_event_time_unavailable;historical_state_unverified;incomplete_trade_provenance;no_recorded_x_signal;nonnative_quote_labeled_bnb;threshold_met_at_first_stored_buy;unsupported_by_current_native_executor;usdt_fdv_proxy_below_50000_quote_units
567,0x27235390c97e23c44358b17d1f72626105844444,金牛CZ,0x55d398326f99059ff775485246999027b3197955,USDT,18,18,122089910,later_snapshot_for_denomination_audit_only,False,False,1788263731.0,1788263734.0,15664370.60028431,21336.16274198661,,prior_trade_average_not_size_specific_quote,,,False,False,unknown,,9,1,0.6238541417856431,830,0,execution_unverified;graduation_event_time_unavailable;historical_state_unverified;incomplete_trade_provenance;no_recorded_x_signal;nonnative_quote_labeled_bnb;threshold_met_at_first_stored_buy;unsupported_by_current_native_executor;usdt_fdv_proxy_below_50000_quote_units
237,0x275d2f5364274e7e28b6f373624ac493415fffff,PANDA,0x46ceefda28dd7207059ed19b0acdc026955bb15c,GMEB,18,18,122089910,later_snapshot_for_denomination_audit_only,False,False,1786884970.0,1786884973.0,191916.2873119014,261.4057879127469,,prior_trade_average_not_size_specific_quote,,,False,False,unknown,,6,,,17,0,execution_unverified;graduation_event_time_unavailable;historical_state_unverified;incomplete_trade_provenance;no_recorded_x_signal;nonnative_quote_labeled_bnb;threshold_met_at_first_stored_buy;unsupported_by_current_native_executor
402,0x27cf79788ae1a3df2eaa6da82ec1820b6f144444,DOG SHIT,0x55d398326f99059ff775485246999027b3197955,USDT,18,18,122089910,later_snapshot_for_denomination_audit_only,False,False,1788935151.0,1788935154.0,26097758.831339717,35547.296717844256,,prior_trade_average_not_size_specific_quote,,,False,False,unknown,,206,176,0.3701981522812604,884,0,execution_unverified;graduation_event_time_unavailable;historical_state_unverified;incomplete_trade_provenance;no_recorded_x_signal;nonnative_quote_labeled_bnb;threshold_met_at_first_stored_buy;unsupported_by_current_native_executor;usdt_fdv_proxy_below_50000_quote_units
565,0x27dceb919716fa389e3a48f3e7277b79a1b74444,Mars Bull,0x55d398326f99059ff775485246999027b3197955,USDT,18,18,122089910,later_snapshot_for_denomination_audit_only,False,False,1788352342.0,1788352345.0,14600572.457238853,19887.182065787016,,prior_trade_average_not_size_specific_quote,,,False,False,unknown,,26,22,1.7327128797571592,874,0,execution_unverified;graduation_event_time_unavailable;historical_state_unverified;incomplete_trade_provenance;no_recorded_x_signal;nonnative_quote_labeled_bnb;threshold_met_at_first_stored_buy;unsupported_by_current_native_executor;usdt_fdv_proxy_below_50000_quote_units
294,0x284ff50b8aa8d42ea671f2e7618ddc4dda314444,Grok Bot,0x55d398326f99059ff775485246999027b3197955,USDT,18,18,122089910,later_snapshot_for_denomination_audit_only,False,False,1789133217.0,1789133220.0,28246361.456441734,38473.87043388008,,prior_trade_average_not_size_specific_quote,,,False,False,unknown,,132,129,0.22685727676112213,603,0,at_least_90pct_buys_below_one_usdt;execution_unverified;graduation_event_time_unavailable;historical_state_unverified;incomplete_trade_provenance;no_recorded_x_signal;nonnative_quote_labeled_bnb;threshold_met_at_first_stored_buy;unsupported_by_current_native_executor;usdt_fdv_proxy_below_50000_quote_units
556,0x28b8aa38bbcb083a481383151c03074463ceffff,MOO Charity,0x46ceefda28dd7207059ed19b0acdc026955bb15c,GMEB,18,18,122089910,later_snapshot_for_denomination_audit_only,False,False,1787023454.0,1787023457.0,1525028.8099574621,2077.214827570539,,prior_trade_average_not_size_specific_quote,1787023598,False,False,False,unknown,,128,,,404,0,execution_unverified;historical_state_unverified;incomplete_trade_provenance;no_recorded_x_signal;nonnative_quote_labeled_bnb;requires_dex_state_for_1h_outcome;threshold_met_at_first_stored_buy;unsupported_by_current_native_executor
234,0x2917689c3457aec3848766ff9746b3ab7c124444,trustmebro,0x46ceefda28dd7207059ed19b0acdc026955bb15c,GMEB,18,18,122089910,later_snapshot_for_denomination_audit_only,False,False,1786709027.0,1786709030.0,186708.31678364833,254.31210316908664,,prior_trade_average_not_size_specific_quote,,,False,False,unknown,,6,,,55,0,execution_unverified;graduation_event_time_unavailable;historical_state_unverified;incomplete_trade_provenance;no_recorded_x_signal;nonnative_quote_labeled_bnb;threshold_met_at_first_stored_buy;unsupported_by_current_native_executor
221,0x29777eb44a132d8b7d434e5f954650d339daffff,Fourcat,0x46ceefda28dd7207059ed19b0acdc026955bb15c,GMEB,18,18,122089910,later_snapshot_for_denomination_audit_only,False,False,1787413986.0,1787413989.0,191276.71845990384,260.5346424668726,,prior_trade_average_not_size_specific_quote,,,False,False,unknown,,5,,,24,0,execution_unverified;graduation_event_time_unavailable;historical_state_unverified;incomplete_trade_provenance;no_recorded_x_signal;nonnative_quote_labeled_bnb;threshold_met_at_first_stored_buy;unsupported_by_current_native_executor
508,0x29c5e40bf953a0480e3a59a02e5083c2807d4444,CZ 牛来,0x55d398326f99059ff775485246999027b3197955,USDT,18,18,122089910,later_snapshot_for_denomination_audit_only,False,False,1787649332.0,1787649335.0,24088637.178698882,32810.70757276773,,prior_trade_average_not_size_specific_quote,,,False,False,unknown,,31,0,0.0,1008,0,execution_unverified;graduation_event_time_unavailable;historical_state_unverified;incomplete_trade_provenance;no_recorded_x_signal;nonnative_quote_labeled_bnb;threshold_met_at_first_stored_buy;unsupported_by_current_native_executor;usdt_fdv_proxy_below_50000_quote_units
291,0x2a77b92714bfb56551713b6380a4297dee224444,我踏牛来,0x55d398326f99059ff775485246999027b3197955,USDT,18,18,122089910,later_snapshot_for_denomination_audit_only,False,False,1787162002.0,1787162005.0,28135803.262875624,38323.28106961008,,prior_trade_average_not_size_specific_quote,,,False,False,unknown,,59,51,0.5948669573510509,594,0,execution_unverified;graduation_event_time_unavailable;historical_state_unverified;incomplete_trade_provenance;no_recorded_x_signal;nonnative_quote_labeled_bnb;threshold_met_at_first_stored_buy;unsupported_by_current_native_executor;usdt_fdv_proxy_below_50000_quote_units
446,0x2a9c15504ff885f17cc4774d531a2fa7807e4444,孙哥回忆录,0x55d398326f99059ff775485246999027b3197955,USDT,18,18,122089910,later_snapshot_for_denomination_audit_only,False,False,1788075207.0,1788075210.0,23032548.215906654,31372.22743493558,,prior_trade_average_not_size_specific_quote,,,False,False,unknown,,61,52,0.9721910957824924,748,0,execution_unverified;graduation_event_time_unavailable;historical_state_unverified;incomplete_trade_provenance;no_recorded_x_signal;nonnative_quote_labeled_bnb;threshold_met_at_first_stored_buy;unsupported_by_current_native_executor;usdt_fdv_proxy_below_50000_quote_units
81,0x2ab22465da80b730a184ac9165eafd0971914444,XDOGE,0x55d398326f99059ff775485246999027b3197955,USDT,18,18,122089910,later_snapshot_for_denomination_audit_only,False,False,1786705303.0,1786705306.0,15442817.436146358,21034.389087195552,,prior_trade_average_not_size_specific_quote,,,False,False,unknown,,7,2,1.1783376615452268,210,0,execution_unverified;graduation_event_time_unavailable;historical_state_unverified;incomplete_trade_provenance;no_recorded_x_signal;nonnative_quote_labeled_bnb;threshold_met_at_first_stored_buy;unsupported_by_current_native_executor;usdt_fdv_proxy_below_50000_quote_units
150,0x2ad258199dd79e40251a5c2d782037caf155ffff,FOURCAT,0x46ceefda28dd7207059ed19b0acdc026955bb15c,GMEB,18,18,122089910,later_snapshot_for_denomination_audit_only,False,False,1788248259.0,1788248262.0,279005.34112356434,380.0282511183572,,prior_trade_average_not_size_specific_quote,,,False,False,unknown,,30,,,186,0,execution_unverified;graduation_event_time_unavailable;historical_state_unverified;incomplete_trade_provenance;no_recorded_x_signal;nonnative_quote_labeled_bnb;threshold_met_at_first_stored_buy;unsupported_by_current_native_executor
329,0x2b85e2f69166152e6dde855384b4e74dfae24444,牛来,0x55d398326f99059ff775485246999027b3197955,USDT,18,18,122089910,later_snapshot_for_denomination_audit_only,False,False,1786846522.0,1786846525.0,27662156.16027699,37678.13471032185,,prior_trade_average_not_size_specific_quote,,,False,False,unknown,,6,1,0.5272958475613515,312,0,execution_unverified;graduation_event_time_unavailable;historical_state_unverified;incomplete_trade_provenance;no_recorded_x_signal;nonnative_quote_labeled_bnb;threshold_met_at_first_stored_buy;unsupported_by_current_native_executor;usdt_fdv_proxy_below_50000_quote_units
372,0x2bc7ef87ae7d28ab2efaa3444b00fa7881ab4444,安交所 Bull,0x55d398326f99059ff775485246999027b3197955,USDT,18,18,122089910,later_snapshot_for_denomination_audit_only,False,False,1787524523.0,1787524526.0,26325691.184925742,35857.759353999405,,prior_trade_average_not_size_specific_quote,,,False,False,unknown,,10,1,0.46704004394307286,493,0,execution_unverified;graduation_event_time_unavailable;historical_state_unverified;incomplete_trade_provenance;no_recorded_x_signal;nonnative_quote_labeled_bnb;threshold_met_at_first_stored_buy;unsupported_by_current_native_executor;usdt_fdv_proxy_below_50000_quote_units
429,0x2bd0905128e38c6e1045dcc3448e3a29cbfb4444,牛来人生,0x55d398326f99059ff775485246999027b3197955,USDT,18,18,122089910,later_snapshot_for_denomination_audit_only,False,False,1788444403.0,1788444406.0,24103031.126311857,32830.31331477976,,prior_trade_average_not_size_specific_quote,,,False,False,unknown,,284,253,0.000250495044888782,658,0,execution_unverified;graduation_event_time_unavailable;historical_state_unverified;incomplete_trade_provenance;no_recorded_x_signal;nonnative_quote_labeled_bnb;threshold_met_at_first_stored_buy;unsupported_by_current_native_executor;usdt_fdv_proxy_below_50000_quote_units
11,0x2be8c818d30af32a7338965de58c9c8996af4444,BINANCE MARGE🔶,0x55d398326f99059ff775485246999027b3197955,USDT,18,18,122089910,later_snapshot_for_denomination_audit_only,False,False,1789051927.0,1789051930.0,26286305.05025764,35804.11219507422,,prior_trade_average_not_size_specific_quote,,,False,False,unknown,,287,253,0.000379354757210648,376,0,execution_unverified;graduation_event_time_unavailable;historical_state_unverified;incomplete_trade_provenance;no_recorded_x_signal;nonnative_quote_labeled_bnb;threshold_met_at_first_stored_buy;unsupported_by_current_native_executor;usdt_fdv_proxy_below_50000_quote_units
283,0x2d02d52d233376243af94c30d5606f4022644444,TSTOVDT4X,0x55d398326f99059ff775485246999027b3197955,USDT,18,18,122089910,later_snapshot_for_denomination_audit_only,False,False,1787301913.0,1787301916.0,2818995.769137771,3839.704386092827,,prior_trade_average_not_size_specific_quote,,,False,False,unknown,,11,11,7.404646512917865,15,0,at_least_90pct_buys_below_one_usdt;execution_unverified;graduation_event_time_unavailable;historical_state_unverified;incomplete_trade_provenance;no_recorded_x_signal;nonnative_quote_labeled_bnb;threshold_met_at_first_stored_buy;unsupported_by_current_native_executor;usdt_fdv_proxy_below_50000_quote_units
507,0x2d3107155659b43624c0fa9849cd943bcc7b4444,MARGE🔶,0x55d398326f99059ff775485246999027b3197955,USDT,18,18,122089910,later_snapshot_for_denomination_audit_only,False,False,1789140015.0,1789140018.0,24429493.426763583,33274.98185265481,,prior_trade_average_not_size_specific_quote,1789165617,False,False,False,unknown,,30,0,0.0,964,0,execution_unverified;historical_state_unverified;incomplete_trade_provenance;no_recorded_x_signal;nonnative_quote_labeled_bnb;threshold_met_at_first_stored_buy;unsupported_by_current_native_executor;usdt_fdv_proxy_below_50000_quote_units
208,0x2d9ccd765c29a74a7971747f21e2e5f1306fffff,Fourlingo,0x46ceefda28dd7207059ed19b0acdc026955bb15c,GMEB,18,18,122089910,later_snapshot_for_denomination_audit_only,False,False,1787058622.0,1787058625.0,238962.02594198467,325.4859582140167,,prior_trade_average_not_size_specific_quote,,,False,False,unknown,,7,,,17,0,execution_unverified;graduation_event_time_unavailable;historical_state_unverified;incomplete_trade_provenance;no_recorded_x_signal;nonnative_quote_labeled_bnb;threshold_met_at_first_stored_buy;unsupported_by_current_native_executor
148,0x2eaf91c90c8025de6eefd8a433cde05b8722ffff,牛叉,0x8d0d000ee44948fc98c9b98a4fa4921476f08b0d,USD1,18,18,122089910,later_snapshot_for_denomination_audit_only,False,False,1788209051.0,1788209054.0,5355795.753022883,7295.034873425615,,prior_trade_average_not_size_specific_quote,,,False,False,unknown,,6,,,20,0,execution_unverified;graduation_event_time_unavailable;historical_state_unverified;incomplete_trade_provenance;no_recorded_x_signal;nonnative_quote_labeled_bnb;threshold_met_at_first_stored_buy;unsupported_by_current_native_executor
498,0x302246fcf26a9a4e00c7b2a72bcbc57486c4ffff,FourCharity,0x46ceefda28dd7207059ed19b0acdc026955bb15c,GMEB,18,18,122089910,later_snapshot_for_denomination_audit_only,False,False,1787024271.0,1787024274.0,213666.6561399182,291.031581431982,,prior_trade_average_not_size_specific_quote,,,False,False,unknown,,10,,,85,0,execution_unverified;graduation_event_time_unavailable;historical_state_unverified;incomplete_trade_provenance;no_recorded_x_signal;nonnative_quote_labeled_bnb;threshold_met_at_first_stored_buy;unsupported_by_current_native_executor
314,0x302ea091f945e713bc7153828f7d2d94d5844444,币股人生,0x55d398326f99059ff775485246999027b3197955,USDT,18,18,122089910,later_snapshot_for_denomination_audit_only,False,False,1788888429.0,1788888432.0,26813818.454652898,36522.62889338014,,prior_trade_average_not_size_specific_quote,,,False,False,unknown,,86,82,0.37015661016148477,583,0,at_least_90pct_buys_below_one_usdt;execution_unverified;graduation_event_time_unavailable;historical_state_unverified;incomplete_trade_provenance;no_recorded_x_signal;nonnative_quote_labeled_bnb;threshold_met_at_first_stored_buy;unsupported_by_current_native_executor;usdt_fdv_proxy_below_50000_quote_units
34,0x316326f7b8a4dfdc1c81324e65ce5f7602ae4444,牛来人生,0x55d398326f99059ff775485246999027b3197955,USDT,18,18,122089910,later_snapshot_for_denomination_audit_only,False,False,1788348035.0,1788348038.0,24082890.067610327,32802.879534181906,,prior_trade_average_not_size_specific_quote,,,False,False,unknown,,178,147,0.000222006785493058,548,0,execution_unverified;graduation_event_time_unavailable;historical_state_unverified;incomplete_trade_provenance;no_recorded_x_signal;nonnative_quote_labeled_bnb;threshold_met_at_first_stored_buy;unsupported_by_current_native_executor;usdt_fdv_proxy_below_50000_quote_units
42,0x31812eece3ccd7b7acfd7393f5344260a4144444,不会为钱出卖爱情和灵魂,0x55d398326f99059ff775485246999027b3197955,USDT,18,18,122089910,later_snapshot_for_denomination_audit_only,False,False,1787880051.0,1787880054.0,24076299.01033368,32793.90197138766,,prior_trade_average_not_size_specific_quote,,,False,False,unknown,,77,47,0.359089618642131,549,0,execution_unverified;graduation_event_time_unavailable;historical_state_unverified;incomplete_trade_provenance;no_recorded_x_signal;nonnative_quote_labeled_bnb;threshold_met_at_first_stored_buy;unsupported_by_current_native_executor;usdt_fdv_proxy_below_50000_quote_units
583,0x31a4a16c7a2763dffbb9648f5fb7b7b438a2ffff,Trench Charity,0x02fca66c1d1afb4e2a7884261eb00f63598a7436,NVDAB,18,18,122089910,later_snapshot_for_denomination_audit_only,False,False,1787026458.0,1787026461.0,78734.37190041081,107.24269842190611,,prior_trade_average_not_size_specific_quote,1787026999,False,False,False,unknown,,40,,,741,0,execution_unverified;historical_state_unverified;incomplete_trade_provenance;no_recorded_x_signal;nonnative_quote_labeled_bnb;requires_dex_state_for_1h_outcome;unsupported_by_current_native_executor
450,0x31de388dba1b8604df04da1d48cedc66604e4444,牛来人生,0x55d398326f99059ff775485246999027b3197955,USDT,18,18,122089910,later_snapshot_for_denomination_audit_only,False,False,1788397963.0,1788397966.0,24078824.855663884,32797.34238073455,,prior_trade_average_not_size_specific_quote,,,False,False,unknown,,31,0,0.0,1026,0,execution_unverified;graduation_event_time_unavailable;historical_state_unverified;incomplete_trade_provenance;no_recorded_x_signal;nonnative_quote_labeled_bnb;threshold_met_at_first_stored_buy;unsupported_by_current_native_executor;usdt_fdv_proxy_below_50000_quote_units
281,0x320ed8c591a0ec7ec965f394b0ec5bedfc654444,MEME4YOU,0x46ceefda28dd7207059ed19b0acdc026955bb15c,GMEB,18,18,122089910,later_snapshot_for_denomination_audit_only,False,False,1787049703.0,1787049706.0,168834.595295916,229.9666225750385,,prior_trade_average_not_size_specific_quote,,,False,False,unknown,,9,,,22,0,execution_unverified;graduation_event_time_unavailable;historical_state_unverified;incomplete_trade_provenance;no_recorded_x_signal;nonnative_quote_labeled_bnb;threshold_met_at_first_stored_buy;unsupported_by_current_native_executor
482,0x3231d6c468dd42f4425107d0144a8bbc10904444,美团老鼠,0x46ceefda28dd7207059ed19b0acdc026955bb15c,GMEB,18,18,122089910,later_snapshot_for_denomination_audit_only,False,False,1786882280.0,1786882283.0,219017.48531470654,298.319851416847,,prior_trade_average_not_size_specific_quote,,,False,False,unknown,,20,,,129,0,execution_unverified;graduation_event_time_unavailable;historical_state_unverified;incomplete_trade_provenance;no_recorded_x_signal;nonnative_quote_labeled_bnb;threshold_met_at_first_stored_buy;unsupported_by_current_native_executor
266,0x327016bd5aafef638ecf892aff0d1b3e008fffff,咪咪season,0x46ceefda28dd7207059ed19b0acdc026955bb15c,GMEB,18,18,122089910,later_snapshot_for_denomination_audit_only,False,False,1787572860.0,1787572863.0,177344.22575316043,241.55744003862924,,prior_trade_average_not_size_specific_quote,,,False,False,unknown,,6,,,24,0,execution_unverified;graduation_event_time_unavailable;historical_state_unverified;incomplete_trade_provenance;no_recorded_x_signal;nonnative_quote_labeled_bnb;threshold_met_at_first_stored_buy;unsupported_by_current_native_executor
458,0x327f435fb1bee2e2dc40ac928810daec41164444,牛来人生,0x55d398326f99059ff775485246999027b3197955,USDT,18,18,122089910,later_snapshot_for_denomination_audit_only,False,False,1788247484.0,1788247487.0,24407519.605919737,33245.05169908841,,prior_trade_average_not_size_specific_quote,,,False,False,unknown,,273,240,1.675310108124793,744,0,execution_unverified;graduation_event_time_unavailable;historical_state_unverified;incomplete_trade_provenance;no_recorded_x_signal;nonnative_quote_labeled_bnb;threshold_met_at_first_stored_buy;unsupported_by_current_native_executor;usdt_fdv_proxy_below_50000_quote_units
53,0x328a390cc6c117ee63e16bb864c5269988ac4444,牛来币安,0x55d398326f99059ff775485246999027b3197955,USDT,18,18,122089910,later_snapshot_for_denomination_audit_only,False,False,1787383318.0,1787383321.0,22621597.837430626,30812.47917707156,,prior_trade_average_not_size_specific_quote,,,False,False,unknown,,30,0,0.0,604,0,execution_unverified;graduation_event_time_unavailable;historical_state_unverified;incomplete_trade_provenance;no_recorded_x_signal;nonnative_quote_labeled_bnb;threshold_met_at_first_stored_buy;unsupported_by_current_native_executor;usdt_fdv_proxy_below_50000_quote_units
581,0x32a82224834a2ee5d629f10ee36495c551ceffff,flnc,0x4af1d41cd9dd950dca43984b43aaa2a8702714ac,FLNCB,18,18,122089910,later_snapshot_for_denomination_audit_only,False,False,1788851903.0,1788851906.0,1666069.0911205139,2269.323305393184,,prior_trade_average_not_size_specific_quote,1788852034,False,False,False,unknown,,72,,,467,0,execution_unverified;historical_state_unverified;incomplete_trade_provenance;no_recorded_x_signal;nonnative_quote_labeled_bnb;requires_dex_state_for_1h_outcome;threshold_met_at_first_stored_buy;unsupported_by_current_native_executor
290,0x32aac5f2cdd41ceec03975ef7a7ebe1ceb68ffff,4Stock,0x4af1d41cd9dd950dca43984b43aaa2a8702714ac,FLNCB,18,18,122089910,later_snapshot_for_denomination_audit_only,False,False,1788835167.0,1788835170.0,330641.76815631875,450.3613170741364,,prior_trade_average_not_size_specific_quote,,,False,False,unknown,,10,,,38,0,execution_unverified;graduation_event_time_unavailable;historical_state_unverified;incomplete_trade_provenance;no_recorded_x_signal;nonnative_quote_labeled_bnb;threshold_met_at_first_stored_buy;unsupported_by_current_native_executor
587,0x32d8f3ec33e1c497295b2d2095882534522a4444,MarsCoin,0x55d398326f99059ff775485246999027b3197955,USDT,18,18,122089910,later_snapshot_for_denomination_audit_only,False,False,1786887559.0,1786887562.0,8360262.69861335,11387.366275676412,,prior_trade_average_not_size_specific_quote,,,False,False,unknown,,6,2,1.5243320828986051,692,0,execution_unverified;graduation_event_time_unavailable;historical_state_unverified;incomplete_trade_provenance;no_recorded_x_signal;nonnative_quote_labeled_bnb;threshold_met_at_first_stored_buy;unsupported_by_current_native_executor;usdt_fdv_proxy_below_50000_quote_units
425,0x3314705228c6542246ffc60956585eafd6054444,神牛币,0x55d398326f99059ff775485246999027b3197955,USDT,18,18,122089910,later_snapshot_for_denomination_audit_only,False,False,1788226919.0,1788226922.0,24076230.74814997,32793.808992671955,,prior_trade_average_not_size_specific_quote,,,False,False,unknown,,261,231,0.34195241872476273,971,0,execution_unverified;graduation_event_time_unavailable;historical_state_unverified;incomplete_trade_provenance;no_recorded_x_signal;nonnative_quote_labeled_bnb;threshold_met_at_first_stored_buy;unsupported_by_current_native_executor;usdt_fdv_proxy_below_50000_quote_units
124,0x3322012847de5e86078bce234d8dfe0033f9ffff,AIwuwu,0x02fca66c1d1afb4e2a7884261eb00f63598a7436,NVDAB,18,18,122089910,later_snapshot_for_denomination_audit_only,False,False,1788503230.0,1788503233.0,54615.260775053925,74.390482824215,,prior_trade_average_not_size_specific_quote,,,False,False,unknown,,28,,,1149,0,execution_unverified;graduation_event_time_unavailable;historical_state_unverified;incomplete_trade_provenance;no_recorded_x_signal;nonnative_quote_labeled_bnb;unsupported_by_current_native_executor
415,0x3406d1b4195e00e47f9485b1a29c6afe3c4a4444,BINANCE BULL,0x55d398326f99059ff775485246999027b3197955,USDT,18,18,122089910,later_snapshot_for_denomination_audit_only,False,False,1788081421.0,1788081424.0,22763876.69382838,31006.2746963624,,prior_trade_average_not_size_specific_quote,,,False,False,unknown,,71,64,1.0425893423179557,929,0,at_least_90pct_buys_below_one_usdt;execution_unverified;graduation_event_time_unavailable;historical_state_unverified;incomplete_trade_provenance;no_recorded_x_signal;nonnative_quote_labeled_bnb;threshold_met_at_first_stored_buy;unsupported_by_current_native_executor;usdt_fdv_proxy_below_50000_quote_units
308,0x3426fe8643509b86e0cfc172367d7dc13d7f4444,BNB CAT SZN,0x55d398326f99059ff775485246999027b3197955,USDT,18,18,122089910,later_snapshot_for_denomination_audit_only,False,False,1788842166.0,1788842169.0,26824321.426324096,36536.93480573178,,prior_trade_average_not_size_specific_quote,,,False,False,unknown,,81,79,1.072792966281086,641,0,at_least_90pct_buys_below_one_usdt;execution_unverified;graduation_event_time_unavailable;historical_state_unverified;incomplete_trade_provenance;no_recorded_x_signal;nonnative_quote_labeled_bnb;threshold_met_at_first_stored_buy;unsupported_by_current_native_executor;usdt_fdv_proxy_below_50000_quote_units
212,0x357ff424c88b0ca5f908baf16bebef8078dbffff,BBW,0x46ceefda28dd7207059ed19b0acdc026955bb15c,GMEB,18,18,122089910,later_snapshot_for_denomination_audit_only,False,False,1786968656.0,1786968659.0,202820.39999437705,276.2580873563031,,prior_trade_average_not_size_specific_quote,,,False,False,unknown,,5,,,10,0,execution_unverified;graduation_event_time_unavailable;historical_state_unverified;incomplete_trade_provenance;no_recorded_x_signal;nonnative_quote_labeled_bnb;threshold_met_at_first_stored_buy;unsupported_by_current_native_executor
270,0x35964cba7036bfd62f11798c4d166da01117ffff,四来,0x46ceefda28dd7207059ed19b0acdc026955bb15c,GMEB,18,18,122089910,later_snapshot_for_denomination_audit_only,False,False,1786882552.0,1786882555.0,175213.26988310236,238.6549026562,,prior_trade_average_not_size_specific_quote,,,False,False,unknown,,5,,,17,0,execution_unverified;graduation_event_time_unavailable;historical_state_unverified;incomplete_trade_provenance;no_recorded_x_signal;nonnative_quote_labeled_bnb;threshold_met_at_first_stored_buy;unsupported_by_current_native_executor
538,0x36e2da042d90eb0d57eed2f30d29ed46e1484444,Z来,0x55d398326f99059ff775485246999027b3197955,USDT,18,18,122089910,later_snapshot_for_denomination_audit_only,False,False,1787298788.0,1787298791.0,26490176.897191744,36081.80243975067,,prior_trade_average_not_size_specific_quote,,,False,False,unknown,,11,2,1.340390838135303,734,0,execution_unverified;graduation_event_time_unavailable;historical_state_unverified;incomplete_trade_provenance;no_recorded_x_signal;nonnative_quote_labeled_bnb;threshold_met_at_first_stored_buy;unsupported_by_current_native_executor;usdt_fdv_proxy_below_50000_quote_units
136,0x371c1d417a5a8b2300053bdcb2d07e5b043dffff,四狗一,0x46ceefda28dd7207059ed19b0acdc026955bb15c,GMEB,18,18,122089910,later_snapshot_for_denomination_audit_only,False,False,1787730595.0,1787730598.0,336295.09805560095,458.0616179571502,,prior_trade_average_not_size_specific_quote,,,False,False,unknown,,47,,,398,0,execution_unverified;graduation_event_time_unavailable;historical_state_unverified;incomplete_trade_provenance;no_recorded_x_signal;nonnative_quote_labeled_bnb;threshold_met_at_first_stored_buy;unsupported_by_current_native_executor
432,0x379dd0c484f0cd604e0fa11ea928f86fef284444,4Stocks Guy,0x55d398326f99059ff775485246999027b3197955,USDT,18,18,122089910,later_snapshot_for_denomination_audit_only,False,False,1788870484.0,1788870487.0,27756859.025437757,37807.12781159371,,prior_trade_average_not_size_specific_quote,,,False,False,unknown,,67,65,0.017070793596501543,564,0,at_least_90pct_buys_below_one_usdt;execution_unverified;graduation_event_time_unavailable;historical_state_unverified;incomplete_trade_provenance;no_recorded_x_signal;nonnative_quote_labeled_bnb;threshold_met_at_first_stored_buy;unsupported_by_current_native_executor;usdt_fdv_proxy_below_50000_quote_units
154,0x379e32ae1d12ac41418f9380fcec338e3a9dffff,stockmemeera,0x46ceefda28dd7207059ed19b0acdc026955bb15c,GMEB,18,18,122089910,later_snapshot_for_denomination_audit_only,False,False,1787476921.0,1787476924.0,265690.22436259297,361.89196557009,,prior_trade_average_not_size_specific_quote,,,False,False,unknown,,15,,,67,0,execution_unverified;graduation_event_time_unavailable;historical_state_unverified;incomplete_trade_provenance;no_recorded_x_signal;nonnative_quote_labeled_bnb;threshold_met_at_first_stored_buy;unsupported_by_current_native_executor
424,0x3801ee542ee496eedda53740944b5508e6844444,牛来,0x55d398326f99059ff775485246999027b3197955,USDT,18,18,122089910,later_snapshot_for_denomination_audit_only,False,False,1786975456.0,1786975459.0,26132044.3594474,35593.99643059156,,prior_trade_average_not_size_specific_quote,,,False,False,unknown,,58,51,0.13058491501463668,634,0,execution_unverified;graduation_event_time_unavailable;historical_state_unverified;incomplete_trade_provenance;no_recorded_x_signal;nonnative_quote_labeled_bnb;threshold_met_at_first_stored_buy;unsupported_by_current_native_executor;usdt_fdv_proxy_below_50000_quote_units
83,0x3817bea134302c3d3e20c6b187096a335e9fffff,BEN,0x46ceefda28dd7207059ed19b0acdc026955bb15c,GMEB,18,18,122089910,later_snapshot_for_denomination_audit_only,False,False,1788693693.0,1788693696.0,967236.2289622196,1317.4553971998578,,prior_trade_average_not_size_specific_quote,,,False,False,unknown,,121,,,458,0,execution_unverified;graduation_event_time_unavailable;historical_state_unverified;incomplete_trade_provenance;no_recorded_x_signal;nonnative_quote_labeled_bnb;threshold_met_at_first_stored_buy;unsupported_by_current_native_executor
252,0x38fe383a15b038ed430e316cc9bc92acacf7ffff,AOL,0x8d0d000ee44948fc98c9b98a4fa4921476f08b0d,USD1,18,18,122089910,later_snapshot_for_denomination_audit_only,False,False,1788446616.0,1788446619.0,4425188.816087203,6027.471588443009,,prior_trade_average_not_size_specific_quote,,,False,False,unknown,,6,,,13,0,execution_unverified;graduation_event_time_unavailable;historical_state_unverified;incomplete_trade_provenance;no_recorded_x_signal;nonnative_quote_labeled_bnb;threshold_met_at_first_stored_buy;unsupported_by_current_native_executor
469,0x39ecade8338f65310a76fc971ee968a4cd934444,景甜人生,0x55d398326f99059ff775485246999027b3197955,USDT,18,18,122089910,later_snapshot_for_denomination_audit_only,False,False,1788052061.0,1788052064.0,24074877.188721064,32791.96533326214,,prior_trade_average_not_size_specific_quote,,,False,False,unknown,,283,253,0.003767731395116856,920,0,execution_unverified;graduation_event_time_unavailable;historical_state_unverified;incomplete_trade_provenance;no_recorded_x_signal;nonnative_quote_labeled_bnb;threshold_met_at_first_stored_buy;unsupported_by_current_native_executor;usdt_fdv_proxy_below_50000_quote_units
358,0x39ef75202d0c1edf1ec1ab7e4579d7edb0874444,币安牛来,0x55d398326f99059ff775485246999027b3197955,USDT,18,18,122089910,later_snapshot_for_denomination_audit_only,False,False,1788636926.0,1788636929.0,26853424.128540825,36576.57508280211,,prior_trade_average_not_size_specific_quote,,,False,False,unknown,,91,89,0.1525963293345478,352,0,at_least_90pct_buys_below_one_usdt;execution_unverified;graduation_event_time_unavailable;historical_state_unverified;incomplete_trade_provenance;no_recorded_x_signal;nonnative_quote_labeled_bnb;threshold_met_at_first_stored_buy;unsupported_by_current_native_executor;usdt_fdv_proxy_below_50000_quote_units
406,0x3b663c91d12df1916c12cc40f169c3067ac24444,DUO,0x55d398326f99059ff775485246999027b3197955,USDT,18,18,122089910,later_snapshot_for_denomination_audit_only,False,False,1789019161.0,1789019164.0,28626092.914346818,38991.09595100157,,prior_trade_average_not_size_specific_quote,,,False,False,unknown,,129,127,0.1592082436156559,523,0,at_least_90pct_buys_below_one_usdt;execution_unverified;graduation_event_time_unavailable;historical_state_unverified;incomplete_trade_provenance;no_recorded_x_signal;nonnative_quote_labeled_bnb;threshold_met_at_first_stored_buy;unsupported_by_current_native_executor;usdt_fdv_proxy_below_50000_quote_units
595,0x3ba89ee54a0df1ed466c06a1bc227d70473effff,党鑫蕊,0x0000000000000000000000000000000000000000,BNB,18,18,122089910,later_snapshot_for_denomination_audit_only,False,True,1787101615.0,1787101618.0,61285.88075713371,83.47641657536226,,prior_trade_average_not_size_specific_quote,1787101615,True,False,False,unknown,,34,,,313,0,curve_venue_ended_before_assumed_entry;execution_unverified;historical_state_unverified;incomplete_trade_provenance;no_recorded_x_signal;requires_dex_state_for_1h_outcome
228,0x3c915e0fb18d6e2d2ced4d3e22bc320bf050ffff,FBull,0x46ceefda28dd7207059ed19b0acdc026955bb15c,GMEB,18,18,122089910,later_snapshot_for_denomination_audit_only,False,False,1786845513.0,1786845516.0,188278.91620909295,256.4513889277592,,prior_trade_average_not_size_specific_quote,,,False,False,unknown,,5,,,18,0,execution_unverified;graduation_event_time_unavailable;historical_state_unverified;incomplete_trade_provenance;no_recorded_x_signal;nonnative_quote_labeled_bnb;threshold_met_at_first_stored_buy;unsupported_by_current_native_executor
471,0x3cb534a3e3db9af84bff1d4d86cd58f4f24f4444,Trump 1💲,0x55d398326f99059ff775485246999027b3197955,USDT,18,18,122089910,later_snapshot_for_denomination_audit_only,False,False,1788488998.0,1788489001.0,26795221.04317005,36497.29768741579,,prior_trade_average_not_size_specific_quote,,,False,False,unknown,,149,148,1.2186918979224426,700,0,at_least_90pct_buys_below_one_usdt;execution_unverified;graduation_event_time_unavailable;historical_state_unverified;incomplete_trade_provenance;no_recorded_x_signal;nonnative_quote_labeled_bnb;threshold_met_at_first_stored_buy;unsupported_by_current_native_executor;usdt_fdv_proxy_below_50000_quote_units
289,0x3cc9055ae902f3255d60c830ce0087343d34ffff,seedcoin,0x46ceefda28dd7207059ed19b0acdc026955bb15c,GMEB,18,18,122089910,later_snapshot_for_denomination_audit_only,False,False,1786720267.0,1786720270.0,172299.46416948477,234.68605931798467,,prior_trade_average_not_size_specific_quote,,,False,False,unknown,,6,,,17,0,execution_unverified;graduation_event_time_unavailable;historical_state_unverified;incomplete_trade_provenance;no_recorded_x_signal;nonnative_quote_labeled_bnb;threshold_met_at_first_stored_buy;unsupported_by_current_native_executor
177,0x3cdd9c213d9ec6e1c3dfe0808174f87812744444,牛叉,0x8d0d000ee44948fc98c9b98a4fa4921476f08b0d,USD1,18,18,122089910,later_snapshot_for_denomination_audit_only,False,False,1788239610.0,1788239613.0,4368418.053454124,5950.145134579355,,prior_trade_average_not_size_specific_quote,,,False,False,unknown,,9,,,25,0,execution_unverified;graduation_event_time_unavailable;historical_state_unverified;incomplete_trade_provenance;no_recorded_x_signal;nonnative_quote_labeled_bnb;threshold_met_at_first_stored_buy;unsupported_by_current_native_executor
38,0x3d090c301fd8fc321b80c2e133fe6fd06c974444,鹏来币,0x55d398326f99059ff775485246999027b3197955,USDT,18,18,122089910,later_snapshot_for_denomination_audit_only,False,False,1788144765.0,1788144768.0,24074863.630035035,32791.94686521519,,prior_trade_average_not_size_specific_quote,,,False,False,unknown,,285,253,0.00037382277392483,342,0,execution_unverified;graduation_event_time_unavailable;historical_state_unverified;incomplete_trade_provenance;no_recorded_x_signal;nonnative_quote_labeled_bnb;threshold_met_at_first_stored_buy;unsupported_by_current_native_executor;usdt_fdv_proxy_below_50000_quote_units
552,0x3d3dc616c218e6bf878e6d816aa704ea4e0f4444,景甜人生,0x55d398326f99059ff775485246999027b3197955,USDT,18,18,122089910,later_snapshot_for_denomination_audit_only,False,False,1787879948.0,1787879951.0,23175341.31959949,31566.723401391355,,prior_trade_average_not_size_specific_quote,,,False,False,unknown,,61,52,1.0512940320970225,652,0,execution_unverified;graduation_event_time_unavailable;historical_state_unverified;incomplete_trade_provenance;no_recorded_x_signal;nonnative_quote_labeled_bnb;threshold_met_at_first_stored_buy;unsupported_by_current_native_executor;usdt_fdv_proxy_below_50000_quote_units
407,0x3d437d47682d1046b19a5bfd364e77ae1fb84444,BNB 人生,0x55d398326f99059ff775485246999027b3197955,USDT,18,18,122089910,later_snapshot_for_denomination_audit_only,False,False,1789310170.0,1789310173.0,24227987.384554278,33000.51402884111,,prior_trade_average_not_size_specific_quote,,,False,False,unknown,,125,92,1.4099550043204527,634,0,execution_unverified;graduation_event_time_unavailable;historical_state_unverified;incomplete_trade_provenance;no_recorded_x_signal;nonnative_quote_labeled_bnb;threshold_met_at_first_stored_buy;unsupported_by_current_native_executor;usdt_fdv_proxy_below_50000_quote_units
542,0x3f064bb2f929af42ac8f4824511df0f9bc614444,妈妈知道了,0x55d398326f99059ff775485246999027b3197955,USDT,18,18,122089910,later_snapshot_for_denomination_audit_only,False,False,1787990045.0,1787990048.0,23086125.361199487,31445.20391898264,,prior_trade_average_not_size_specific_quote,,,False,False,unknown,,147,142,1.740771904582222,638,0,at_least_90pct_buys_below_one_usdt;execution_unverified;graduation_event_time_unavailable;historical_state_unverified;incomplete_trade_provenance;no_recorded_x_signal;nonnative_quote_labeled_bnb;threshold_met_at_first_stored_buy;unsupported_by_current_native_executor;usdt_fdv_proxy_below_50000_quote_units
553,0x40a3871b2ed5da2392a210a078240af640454444,Z Bull,0x55d398326f99059ff775485246999027b3197955,USDT,18,18,122089910,later_snapshot_for_denomination_audit_only,False,False,1787280522.0,1787280525.0,21488168.93323093,29268.655669982334,,prior_trade_average_not_size_specific_quote,,,True,False,unknown,,5,1,0.5272905381519919,628,0,execution_unverified;graduation_event_time_unavailable;historical_state_unverified;incomplete_trade_provenance;no_recorded_x_signal;nonnative_quote_labeled_bnb;threshold_met_at_first_stored_buy;unsupported_by_current_native_executor;usdt_fdv_proxy_below_50000_quote_units
359,0x40ce64ee18aba256e49bd4d5663d1055a13a4444,我踏牛来,0x55d398326f99059ff775485246999027b3197955,USDT,18,18,122089910,later_snapshot_for_denomination_audit_only,False,False,1788448187.0,1788448190.0,26803654.23100066,36508.78438372674,,prior_trade_average_not_size_specific_quote,,,False,False,unknown,,201,199,1.2373268629768048,644,0,at_least_90pct_buys_below_one_usdt;execution_unverified;graduation_event_time_unavailable;historical_state_unverified;incomplete_trade_provenance;no_recorded_x_signal;nonnative_quote_labeled_bnb;threshold_met_at_first_stored_buy;unsupported_by_current_native_executor;usdt_fdv_proxy_below_50000_quote_units
355,0x4123ddda008c5a95d8ed79f3215b5310ba854444,蓬莱 CZ,0x55d398326f99059ff775485246999027b3197955,USDT,18,18,122089910,later_snapshot_for_denomination_audit_only,False,False,1788095939.0,1788095942.0,24076237.5638588,32793.81827622867,,prior_trade_average_not_size_specific_quote,,,False,False,unknown,,205,175,0.3436586165646607,835,0,execution_unverified;graduation_event_time_unavailable;historical_state_unverified;incomplete_trade_provenance;no_recorded_x_signal;nonnative_quote_labeled_bnb;threshold_met_at_first_stored_buy;unsupported_by_current_native_executor;usdt_fdv_proxy_below_50000_quote_units
460,0x41256ced651c6b6d30433cdd5fa810aa03124444,4 SEASON 🔶,0x55d398326f99059ff775485246999027b3197955,USDT,18,18,122089910,later_snapshot_for_denomination_audit_only,False,False,1788853116.0,1788853119.0,26153317.058551002,35622.97159860932,,prior_trade_average_not_size_specific_quote,,,False,False,unknown,,280,247,0.000355429173348687,715,0,execution_unverified;graduation_event_time_unavailable;historical_state_unverified;incomplete_trade_provenance;no_recorded_x_signal;nonnative_quote_labeled_bnb;threshold_met_at_first_stored_buy;unsupported_by_current_native_executor;usdt_fdv_proxy_below_50000_quote_units
13,0x41a17972070d4ea28ebd37aa883517d41da34444,Laptop Coin,0x55d398326f99059ff775485246999027b3197955,USDT,18,18,122089910,later_snapshot_for_denomination_audit_only,False,False,1788945487.0,1788945490.0,27138011.66046032,36964.2067374863,,prior_trade_average_not_size_specific_quote,,,False,False,unknown,,92,89,0.16318970323311577,405,0,at_least_90pct_buys_below_one_usdt;execution_unverified;graduation_event_time_unavailable;historical_state_unverified;incomplete_trade_provenance;no_recorded_x_signal;nonnative_quote_labeled_bnb;threshold_met_at_first_stored_buy;unsupported_by_current_native_executor;usdt_fdv_proxy_below_50000_quote_units
25,0x41a95cbdbdec66f28af364fa084f1cebb4754444,BICAT,0x55d398326f99059ff775485246999027b3197955,USDT,18,18,122089910,later_snapshot_for_denomination_audit_only,False,False,1787481235.0,1787481238.0,24106676.13906244,32835.27812231832,,prior_trade_average_not_size_specific_quote,,,False,False,unknown,,33,2,1.6639950938033217,444,0,execution_unverified;graduation_event_time_unavailable;historical_state_unverified;incomplete_trade_provenance;no_recorded_x_signal;nonnative_quote_labeled_bnb;threshold_met_at_first_stored_buy;unsupported_by_current_native_executor;usdt_fdv_proxy_below_50000_quote_units
405,0x41ad9e19ce6c0d584b719179b421f591f6224444,MOONCOIN,0x55d398326f99059ff775485246999027b3197955,USDT,18,18,122089910,later_snapshot_for_denomination_audit_only,False,False,1789005395.0,1789005398.0,26107150.469345313,35560.08890222334,,prior_trade_average_not_size_specific_quote,,,False,False,unknown,,32,0,0.0,485,0,execution_unverified;graduation_event_time_unavailable;historical_state_unverified;incomplete_trade_provenance;no_recorded_x_signal;nonnative_quote_labeled_bnb;threshold_met_at_first_stored_buy;unsupported_by_current_native_executor;usdt_fdv_proxy_below_50000_quote_units
333,0x420494151bb922b31f8489dbec85f2e23f524444,币股人生,0x55d398326f99059ff775485246999027b3197955,USDT,18,18,122089910,later_snapshot_for_denomination_audit_only,False,False,1789001591.0,1789001594.0,28635330.897590164,39003.67884494077,,prior_trade_average_not_size_specific_quote,,,False,False,unknown,,121,118,0.17091738948458032,493,0,at_least_90pct_buys_below_one_usdt;execution_unverified;graduation_event_time_unavailable;historical_state_unverified;incomplete_trade_provenance;no_recorded_x_signal;nonnative_quote_labeled_bnb;threshold_met_at_first_stored_buy;unsupported_by_current_native_executor;usdt_fdv_proxy_below_50000_quote_units
145,0x42dbf63ddfdf925cdf459726267dc61722f1ffff,Chairman,0x46ceefda28dd7207059ed19b0acdc026955bb15c,GMEB,18,18,122089910,later_snapshot_for_denomination_audit_only,False,False,1786729642.0,1786729645.0,412813.5969073078,562.2861148062544,,prior_trade_average_not_size_specific_quote,,,False,False,unknown,,46,,,753,0,execution_unverified;graduation_event_time_unavailable;historical_state_unverified;incomplete_trade_provenance;no_recorded_x_signal;nonnative_quote_labeled_bnb;threshold_met_at_first_stored_buy;unsupported_by_current_native_executor
61,0x42ea505e7bf843da2a67db5288dbc87e4edf4444,牛叉,0x8d0d000ee44948fc98c9b98a4fa4921476f08b0d,USD1,18,18,122089910,later_snapshot_for_denomination_audit_only,False,False,1788251110.0,1788251113.0,19439069.520924,26477.61352401215,,prior_trade_average_not_size_specific_quote,,,False,False,unknown,,18,,,38,0,execution_unverified;graduation_event_time_unavailable;historical_state_unverified;incomplete_trade_provenance;no_recorded_x_signal;nonnative_quote_labeled_bnb;threshold_met_at_first_stored_buy;unsupported_by_current_native_executor
43,0x42f2d323400df5756b4bcdb0956e0bc245a84444,BINANCE MARGE,0x55d398326f99059ff775485246999027b3197955,USDT,18,18,122089910,later_snapshot_for_denomination_audit_only,False,False,1787813915.0,1787813918.0,24128053.661245424,32864.39606800254,,prior_trade_average_not_size_specific_quote,,,False,False,unknown,,34,0,0.0,263,0,execution_unverified;graduation_event_time_unavailable;historical_state_unverified;incomplete_trade_provenance;no_recorded_x_signal;nonnative_quote_labeled_bnb;threshold_met_at_first_stored_buy;unsupported_by_current_native_executor;usdt_fdv_proxy_below_50000_quote_units
348,0x42f77a61b60a95299af881d513b2ae3efa0b4444,YICAT,0x55d398326f99059ff775485246999027b3197955,USDT,18,18,122089910,later_snapshot_for_denomination_audit_only,False,False,1787541681.0,1787541684.0,26252967.195008956,35758.70329080316,,prior_trade_average_not_size_specific_quote,,,False,False,unknown,,69,61,0.6149082945896998,724,0,execution_unverified;graduation_event_time_unavailable;historical_state_unverified;incomplete_trade_provenance;no_recorded_x_signal;nonnative_quote_labeled_bnb;threshold_met_at_first_stored_buy;unsupported_by_current_native_executor;usdt_fdv_proxy_below_50000_quote_units
123,0x43f53b7f65f1fb7386b76433a082f35f4398ffff,FOURCAT,0x46ceefda28dd7207059ed19b0acdc026955bb15c,GMEB,18,18,122089910,later_snapshot_for_denomination_audit_only,False,False,1787413610.0,1787413613.0,418145.42967519304,569.5485101205348,,prior_trade_average_not_size_specific_quote,,,False,False,unknown,,49,,,833,0,execution_unverified;graduation_event_time_unavailable;historical_state_unverified;incomplete_trade_provenance;no_recorded_x_signal;nonnative_quote_labeled_bnb;threshold_met_at_first_stored_buy;unsupported_by_current_native_executor
540,0x440053db32f7d2f461979259a577482475004444,牛来BINANCE,0x55d398326f99059ff775485246999027b3197955,USDT,18,18,122089910,later_snapshot_for_denomination_audit_only,False,False,1787544942.0,1787544945.0,24082805.342626978,32802.76413177735,,prior_trade_average_not_size_specific_quote,,,True,False,unknown,,37,1,0.686769999855242,854,0,execution_unverified;graduation_event_time_unavailable;historical_state_unverified;incomplete_trade_provenance;no_recorded_x_signal;nonnative_quote_labeled_bnb;threshold_met_at_first_stored_buy;unsupported_by_current_native_executor;usdt_fdv_proxy_below_50000_quote_units
561,0x44a04995fe99d26d5fc70d1d487233e69c944444,牛来,0x55d398326f99059ff775485246999027b3197955,USDT,18,18,122089910,later_snapshot_for_denomination_audit_only,False,False,1787046207.0,1787046210.0,16475002.54838797,22440.310212059838,,prior_trade_average_not_size_specific_quote,,,False,False,unknown,,24,21,0.6631697778603679,746,0,execution_unverified;graduation_event_time_unavailable;historical_state_unverified;incomplete_trade_provenance;no_recorded_x_signal;nonnative_quote_labeled_bnb;threshold_met_at_first_stored_buy;unsupported_by_current_native_executor;usdt_fdv_proxy_below_50000_quote_units
573,0x44d6633a013f9d527304e124e400a16a0b58ffff,CAT,0x46ceefda28dd7207059ed19b0acdc026955bb15c,GMEB,18,18,122089910,later_snapshot_for_denomination_audit_only,False,False,1787807730.0,1787807733.0,1151609.2880451537,1568.5866870685995,,prior_trade_average_not_size_specific_quote,1787808069,False,False,False,unknown,,74,,,783,0,execution_unverified;historical_state_unverified;incomplete_trade_provenance;no_recorded_x_signal;nonnative_quote_labeled_bnb;requires_dex_state_for_1h_outcome;threshold_met_at_first_stored_buy;unsupported_by_current_native_executor
156,0x453750ec80bd61996d4db599d144ea714b22ffff,牛叉,0x8d0d000ee44948fc98c9b98a4fa4921476f08b0d,USD1,18,18,122089910,later_snapshot_for_denomination_audit_only,False,False,1788208016.0,1788208019.0,5078822.696718493,6917.774761592674,,prior_trade_average_not_size_specific_quote,,,False,False,unknown,,20,,,99,0,execution_unverified;graduation_event_time_unavailable;historical_state_unverified;incomplete_trade_provenance;no_recorded_x_signal;nonnative_quote_labeled_bnb;threshold_met_at_first_stored_buy;unsupported_by_current_native_executor
369,0x459cd75aa0dde281c167d2873cbf73add6674444,4爷,0x55d398326f99059ff775485246999027b3197955,USDT,18,18,122089910,later_snapshot_for_denomination_audit_only,False,False,1788855514.0,1788855517.0,26691214.264076456,36355.631889176155,,prior_trade_average_not_size_specific_quote,,,False,False,unknown,,287,254,0.37549686303411145,665,0,execution_unverified;graduation_event_time_unavailable;historical_state_unverified;incomplete_trade_provenance;no_recorded_x_signal;nonnative_quote_labeled_bnb;threshold_met_at_first_stored_buy;unsupported_by_current_native_executor;usdt_fdv_proxy_below_50000_quote_units
67,0x46bc171f776877d0227868e2d242be7bd3224444,CzCat,0x55d398326f99059ff775485246999027b3197955,USDT,18,18,122089910,later_snapshot_for_denomination_audit_only,False,False,1787492638.0,1787492641.0,16732854.423180738,22791.52570001599,,prior_trade_average_not_size_specific_quote,,,False,False,unknown,,28,22,1.5181275958591738,152,0,execution_unverified;graduation_event_time_unavailable;historical_state_unverified;incomplete_trade_provenance;no_recorded_x_signal;nonnative_quote_labeled_bnb;threshold_met_at_first_stored_buy;unsupported_by_current_native_executor;usdt_fdv_proxy_below_50000_quote_units
69,0x4703176fc4fb7e25425bb73c65fb553c45444444,CzCat,0x55d398326f99059ff775485246999027b3197955,USDT,18,18,122089910,later_snapshot_for_denomination_audit_only,False,False,1787492162.0,1787492165.0,16609087.268069578,22622.944642343846,,prior_trade_average_not_size_specific_quote,,,False,False,unknown,,6,1,0.5572144185216502,213,0,execution_unverified;graduation_event_time_unavailable;historical_state_unverified;incomplete_trade_provenance;no_recorded_x_signal;nonnative_quote_labeled_bnb;threshold_met_at_first_stored_buy;unsupported_by_current_native_executor;usdt_fdv_proxy_below_50000_quote_units
198,0x472b97894b48f51c53ac84157ab17ed3b626ffff,咪咪season,0x46ceefda28dd7207059ed19b0acdc026955bb15c,GMEB,18,18,122089910,later_snapshot_for_denomination_audit_only,False,False,1787572913.0,1787572916.0,211387.5330657718,287.92722811579307,,prior_trade_average_not_size_specific_quote,,,False,False,unknown,,5,,,22,0,execution_unverified;graduation_event_time_unavailable;historical_state_unverified;incomplete_trade_provenance;no_recorded_x_signal;nonnative_quote_labeled_bnb;threshold_met_at_first_stored_buy;unsupported_by_current_native_executor
155,0x47370127f2cd5f439e0a9ea9dde0eefdf53affff,牛叉,0x8d0d000ee44948fc98c9b98a4fa4921476f08b0d,USD1,18,18,122089910,later_snapshot_for_denomination_audit_only,False,False,1788239795.0,1788239798.0,4746616.629851435,6465.282740852167,,prior_trade_average_not_size_specific_quote,,,False,False,unknown,,6,,,56,0,execution_unverified;graduation_event_time_unavailable;historical_state_unverified;incomplete_trade_provenance;no_recorded_x_signal;nonnative_quote_labeled_bnb;threshold_met_at_first_stored_buy;unsupported_by_current_native_executor
112,0x47ffe76e5ad6245678164d494d9a32c3d09dffff,咪咪season,0x46ceefda28dd7207059ed19b0acdc026955bb15c,GMEB,18,18,122089910,later_snapshot_for_denomination_audit_only,False,False,1787572842.0,1787572845.0,406207.5556323527,553.2881425723643,,prior_trade_average_not_size_specific_quote,,,False,False,unknown,,31,,,114,0,execution_unverified;graduation_event_time_unavailable;historical_state_unverified;incomplete_trade_provenance;no_recorded_x_signal;nonnative_quote_labeled_bnb;threshold_met_at_first_stored_buy;unsupported_by_current_native_executor
493,0x480612b5c76d6a84b62c42c03758cab60b744444,景甜人生,0x55d398326f99059ff775485246999027b3197955,USDT,18,18,122089910,later_snapshot_for_denomination_audit_only,False,False,1787859621.0,1787859624.0,23384285.54440006,31851.32264243984,,prior_trade_average_not_size_specific_quote,,,False,False,unknown,,9,2,1.0352992102903715,663,0,execution_unverified;graduation_event_time_unavailable;historical_state_unverified;incomplete_trade_provenance;no_recorded_x_signal;nonnative_quote_labeled_bnb;threshold_met_at_first_stored_buy;unsupported_by_current_native_executor;usdt_fdv_proxy_below_50000_quote_units
381,0x48360d1bdab97bb4d078a71ed0b69b2c6a504444,Cybercab  Storm,0x55d398326f99059ff775485246999027b3197955,USDT,18,18,122089910,later_snapshot_for_denomination_audit_only,False,False,1788584647.0,1788584650.0,26936617.52625048,36689.89134158367,,prior_trade_average_not_size_specific_quote,,,True,False,unknown,,75,70,0.08550561994153487,597,0,at_least_90pct_buys_below_one_usdt;execution_unverified;graduation_event_time_unavailable;historical_state_unverified;incomplete_trade_provenance;no_recorded_x_signal;nonnative_quote_labeled_bnb;threshold_met_at_first_stored_buy;unsupported_by_current_native_executor;usdt_fdv_proxy_below_50000_quote_units
15,0x4878702adf6624ac0f72ed7e6d7a6ad22eb34444,牛来人生,0x55d398326f99059ff775485246999027b3197955,USDT,18,18,122089910,later_snapshot_for_denomination_audit_only,False,False,1788698333.0,1788698336.0,26158852.318760224,35630.51107885125,,prior_trade_average_not_size_specific_quote,,,False,False,unknown,,284,253,0.000361941896630985,487,0,execution_unverified;graduation_event_time_unavailable;historical_state_unverified;incomplete_trade_provenance;no_recorded_x_signal;nonnative_quote_labeled_bnb;threshold_met_at_first_stored_buy;unsupported_by_current_native_executor;usdt_fdv_proxy_below_50000_quote_units
235,0x490c1030032c7476a95fdee906f87fe85dbdffff,fone,0x46ceefda28dd7207059ed19b0acdc026955bb15c,GMEB,18,18,122089910,later_snapshot_for_denomination_audit_only,False,False,1787808300.0,1787808303.0,198746.0110077744,270.70843402450987,,prior_trade_average_not_size_specific_quote,,,False,False,unknown,,5,,,32,0,execution_unverified;graduation_event_time_unavailable;historical_state_unverified;incomplete_trade_provenance;no_recorded_x_signal;nonnative_quote_labeled_bnb;threshold_met_at_first_stored_buy;unsupported_by_current_native_executor
45,0x49cbf6b4d2ec3746c8616ef4ddaecfb651d34444,景甜币,0x55d398326f99059ff775485246999027b3197955,USDT,18,18,122089910,later_snapshot_for_denomination_audit_only,False,False,1787847627.0,1787847630.0,24064702.817436807,32778.10700169826,,prior_trade_average_not_size_specific_quote,,,False,False,unknown,,9,1,0.5678692236571039,586,0,execution_unverified;graduation_event_time_unavailable;historical_state_unverified;incomplete_trade_provenance;no_recorded_x_signal;nonnative_quote_labeled_bnb;threshold_met_at_first_stored_buy;unsupported_by_current_native_executor;usdt_fdv_proxy_below_50000_quote_units
292,0x4ab96a212f15519f91b2c0c5790e30c6f8fd4444,MFGA,0x55d398326f99059ff775485246999027b3197955,USDT,18,18,122089910,later_snapshot_for_denomination_audit_only,False,False,1789318621.0,1789318624.0,24174176.4696723,32927.21913136235,,prior_trade_average_not_size_specific_quote,,,False,False,unknown,,32,0,0.0,353,0,execution_unverified;graduation_event_time_unavailable;historical_state_unverified;incomplete_trade_provenance;no_recorded_x_signal;nonnative_quote_labeled_bnb;threshold_met_at_first_stored_buy;unsupported_by_current_native_executor;usdt_fdv_proxy_below_50000_quote_units
404,0x4b73da69e11cc8fd1306f27535a9b39398854444,牛来人生币,0x55d398326f99059ff775485246999027b3197955,USDT,18,18,122089910,later_snapshot_for_denomination_audit_only,False,False,1788262361.0,1788262364.0,24115655.41982765,32847.50864217777,,prior_trade_average_not_size_specific_quote,,,False,False,unknown,,225,194,0.33654901509931995,632,0,execution_unverified;graduation_event_time_unavailable;historical_state_unverified;incomplete_trade_provenance;no_recorded_x_signal;nonnative_quote_labeled_bnb;threshold_met_at_first_stored_buy;unsupported_by_current_native_executor;usdt_fdv_proxy_below_50000_quote_units
326,0x4c0eed0773cf1448a5e25d5d3b14dde0a4c44444,太空牛牛,0x55d398326f99059ff775485246999027b3197955,USDT,18,18,122089910,later_snapshot_for_denomination_audit_only,False,False,1788977122.0,1788977125.0,28230432.34192643,38452.17366812377,,prior_trade_average_not_size_specific_quote,,,False,False,unknown,,33,1,0.7304910751444309,465,0,execution_unverified;graduation_event_time_unavailable;historical_state_unverified;incomplete_trade_provenance;no_recorded_x_signal;nonnative_quote_labeled_bnb;threshold_met_at_first_stored_buy;unsupported_by_current_native_executor;usdt_fdv_proxy_below_50000_quote_units
442,0x4cbeb0052edfd469c4878ec7eb44f6ff1f524444,我踏牛来,0x55d398326f99059ff775485246999027b3197955,USDT,18,18,122089910,later_snapshot_for_denomination_audit_only,False,False,1787218788.0,1787218791.0,26875040.690155085,36606.01861987698,,prior_trade_average_not_size_specific_quote,,,False,False,unknown,,111,101,0.69723049112898,671,0,at_least_90pct_buys_below_one_usdt;execution_unverified;graduation_event_time_unavailable;historical_state_unverified;incomplete_trade_provenance;no_recorded_x_signal;nonnative_quote_labeled_bnb;threshold_met_at_first_stored_buy;unsupported_by_current_native_executor;usdt_fdv_proxy_below_50000_quote_units
258,0x4ce83faffad681e59cdc337176c6f5e7a882ffff,牛生,0x46ceefda28dd7207059ed19b0acdc026955bb15c,GMEB,18,18,122089910,later_snapshot_for_denomination_audit_only,False,False,1786886273.0,1786886276.0,167583.89806373147,228.26306994801132,,prior_trade_average_not_size_specific_quote,,,False,False,unknown,,5,,,14,0,execution_unverified;graduation_event_time_unavailable;historical_state_unverified;incomplete_trade_provenance;no_recorded_x_signal;nonnative_quote_labeled_bnb;threshold_met_at_first_stored_buy;unsupported_by_current_native_executor
80,0x4ced756af1b1acf4364db59865832472542c4444,景甜币,0x55d398326f99059ff775485246999027b3197955,USDT,18,18,122089910,later_snapshot_for_denomination_audit_only,False,False,1787885469.0,1787885472.0,15705274.580356784,21391.877331349395,,prior_trade_average_not_size_specific_quote,,,False,False,unknown,,8,1,0.4710698359114514,585,0,execution_unverified;graduation_event_time_unavailable;historical_state_unverified;incomplete_trade_provenance;no_recorded_x_signal;nonnative_quote_labeled_bnb;threshold_met_at_first_stored_buy;unsupported_by_current_native_executor;usdt_fdv_proxy_below_50000_quote_units
596,0x4cee4595dc07046ed64a86f41b3a47126473ffff,fourdog,0x46ceefda28dd7207059ed19b0acdc026955bb15c,GMEB,18,18,122089910,later_snapshot_for_denomination_audit_only,False,False,1788248271.0,1788248274.0,176298.6601374563,240.1332935661445,,prior_trade_average_not_size_specific_quote,,,False,False,unknown,,5,,,10,0,execution_unverified;graduation_event_time_unavailable;historical_state_unverified;incomplete_trade_provenance;no_recorded_x_signal;nonnative_quote_labeled_bnb;threshold_met_at_first_stored_buy;unsupported_by_current_native_executor
138,0x4dbde569129239a592595c0a5e8e7afe2448ffff,.four,0x46ceefda28dd7207059ed19b0acdc026955bb15c,GMEB,18,18,122089910,later_snapshot_for_denomination_audit_only,False,False,1786774213.0,1786774216.0,357980.48323120363,487.5988983902961,,prior_trade_average_not_size_specific_quote,,,False,False,unknown,,64,,,430,0,execution_unverified;graduation_event_time_unavailable;historical_state_unverified;incomplete_trade_provenance;no_recorded_x_signal;nonnative_quote_labeled_bnb;threshold_met_at_first_stored_buy;unsupported_by_current_native_executor
597,0x4dcb8b5e766db9fc46acce1af38dcbd0f6b84444,刘大力,0x0000000000000000000000000000000000000000,BNB,18,18,122089910,later_snapshot_for_denomination_audit_only,False,True,1788880708.0,1788880711.0,63214.944602235104,86.1039603936896,,prior_trade_average_not_size_specific_quote,1788880678,True,False,False,unknown,,10,,,11,0,curve_venue_ended_before_assumed_entry;execution_unverified;historical_state_unverified;incomplete_trade_provenance;no_recorded_x_signal;requires_dex_state_for_1h_outcome
142,0x4dd015c27cf4163cf1bc612ea11f730f780bffff,四有,0x46ceefda28dd7207059ed19b0acdc026955bb15c,GMEB,18,18,122089910,later_snapshot_for_denomination_audit_only,False,False,1786882200.0,1786882203.0,298714.86601216777,406.8742471255537,,prior_trade_average_not_size_specific_quote,,,False,False,unknown,,20,,,61,0,execution_unverified;graduation_event_time_unavailable;historical_state_unverified;incomplete_trade_provenance;no_recorded_x_signal;nonnative_quote_labeled_bnb;threshold_met_at_first_stored_buy;unsupported_by_current_native_executor
544,0x4de0a6d39616e61a75d80f9e4729df7e94274444,牛来CZ,0x55d398326f99059ff775485246999027b3197955,USDT,18,18,122089910,later_snapshot_for_denomination_audit_only,False,False,1787310673.0,1787310676.0,20280783.09122836,27624.0967231409,,prior_trade_average_not_size_specific_quote,,,True,False,unknown,,33,0,0.0,729,0,execution_unverified;graduation_event_time_unavailable;historical_state_unverified;incomplete_trade_provenance;no_recorded_x_signal;nonnative_quote_labeled_bnb;threshold_met_at_first_stored_buy;unsupported_by_current_native_executor;usdt_fdv_proxy_below_50000_quote_units
178,0x4e22052e5314d2341357aac6fb254d6033a9ffff,CZ,0x46ceefda28dd7207059ed19b0acdc026955bb15c,GMEB,18,18,122089910,later_snapshot_for_denomination_audit_only,False,False,1786886458.0,1786886461.0,223508.03738075838,304.4363531345034,,prior_trade_average_not_size_specific_quote,,,False,False,unknown,,17,,,45,0,execution_unverified;graduation_event_time_unavailable;historical_state_unverified;incomplete_trade_provenance;no_recorded_x_signal;nonnative_quote_labeled_bnb;threshold_met_at_first_stored_buy;unsupported_by_current_native_executor
413,0x4e4b821899e016a5ecbdaf6aab22c3e083d3ffff,LOCKIN,0x46ceefda28dd7207059ed19b0acdc026955bb15c,GMEB,18,18,122089910,later_snapshot_for_denomination_audit_only,False,False,1786705510.0,1786705513.0,203677.99426877475,277.4262013822068,,prior_trade_average_not_size_specific_quote,,,False,False,unknown,,6,,,137,0,execution_unverified;graduation_event_time_unavailable;historical_state_unverified;incomplete_trade_provenance;no_recorded_x_signal;nonnative_quote_labeled_bnb;threshold_met_at_first_stored_buy;unsupported_by_current_native_executor
335,0x4e7597f6d9e12c3a41c4bcee88dfd0db695d4444,4STOCKS,0x55d398326f99059ff775485246999027b3197955,USDT,18,18,122089910,later_snapshot_for_denomination_audit_only,False,False,1788837470.0,1788837473.0,26868674.48533521,36597.3473246458,,prior_trade_average_not_size_specific_quote,,,False,False,unknown,,90,88,2.0622125775759477,361,0,at_least_90pct_buys_below_one_usdt;execution_unverified;graduation_event_time_unavailable;historical_state_unverified;incomplete_trade_provenance;no_recorded_x_signal;nonnative_quote_labeled_bnb;threshold_met_at_first_stored_buy;unsupported_by_current_native_executor;usdt_fdv_proxy_below_50000_quote_units
157,0x4efaae10d76b8b1b89765aaf431edc3b0b28ffff,猫娘,0x46ceefda28dd7207059ed19b0acdc026955bb15c,GMEB,18,18,122089910,later_snapshot_for_denomination_audit_only,False,False,1787809033.0,1787809036.0,266464.43254994915,362.9465008784738,,prior_trade_average_not_size_specific_quote,,,False,False,unknown,,13,,,44,0,execution_unverified;graduation_event_time_unavailable;historical_state_unverified;incomplete_trade_provenance;no_recorded_x_signal;nonnative_quote_labeled_bnb;threshold_met_at_first_stored_buy;unsupported_by_current_native_executor
537,0x4f7efa6f0c3664362adfd1a871aebf56d8ef4444,我的女友景甜,0x55d398326f99059ff775485246999027b3197955,USDT,18,18,122089910,later_snapshot_for_denomination_audit_only,False,False,1787909340.0,1787909343.0,24074963.156186607,32792.08242802976,,prior_trade_average_not_size_specific_quote,,,False,False,unknown,,200,170,0.02531576774773168,754,0,execution_unverified;graduation_event_time_unavailable;historical_state_unverified;incomplete_trade_provenance;no_recorded_x_signal;nonnative_quote_labeled_bnb;threshold_met_at_first_stored_buy;unsupported_by_current_native_executor;usdt_fdv_proxy_below_50000_quote_units
376,0x4f8560e08132ab8e3dc55e1060d640609cab4444,太空牛神,0x55d398326f99059ff775485246999027b3197955,USDT,18,18,122089910,later_snapshot_for_denomination_audit_only,False,False,1789203401.0,1789203404.0,26099044.645964213,35549.04810325158,,prior_trade_average_not_size_specific_quote,,,False,False,unknown,,31,1,0.9875946253851978,957,0,execution_unverified;graduation_event_time_unavailable;historical_state_unverified;incomplete_trade_provenance;no_recorded_x_signal;nonnative_quote_labeled_bnb;threshold_met_at_first_stored_buy;unsupported_by_current_native_executor;usdt_fdv_proxy_below_50000_quote_units
316,0x4f98956f313a152eb29ade578cbc46468c234444,Trump Returns,0x55d398326f99059ff775485246999027b3197955,USDT,18,18,122089910,later_snapshot_for_denomination_audit_only,False,False,1789270137.0,1789270140.0,27392474.384167112,37310.80592256169,,prior_trade_average_not_size_specific_quote,,,False,False,unknown,,142,140,0.1938124085387404,652,0,at_least_90pct_buys_below_one_usdt;execution_unverified;graduation_event_time_unavailable;historical_state_unverified;incomplete_trade_provenance;no_recorded_x_signal;nonnative_quote_labeled_bnb;threshold_met_at_first_stored_buy;unsupported_by_current_native_executor;usdt_fdv_proxy_below_50000_quote_units
92,0x502234786eaeabbc8c31b437af47964b2e374444,安交所 bull,0x55d398326f99059ff775485246999027b3197955,USDT,18,18,122089910,later_snapshot_for_denomination_audit_only,False,False,1787476973.0,1787476976.0,12649939.389612226,17230.25919012249,,prior_trade_average_not_size_specific_quote,,,False,False,unknown,,6,1,0.4583539821443877,430,0,execution_unverified;graduation_event_time_unavailable;historical_state_unverified;incomplete_trade_provenance;no_recorded_x_signal;nonnative_quote_labeled_bnb;threshold_met_at_first_stored_buy;unsupported_by_current_native_executor;usdt_fdv_proxy_below_50000_quote_units
26,0x506561afb1d8aab713500cdc354bf6de3a654444,BINANCE MARGE,0x55d398326f99059ff775485246999027b3197955,USDT,18,18,122089910,later_snapshot_for_denomination_audit_only,False,False,1787814714.0,1787814717.0,24097000.019060973,32822.098450033336,,prior_trade_average_not_size_specific_quote,,,False,False,unknown,,32,1,1.0043879777979e-05,387,0,execution_unverified;graduation_event_time_unavailable;historical_state_unverified;incomplete_trade_provenance;no_recorded_x_signal;nonnative_quote_labeled_bnb;threshold_met_at_first_stored_buy;unsupported_by_current_native_executor;usdt_fdv_proxy_below_50000_quote_units
226,0x50b968cae1c6f834a66ff8e76f989fe8a8c3ffff,FOURTARDIO,0x46ceefda28dd7207059ed19b0acdc026955bb15c,GMEB,18,18,122089910,later_snapshot_for_denomination_audit_only,False,False,1786701449.0,1786701452.0,209965.93846425798,285.99089919808483,,prior_trade_average_not_size_specific_quote,,,False,False,unknown,,8,,,18,0,execution_unverified;graduation_event_time_unavailable;historical_state_unverified;incomplete_trade_provenance;no_recorded_x_signal;nonnative_quote_labeled_bnb;threshold_met_at_first_stored_buy;unsupported_by_current_native_executor
170,0x50e42d493fad1d0da9939ce28f7452f57c9c4444,人非圣贤孰能无过,0x46ceefda28dd7207059ed19b0acdc026955bb15c,GMEB,18,18,122089910,later_snapshot_for_denomination_audit_only,False,False,1786874560.0,1786874563.0,237356.02847750593,323.2984574110982,,prior_trade_average_not_size_specific_quote,,,False,False,unknown,,17,,,44,0,execution_unverified;graduation_event_time_unavailable;historical_state_unverified;incomplete_trade_provenance;no_recorded_x_signal;nonnative_quote_labeled_bnb;threshold_met_at_first_stored_buy;unsupported_by_current_native_executor
451,0x51893147237fa0b2383faae727ab28ae80794444,BNB MARGE,0x55d398326f99059ff775485246999027b3197955,USDT,18,18,122089910,later_snapshot_for_denomination_audit_only,False,False,1787820040.0,1787820043.0,24086016.250539474,32807.13765277725,,prior_trade_average_not_size_specific_quote,,,False,False,unknown,,31,0,0.0,1062,0,execution_unverified;graduation_event_time_unavailable;historical_state_unverified;incomplete_trade_provenance;no_recorded_x_signal;nonnative_quote_labeled_bnb;threshold_met_at_first_stored_buy;unsupported_by_current_native_executor;usdt_fdv_proxy_below_50000_quote_units
554,0x52751298042ba84a9f107a946c32d2d0b70c4444,RiverDex,0x55d398326f99059ff775485246999027b3197955,USDT,18,18,122089910,later_snapshot_for_denomination_audit_only,False,False,1787740373.0,1787740376.0,6406864.767008253,8726.677427582514,,prior_trade_average_not_size_specific_quote,,,False,False,unknown,,20,3,2.9702970297029583,229,0,execution_unverified;graduation_event_time_unavailable;historical_state_unverified;incomplete_trade_provenance;no_recorded_x_signal;nonnative_quote_labeled_bnb;threshold_met_at_first_stored_buy;unsupported_by_current_native_executor;usdt_fdv_proxy_below_50000_quote_units
598,0x52be7d7e93fef378bbe0209ef2e884bdc300ffff,SHINZO,0x46ceefda28dd7207059ed19b0acdc026955bb15c,GMEB,18,18,122089910,later_snapshot_for_denomination_audit_only,False,False,1788591524.0,1788591527.0,188116.01353525865,256.22950207071744,,prior_trade_average_not_size_specific_quote,,,False,False,unknown,,7,,,16,0,execution_unverified;graduation_event_time_unavailable;historical_state_unverified;incomplete_trade_provenance;no_recorded_x_signal;nonnative_quote_labeled_bnb;threshold_met_at_first_stored_buy;unsupported_by_current_native_executor
126,0x531fa9cf2caa58c2eb3885909021d73152b0ffff,F,0x8d0d000ee44948fc98c9b98a4fa4921476f08b0d,USD1,18,18,122089910,later_snapshot_for_denomination_audit_only,False,False,1787588759.0,1787588762.0,8397432.987900322,11437.995270714307,,prior_trade_average_not_size_specific_quote,,,False,False,unknown,,51,,,606,0,execution_unverified;graduation_event_time_unavailable;historical_state_unverified;incomplete_trade_provenance;no_recorded_x_signal;nonnative_quote_labeled_bnb;threshold_met_at_first_stored_buy;unsupported_by_current_native_executor
41,0x5428be631925c899ed8ddea856075b813fc44444,我的女友景甜,0x55d398326f99059ff775485246999027b3197955,USDT,18,18,122089910,later_snapshot_for_denomination_audit_only,False,False,1787887416.0,1787887419.0,24108273.981796596,32837.45451570699,,prior_trade_average_not_size_specific_quote,,,False,False,unknown,,32,0,0.0,634,0,execution_unverified;graduation_event_time_unavailable;historical_state_unverified;incomplete_trade_provenance;no_recorded_x_signal;nonnative_quote_labeled_bnb;threshold_met_at_first_stored_buy;unsupported_by_current_native_executor;usdt_fdv_proxy_below_50000_quote_units
452,0x547c0bd7b6d40ae83ddb4d65a2d6c55203814444,鹏来币,0x55d398326f99059ff775485246999027b3197955,USDT,18,18,122089910,later_snapshot_for_denomination_audit_only,False,False,1788144995.0,1788144998.0,24074877.138353534,32791.96526465741,,prior_trade_average_not_size_specific_quote,,,False,False,unknown,,283,253,0.003754917738072827,1215,0,execution_unverified;graduation_event_time_unavailable;historical_state_unverified;incomplete_trade_provenance;no_recorded_x_signal;nonnative_quote_labeled_bnb;threshold_met_at_first_stored_buy;unsupported_by_current_native_executor;usdt_fdv_proxy_below_50000_quote_units
313,0x54a23711837eb7cdf39bac38346ec182617b4444,哈基米人生,0x55d398326f99059ff775485246999027b3197955,USDT,18,18,122089910,later_snapshot_for_denomination_audit_only,False,False,1788688485.0,1788688488.0,26945407.526819184,36701.864046227965,,prior_trade_average_not_size_specific_quote,,,False,False,unknown,,245,241,0.8101676438166749,671,0,at_least_90pct_buys_below_one_usdt;execution_unverified;graduation_event_time_unavailable;historical_state_unverified;incomplete_trade_provenance;no_recorded_x_signal;nonnative_quote_labeled_bnb;threshold_met_at_first_stored_buy;unsupported_by_current_native_executor;usdt_fdv_proxy_below_50000_quote_units
188,0x54d89de562c218084e6d4d391f3fb07a7f25ffff,CHWY,0x46ceefda28dd7207059ed19b0acdc026955bb15c,GMEB,18,18,122089910,later_snapshot_for_denomination_audit_only,False,False,1786739965.0,1786739968.0,216808.00232232868,295.31035362699197,,prior_trade_average_not_size_specific_quote,,,False,False,unknown,,12,,,34,0,execution_unverified;graduation_event_time_unavailable;historical_state_unverified;incomplete_trade_provenance;no_recorded_x_signal;nonnative_quote_labeled_bnb;threshold_met_at_first_stored_buy;unsupported_by_current_native_executor
2,0x5585182012930b1d772101f069ab0cb28ea64444,MarsFarm,0x55d398326f99059ff775485246999027b3197955,USDT,18,18,122089910,later_snapshot_for_denomination_audit_only,False,False,1788768532.0,1788768535.0,29177765.217838716,39742.51905939866,,prior_trade_average_not_size_specific_quote,,,False,False,unknown,,79,77,0.13818214472229673,315,0,at_least_90pct_buys_below_one_usdt;execution_unverified;graduation_event_time_unavailable;historical_state_unverified;incomplete_trade_provenance;no_recorded_x_signal;nonnative_quote_labeled_bnb;threshold_met_at_first_stored_buy;unsupported_by_current_native_executor;usdt_fdv_proxy_below_50000_quote_units
419,0x56506432a2715a6ce078f04d1e1059df015e4444,我的女友景甜,0x55d398326f99059ff775485246999027b3197955,USDT,18,18,122089910,later_snapshot_for_denomination_audit_only,False,False,1787849335.0,1787849338.0,24149074.65543326,32893.02839319676,,prior_trade_average_not_size_specific_quote,,,False,False,unknown,,202,171,0.351548682999747,698,0,execution_unverified;graduation_event_time_unavailable;historical_state_unverified;incomplete_trade_provenance;no_recorded_x_signal;nonnative_quote_labeled_bnb;threshold_met_at_first_stored_buy;unsupported_by_current_native_executor;usdt_fdv_proxy_below_50000_quote_units
524,0x57c28c1ad572472b0e99f2cf9ce06f4935e14444,我的女友景甜,0x55d398326f99059ff775485246999027b3197955,USDT,18,18,122089910,later_snapshot_for_denomination_audit_only,False,False,1787919054.0,1787919057.0,24074872.26435429,32791.95862586906,,prior_trade_average_not_size_specific_quote,,,False,False,unknown,,200,170,0.002536623001334602,1156,0,execution_unverified;graduation_event_time_unavailable;historical_state_unverified;incomplete_trade_provenance;no_recorded_x_signal;nonnative_quote_labeled_bnb;threshold_met_at_first_stored_buy;unsupported_by_current_native_executor;usdt_fdv_proxy_below_50000_quote_units
139,0x58bbb3501e1f8b11b274743e21c488b4e89bffff,mini 哈基米,0x46ceefda28dd7207059ed19b0acdc026955bb15c,GMEB,18,18,122089910,later_snapshot_for_denomination_audit_only,False,False,1786980741.0,1786980744.0,304868.5876531672,415.2561227687963,,prior_trade_average_not_size_specific_quote,,,False,False,unknown,,25,,,55,0,execution_unverified;graduation_event_time_unavailable;historical_state_unverified;incomplete_trade_provenance;no_recorded_x_signal;nonnative_quote_labeled_bnb;threshold_met_at_first_stored_buy;unsupported_by_current_native_executor
288,0x592d698b2ff5f68593724963e0025c2590dd4444,BINANCE VOICES,0x55d398326f99059ff775485246999027b3197955,USDT,18,18,122089910,later_snapshot_for_denomination_audit_only,False,False,1787106164.0,1787106167.0,2829324.8581047026,3853.773455881748,,prior_trade_average_not_size_specific_quote,,,False,False,unknown,,30,30,14.851485148514794,446,0,at_least_90pct_buys_below_one_usdt;execution_unverified;graduation_event_time_unavailable;historical_state_unverified;incomplete_trade_provenance;no_recorded_x_signal;nonnative_quote_labeled_bnb;threshold_met_at_first_stored_buy;unsupported_by_current_native_executor;usdt_fdv_proxy_below_50000_quote_units
72,0x5a30c6ac863671149196044ba247bc0856f54444,我踏牛来,0x55d398326f99059ff775485246999027b3197955,USDT,18,18,122089910,later_snapshot_for_denomination_audit_only,False,False,1787128048.0,1787128051.0,16496142.545873169,22469.104629545163,,prior_trade_average_not_size_specific_quote,,,False,False,unknown,,8,1,0.48165670384178233,353,0,execution_unverified;graduation_event_time_unavailable;historical_state_unverified;incomplete_trade_provenance;no_recorded_x_signal;nonnative_quote_labeled_bnb;threshold_met_at_first_stored_buy;unsupported_by_current_native_executor;usdt_fdv_proxy_below_50000_quote_units
3,0x5ac21ac0d3eaf1dfa062b2e77d5d4ceba06a4444,X Numbers,0x55d398326f99059ff775485246999027b3197955,USDT,18,18,122089910,later_snapshot_for_denomination_audit_only,False,False,1788960831.0,1788960834.0,28582899.439372897,38932.26288103968,,prior_trade_average_not_size_specific_quote,,,False,False,unknown,,167,166,0.16128885727018422,303,0,at_least_90pct_buys_below_one_usdt;execution_unverified;graduation_event_time_unavailable;historical_state_unverified;incomplete_trade_provenance;no_recorded_x_signal;nonnative_quote_labeled_bnb;threshold_met_at_first_stored_buy;unsupported_by_current_native_executor;usdt_fdv_proxy_below_50000_quote_units
115,0x5acfb7fba5f0bef6a6406f19c2e13d9f0ea7ffff,XStock,0xbe9d156892e55e7154bcd3cb0fea677f9d3103e1,SPCXB,18,18,122089910,later_snapshot_for_denomination_audit_only,False,False,1788974617.0,1788974620.0,178167.88034550866,242.67932542259786,,prior_trade_average_not_size_specific_quote,,,False,False,unknown,,27,,,80,0,execution_unverified;graduation_event_time_unavailable;historical_state_unverified;incomplete_trade_provenance;no_recorded_x_signal;nonnative_quote_labeled_bnb;threshold_met_at_first_stored_buy;unsupported_by_current_native_executor
114,0x5b46e5f4a37ad73b9edc222117156ed34f6e4444,赵来,0x55d398326f99059ff775485246999027b3197955,USDT,18,18,122089910,later_snapshot_for_denomination_audit_only,False,False,1786958874.0,1786958877.0,7481735.595820861,10190.740013649238,,prior_trade_average_not_size_specific_quote,,,False,False,unknown,,5,2,1.2450279810589697,470,0,execution_unverified;graduation_event_time_unavailable;historical_state_unverified;incomplete_trade_provenance;no_recorded_x_signal;nonnative_quote_labeled_bnb;threshold_met_at_first_stored_buy;unsupported_by_current_native_executor;usdt_fdv_proxy_below_50000_quote_units
251,0x5babc48c135fd1d44f98964e6e454008f107ffff,豹拉,0x46ceefda28dd7207059ed19b0acdc026955bb15c,GMEB,18,18,122089910,later_snapshot_for_denomination_audit_only,False,False,1786886770.0,1786886773.0,183145.32294075555,249.45901213718284,,prior_trade_average_not_size_specific_quote,,,False,False,unknown,,5,,,8,0,execution_unverified;graduation_event_time_unavailable;historical_state_unverified;incomplete_trade_provenance;no_recorded_x_signal;nonnative_quote_labeled_bnb;threshold_met_at_first_stored_buy;unsupported_by_current_native_executor
599,0x5bf84b67ec0d5ec78a70e8ca303ca7af72daffff,utility,0x0000000000000000000000000000000000000000,BNB,18,18,122089910,later_snapshot_for_denomination_audit_only,False,True,1787023369.0,1787023372.0,64351.68792996322,87.6522984185723,,prior_trade_average_not_size_specific_quote,1787023341,True,False,False,unknown,,46,,,177,0,curve_venue_ended_before_assumed_entry;execution_unverified;historical_state_unverified;incomplete_trade_provenance;no_recorded_x_signal;requires_dex_state_for_1h_outcome
489,0x5c319a608bdf0c8778bc74fdb517f8707f294444,HOMER,0x55d398326f99059ff775485246999027b3197955,USDT,18,18,122089910,later_snapshot_for_denomination_audit_only,False,False,1789059141.0,1789059144.0,24123190.947520886,32857.77265145795,,prior_trade_average_not_size_specific_quote,,,False,False,unknown,,32,0,0.0,1065,0,execution_unverified;graduation_event_time_unavailable;historical_state_unverified;incomplete_trade_provenance;no_recorded_x_signal;nonnative_quote_labeled_bnb;threshold_met_at_first_stored_buy;unsupported_by_current_native_executor;usdt_fdv_proxy_below_50000_quote_units
492,0x5cb2331de31625654aa365fd15e7c0f03c054444,4 SEASON 🔶,0x55d398326f99059ff775485246999027b3197955,USDT,18,18,122089910,later_snapshot_for_denomination_audit_only,False,False,1788864305.0,1788864308.0,24074863.631006964,32791.94686653904,,prior_trade_average_not_size_specific_quote,,,False,False,unknown,,278,248,0.00037348055401625,1085,0,execution_unverified;graduation_event_time_unavailable;historical_state_unverified;incomplete_trade_provenance;no_recorded_x_signal;nonnative_quote_labeled_bnb;threshold_met_at_first_stored_buy;unsupported_by_current_native_executor;usdt_fdv_proxy_below_50000_quote_units
205,0x5dd36756f8b479464053a5f6b45afbff7e4bffff,黑神话钟馗,0x46ceefda28dd7207059ed19b0acdc026955bb15c,GMEB,18,18,122089910,later_snapshot_for_denomination_audit_only,False,False,1787194055.0,1787194058.0,210915.5431815763,287.2843390244444,,prior_trade_average_not_size_specific_quote,,,False,False,unknown,,13,,,41,0,execution_unverified;graduation_event_time_unavailable;historical_state_unverified;incomplete_trade_provenance;no_recorded_x_signal;nonnative_quote_labeled_bnb;threshold_met_at_first_stored_buy;unsupported_by_current_native_executor
242,0x5e13708155a392e04f85d584f26cb2fffd114444,PURR,0x46ceefda28dd7207059ed19b0acdc026955bb15c,GMEB,18,18,122089910,later_snapshot_for_denomination_audit_only,False,False,1787808143.0,1787808146.0,207245.51651223705,282.2854604686068,,prior_trade_average_not_size_specific_quote,,,False,False,unknown,,10,,,40,0,execution_unverified;graduation_event_time_unavailable;historical_state_unverified;incomplete_trade_provenance;no_recorded_x_signal;nonnative_quote_labeled_bnb;threshold_met_at_first_stored_buy;unsupported_by_current_native_executor
274,0x5eccd80e46b6b5ca642bf1ca08b674e62dfeffff,FOURBRIDGE,0x46ceefda28dd7207059ed19b0acdc026955bb15c,GMEB,18,18,122089910,later_snapshot_for_denomination_audit_only,False,False,1787117782.0,1787117785.0,238868.80373972878,325.35898189755613,,prior_trade_average_not_size_specific_quote,,,False,False,unknown,,5,,,16,0,execution_unverified;graduation_event_time_unavailable;historical_state_unverified;incomplete_trade_provenance;no_recorded_x_signal;nonnative_quote_labeled_bnb;threshold_met_at_first_stored_buy;unsupported_by_current_native_executor
395,0x5ecf7221b7a617da318420fb3a22297783614444,火星人生,0x55d398326f99059ff775485246999027b3197955,USDT,18,18,122089910,later_snapshot_for_denomination_audit_only,False,False,1788649737.0,1788649740.0,26790423.890750397,36490.76357076753,,prior_trade_average_not_size_specific_quote,,,False,False,unknown,,60,59,0.08259738040998746,447,0,at_least_90pct_buys_below_one_usdt;execution_unverified;graduation_event_time_unavailable;historical_state_unverified;incomplete_trade_provenance;no_recorded_x_signal;nonnative_quote_labeled_bnb;threshold_met_at_first_stored_buy;unsupported_by_current_native_executor;usdt_fdv_proxy_below_50000_quote_units
600,0x5f647b7446960bd662c29301c6c9ea816f7bffff,慈善徽章,0x0000000000000000000000000000000000000000,BNB,18,18,122089910,later_snapshot_for_denomination_audit_only,False,True,1787023098.0,1787023101.0,62982.76328396509,85.78771031772627,,prior_trade_average_not_size_specific_quote,1787023068,True,False,False,unknown,,7,,,37,0,curve_venue_ended_before_assumed_entry;execution_unverified;historical_state_unverified;incomplete_trade_provenance;no_recorded_x_signal;requires_dex_state_for_1h_outcome
399,0x5fb662388725ad7b18f0046deb8840cfebf74444,BNB STONKS,0x55d398326f99059ff775485246999027b3197955,USDT,18,18,122089910,later_snapshot_for_denomination_audit_only,False,False,1788609587.0,1788609590.0,26097654.878927324,35547.15512609794,,prior_trade_average_not_size_specific_quote,,,False,False,unknown,,284,254,0.16028736997198673,803,0,execution_unverified;graduation_event_time_unavailable;historical_state_unverified;incomplete_trade_provenance;no_recorded_x_signal;nonnative_quote_labeled_bnb;threshold_met_at_first_stored_buy;unsupported_by_current_native_executor;usdt_fdv_proxy_below_50000_quote_units
58,0x5fc69fb85540d0433ec581ca42fbffb484b24444,牛来CZ,0x55d398326f99059ff775485246999027b3197955,USDT,18,18,122089910,later_snapshot_for_denomination_audit_only,False,False,1787286597.0,1787286600.0,20278807.145054035,27621.40532172935,,prior_trade_average_not_size_specific_quote,,,False,False,unknown,,32,0,0.0,313,0,execution_unverified;graduation_event_time_unavailable;historical_state_unverified;incomplete_trade_provenance;no_recorded_x_signal;nonnative_quote_labeled_bnb;threshold_met_at_first_stored_buy;unsupported_by_current_native_executor;usdt_fdv_proxy_below_50000_quote_units
297,0x5fec82173b07d5901501d2874145b81c2f424444,BNB CAT SZN,0x55d398326f99059ff775485246999027b3197955,USDT,18,18,122089910,later_snapshot_for_denomination_audit_only,False,False,1788794968.0,1788794971.0,27853470.518864453,37938.72062174218,,prior_trade_average_not_size_specific_quote,,,False,False,unknown,,73,71,1.0964189102046162,602,0,at_least_90pct_buys_below_one_usdt;execution_unverified;graduation_event_time_unavailable;historical_state_unverified;incomplete_trade_provenance;no_recorded_x_signal;nonnative_quote_labeled_bnb;threshold_met_at_first_stored_buy;unsupported_by_current_native_executor;usdt_fdv_proxy_below_50000_quote_units
129,0x615e0626811c2281a6c8cbf4319531974a24ffff,MOF,0x46ceefda28dd7207059ed19b0acdc026955bb15c,GMEB,18,18,122089910,later_snapshot_for_denomination_audit_only,False,False,1786984290.0,1786984293.0,382898.79403043794,521.5396897590994,,prior_trade_average_not_size_specific_quote,,,False,False,unknown,,45,,,333,0,execution_unverified;graduation_event_time_unavailable;historical_state_unverified;incomplete_trade_provenance;no_recorded_x_signal;nonnative_quote_labeled_bnb;threshold_met_at_first_stored_buy;unsupported_by_current_native_executor
257,0x61939617241131183c48b0ac4d1473d4b368ffff,1,0x46ceefda28dd7207059ed19b0acdc026955bb15c,GMEB,18,18,122089910,later_snapshot_for_denomination_audit_only,False,False,1787204250.0,1787204253.0,184456.14876859167,251.2444648631675,,prior_trade_average_not_size_specific_quote,,,False,False,unknown,,20,,,37,0,execution_unverified;graduation_event_time_unavailable;historical_state_unverified;incomplete_trade_provenance;no_recorded_x_signal;nonnative_quote_labeled_bnb;threshold_met_at_first_stored_buy;unsupported_by_current_native_executor
462,0x61f186f15cccbd0bdb586fdcfc5cbb90eefd4444,火星人生,0x55d398326f99059ff775485246999027b3197955,USDT,18,18,122089910,later_snapshot_for_denomination_audit_only,False,False,1788318532.0,1788318535.0,24768913.664151307,33737.30016774222,,prior_trade_average_not_size_specific_quote,,,False,False,unknown,,93,89,0.14818885212250404,746,0,at_least_90pct_buys_below_one_usdt;execution_unverified;graduation_event_time_unavailable;historical_state_unverified;incomplete_trade_provenance;no_recorded_x_signal;nonnative_quote_labeled_bnb;threshold_met_at_first_stored_buy;unsupported_by_current_native_executor;usdt_fdv_proxy_below_50000_quote_units
125,0x622074d7e08e83ed0a26ddafe6c71dafd51f4444,BULLWHALE,0x55d398326f99059ff775485246999027b3197955,USDT,18,18,122089910,later_snapshot_for_denomination_audit_only,False,False,1787414151.0,1787414154.0,6556729.369344977,8930.805357539775,,prior_trade_average_not_size_specific_quote,,,False,False,unknown,,8,0,0.0,27,0,execution_unverified;graduation_event_time_unavailable;historical_state_unverified;incomplete_trade_provenance;no_recorded_x_signal;nonnative_quote_labeled_bnb;threshold_met_at_first_stored_buy;unsupported_by_current_native_executor;usdt_fdv_proxy_below_50000_quote_units
503,0x6230ad1e1d3f6fab7cd1d42abd695a2e20784444,NB SEASON 🔶,0x55d398326f99059ff775485246999027b3197955,USDT,18,18,122089910,later_snapshot_for_denomination_audit_only,False,False,1788756773.0,1788756776.0,24429493.426763583,33274.98185265481,,prior_trade_average_not_size_specific_quote,,,False,False,unknown,,30,0,0.0,943,0,execution_unverified;graduation_event_time_unavailable;historical_state_unverified;incomplete_trade_provenance;no_recorded_x_signal;nonnative_quote_labeled_bnb;threshold_met_at_first_stored_buy;unsupported_by_current_native_executor;usdt_fdv_proxy_below_50000_quote_units
134,0x6230b965aa173d2f5f6d9940b743feca69e4ffff,牛叉,0x8d0d000ee44948fc98c9b98a4fa4921476f08b0d,USD1,18,18,122089910,later_snapshot_for_denomination_audit_only,False,False,1788207361.0,1788207364.0,6141912.911285339,8365.791180905428,,prior_trade_average_not_size_specific_quote,,,False,False,unknown,,10,,,124,0,execution_unverified;graduation_event_time_unavailable;historical_state_unverified;incomplete_trade_provenance;no_recorded_x_signal;nonnative_quote_labeled_bnb;threshold_met_at_first_stored_buy;unsupported_by_current_native_executor
319,0x6281ef3bc97788dad1cdfea7d375d369bcbf4444,牛来币安,0x55d398326f99059ff775485246999027b3197955,USDT,18,18,122089910,later_snapshot_for_denomination_audit_only,False,False,1788674659.0,1788674662.0,26806048.99150536,36512.04624474626,,prior_trade_average_not_size_specific_quote,,,False,False,unknown,,93,89,0.16427267918019584,573,0,at_least_90pct_buys_below_one_usdt;execution_unverified;graduation_event_time_unavailable;historical_state_unverified;incomplete_trade_provenance;no_recorded_x_signal;nonnative_quote_labeled_bnb;threshold_met_at_first_stored_buy;unsupported_by_current_native_executor;usdt_fdv_proxy_below_50000_quote_units
231,0x63630b0d1a6e86ec7b37e691b11c1491a8c14444,DJ Tbag,0xf2ec508422174ee564de98187db9359d318afb6b,DJTB,18,18,122089910,later_snapshot_for_denomination_audit_only,False,False,1788523605.0,1788523608.0,346483.19343188155,471.9386428645703,,prior_trade_average_not_size_specific_quote,,,False,False,unknown,,5,,,10,0,execution_unverified;graduation_event_time_unavailable;historical_state_unverified;incomplete_trade_provenance;no_recorded_x_signal;nonnative_quote_labeled_bnb;threshold_met_at_first_stored_buy;unsupported_by_current_native_executor
261,0x63eb4cf2b03e0a248e6f77622e605cdec49dffff,GME,0x46ceefda28dd7207059ed19b0acdc026955bb15c,GMEB,18,18,122089910,later_snapshot_for_denomination_audit_only,False,False,1787567252.0,1787567255.0,214502.62941927783,292.17024588212246,,prior_trade_average_not_size_specific_quote,,,False,False,unknown,,5,,,11,0,execution_unverified;graduation_event_time_unavailable;historical_state_unverified;incomplete_trade_provenance;no_recorded_x_signal;nonnative_quote_labeled_bnb;threshold_met_at_first_stored_buy;unsupported_by_current_native_executor
440,0x63ed578d795476efb8bec530507ef0218c7d4444,BSC MEME,0x55d398326f99059ff775485246999027b3197955,USDT,18,18,122089910,later_snapshot_for_denomination_audit_only,False,False,1788777510.0,1788777513.0,26121290.661301225,35579.3490081333,,prior_trade_average_not_size_specific_quote,,,False,False,unknown,,200,167,0.000245239624341057,876,0,execution_unverified;graduation_event_time_unavailable;historical_state_unverified;incomplete_trade_provenance;no_recorded_x_signal;nonnative_quote_labeled_bnb;threshold_met_at_first_stored_buy;unsupported_by_current_native_executor;usdt_fdv_proxy_below_50000_quote_units
310,0x63f1a2a2a21a0c97be5a00deb5ddf6b38721ffff,金牛化工,0x46ceefda28dd7207059ed19b0acdc026955bb15c,GMEB,18,18,122089910,later_snapshot_for_denomination_audit_only,False,False,1786885875.0,1786885878.0,203286.71477214873,276.8932464853491,,prior_trade_average_not_size_specific_quote,,,False,False,unknown,,10,,,36,0,execution_unverified;graduation_event_time_unavailable;historical_state_unverified;incomplete_trade_provenance;no_recorded_x_signal;nonnative_quote_labeled_bnb;threshold_met_at_first_stored_buy;unsupported_by_current_native_executor
187,0x642deb5569073031b4a3549c4537688555d14444,𝑓𝑓𝑓𝑓,0x46ceefda28dd7207059ed19b0acdc026955bb15c,GMEB,18,18,122089910,later_snapshot_for_denomination_audit_only,False,False,1786952843.0,1786952846.0,218943.06035905337,298.21847849824076,,prior_trade_average_not_size_specific_quote,,,False,False,unknown,,7,,,20,0,execution_unverified;graduation_event_time_unavailable;historical_state_unverified;incomplete_trade_provenance;no_recorded_x_signal;nonnative_quote_labeled_bnb;threshold_met_at_first_stored_buy;unsupported_by_current_native_executor
344,0x647859af82c6280bb25f422b6a21e9ea18284444,Apple,0x0000000000000000000000000000000000000000,BNB,18,18,122089910,later_snapshot_for_denomination_audit_only,False,True,1788972734.0,1788972737.0,59732.45611075316,81.36052428014379,,prior_trade_average_not_size_specific_quote,1788972738,False,False,False,unknown,,24,,,247,0,execution_unverified;historical_state_unverified;incomplete_trade_provenance;no_recorded_x_signal;requires_dex_state_for_1h_outcome
73,0x64ae5fd4456e93a884ce9368abf690bbafc0ffff,币圈爱情故事,0x55d398326f99059ff775485246999027b3197955,USDT,18,18,122089910,later_snapshot_for_denomination_audit_only,False,False,1788091291.0,1788091294.0,16436425.565948369,22387.76518510477,,prior_trade_average_not_size_specific_quote,,,False,False,unknown,,5,3,1.5661558279759578,87,0,execution_unverified;graduation_event_time_unavailable;historical_state_unverified;incomplete_trade_provenance;no_recorded_x_signal;nonnative_quote_labeled_bnb;threshold_met_at_first_stored_buy;unsupported_by_current_native_executor;usdt_fdv_proxy_below_50000_quote_units
48,0x64d63d186bbe061a30ec85e1005a536c860c4444,牛来,0x55d398326f99059ff775485246999027b3197955,USDT,18,18,122089910,later_snapshot_for_denomination_audit_only,False,False,1786793669.0,1786793672.0,22780387.843648612,31028.76424213549,,prior_trade_average_not_size_specific_quote,,,False,False,unknown,,5,1,0.5313736696418562,531,0,execution_unverified;graduation_event_time_unavailable;historical_state_unverified;incomplete_trade_provenance;no_recorded_x_signal;nonnative_quote_labeled_bnb;threshold_met_at_first_stored_buy;unsupported_by_current_native_executor;usdt_fdv_proxy_below_50000_quote_units
601,0x64df0c0e9a507faf943e6503d6c1d7e6e450ffff,CZ,0x0000000000000000000000000000000000000000,BNB,18,18,122089910,later_snapshot_for_denomination_audit_only,False,True,1788135939.0,1788135942.0,63736.06874123957,86.81377438636768,,prior_trade_average_not_size_specific_quote,1788135910,True,False,False,unknown,,11,,,200,0,curve_venue_ended_before_assumed_entry;execution_unverified;historical_state_unverified;incomplete_trade_provenance;no_recorded_x_signal;requires_dex_state_for_1h_outcome
99,0x653706cfec18d420c6f1cec83216bce10067ffff,奶噜嘟嘟蛙,0x46ceefda28dd7207059ed19b0acdc026955bb15c,GMEB,18,18,122089910,later_snapshot_for_denomination_audit_only,False,False,1787814730.0,1787814733.0,576513.0117194529,785.2581986725867,,prior_trade_average_not_size_specific_quote,,,False,False,unknown,,73,,,451,0,execution_unverified;graduation_event_time_unavailable;historical_state_unverified;incomplete_trade_provenance;no_recorded_x_signal;nonnative_quote_labeled_bnb;threshold_met_at_first_stored_buy;unsupported_by_current_native_executor
166,0x655ca2d94f50b1d46879d68622808efcf06affff,POONALD,0xf2ec508422174ee564de98187db9359d318afb6b,DJTB,18,18,122089910,later_snapshot_for_denomination_audit_only,False,False,1788962349.0,1788962352.0,366948.8067916823,499.8144936345564,,prior_trade_average_not_size_specific_quote,,,False,False,unknown,,26,,,82,0,execution_unverified;graduation_event_time_unavailable;historical_state_unverified;incomplete_trade_provenance;no_recorded_x_signal;nonnative_quote_labeled_bnb;threshold_met_at_first_stored_buy;unsupported_by_current_native_executor
455,0x65ccab7a5ca4365d79793562f030c8e9dbc44444,牛来人生,0x55d398326f99059ff775485246999027b3197955,USDT,18,18,122089910,later_snapshot_for_denomination_audit_only,False,False,1788416815.0,1788416818.0,24074863.234656744,32791.9463266774,,prior_trade_average_not_size_specific_quote,,,False,False,unknown,,214,184,0.000274676660964784,730,0,execution_unverified;graduation_event_time_unavailable;historical_state_unverified;incomplete_trade_provenance;no_recorded_x_signal;nonnative_quote_labeled_bnb;threshold_met_at_first_stored_buy;unsupported_by_current_native_executor;usdt_fdv_proxy_below_50000_quote_units
16,0x661648f4bb2ea297a9a2bde6ce990b4389584444,CAT BULL,0x55d398326f99059ff775485246999027b3197955,USDT,18,18,122089910,later_snapshot_for_denomination_audit_only,False,False,1787816737.0,1787816740.0,26054111.803449683,35487.84587145986,,prior_trade_average_not_size_specific_quote,,,False,False,unknown,,67,52,1.0498789026734834,438,0,execution_unverified;graduation_event_time_unavailable;historical_state_unverified;incomplete_trade_provenance;no_recorded_x_signal;nonnative_quote_labeled_bnb;threshold_met_at_first_stored_buy;unsupported_by_current_native_executor;usdt_fdv_proxy_below_50000_quote_units
168,0x66446dc0504b4099fd53dd656f5a36fdf110ffff,当归,0x46ceefda28dd7207059ed19b0acdc026955bb15c,GMEB,18,18,122089910,later_snapshot_for_denomination_audit_only,False,False,1787306957.0,1787306960.0,235310.46912490358,320.5122371179748,,prior_trade_average_not_size_specific_quote,,,False,False,unknown,,13,,,31,0,execution_unverified;graduation_event_time_unavailable;historical_state_unverified;incomplete_trade_provenance;no_recorded_x_signal;nonnative_quote_labeled_bnb;threshold_met_at_first_stored_buy;unsupported_by_current_native_executor
23,0x66e5bd300c5123810d39a606037860c260f24444,BINANCE HOMER,0x55d398326f99059ff775485246999027b3197955,USDT,18,18,122089910,later_snapshot_for_denomination_audit_only,False,False,1787814245.0,1787814248.0,24171792.854397327,32923.97245106354,,prior_trade_average_not_size_specific_quote,,,False,False,unknown,,33,0,0.0,283,0,execution_unverified;graduation_event_time_unavailable;historical_state_unverified;incomplete_trade_provenance;no_recorded_x_signal;nonnative_quote_labeled_bnb;threshold_met_at_first_stored_buy;unsupported_by_current_native_executor;usdt_fdv_proxy_below_50000_quote_units
110,0x67fda087efabc7882a5a6eae8b616921269f4444,牛来,0x55d398326f99059ff775485246999027b3197955,USDT,18,18,122089910,later_snapshot_for_denomination_audit_only,False,False,1787038726.0,1787038729.0,7604201.903360799,10357.549209802633,,prior_trade_average_not_size_specific_quote,,,False,False,unknown,,10,5,3.055073787612929,205,0,execution_unverified;graduation_event_time_unavailable;historical_state_unverified;incomplete_trade_provenance;no_recorded_x_signal;nonnative_quote_labeled_bnb;threshold_met_at_first_stored_buy;unsupported_by_current_native_executor;usdt_fdv_proxy_below_50000_quote_units
27,0x6809d6c68b77fc3f5ca587906b0a161698df4444,BNB HOMER,0x55d398326f99059ff775485246999027b3197955,USDT,18,18,122089910,later_snapshot_for_denomination_audit_only,False,False,1787817750.0,1787817753.0,24085959.37966987,32807.06018996945,,prior_trade_average_not_size_specific_quote,,,False,False,unknown,,31,0,0.0,427,0,execution_unverified;graduation_event_time_unavailable;historical_state_unverified;incomplete_trade_provenance;no_recorded_x_signal;nonnative_quote_labeled_bnb;threshold_met_at_first_stored_buy;unsupported_by_current_native_executor;usdt_fdv_proxy_below_50000_quote_units
135,0x68e02cbc06b0ae4edc2658ce59155ff28704ffff,果咕噜,0x46ceefda28dd7207059ed19b0acdc026955bb15c,GMEB,18,18,122089910,later_snapshot_for_denomination_audit_only,False,False,1787814844.0,1787814847.0,334881.15383139113,456.1357094833501,,prior_trade_average_not_size_specific_quote,,,False,False,unknown,,34,,,135,0,execution_unverified;graduation_event_time_unavailable;historical_state_unverified;incomplete_trade_provenance;no_recorded_x_signal;nonnative_quote_labeled_bnb;threshold_met_at_first_stored_buy;unsupported_by_current_native_executor
468,0x68f81b6d0cea190ee986875da5d118bd21614444,川普硬币,0x55d398326f99059ff775485246999027b3197955,USDT,18,18,122089910,later_snapshot_for_denomination_audit_only,False,False,1788429844.0,1788429847.0,26864094.56626138,36591.10909770405,,prior_trade_average_not_size_specific_quote,,,False,False,unknown,,113,110,1.0210497755597427,654,0,at_least_90pct_buys_below_one_usdt;execution_unverified;graduation_event_time_unavailable;historical_state_unverified;incomplete_trade_provenance;no_recorded_x_signal;nonnative_quote_labeled_bnb;threshold_met_at_first_stored_buy;unsupported_by_current_native_executor;usdt_fdv_proxy_below_50000_quote_units
443,0x6951c721940fcf3f432d788f4b194401cfbf4444,BNB CAT,0x55d398326f99059ff775485246999027b3197955,USDT,18,18,122089910,later_snapshot_for_denomination_audit_only,False,False,1787800613.0,1787800616.0,26087643.517650295,35533.51882758802,,prior_trade_average_not_size_specific_quote,,,False,False,unknown,,8,2,1.071438184510349,646,0,execution_unverified;graduation_event_time_unavailable;historical_state_unverified;incomplete_trade_provenance;no_recorded_x_signal;nonnative_quote_labeled_bnb;threshold_met_at_first_stored_buy;unsupported_by_current_native_executor;usdt_fdv_proxy_below_50000_quote_units
331,0x697d11a967c0de25e4e1484bcc3ac79441684444,MARSCZ,0x55d398326f99059ff775485246999027b3197955,USDT,18,18,122089910,later_snapshot_for_denomination_audit_only,False,False,1788716968.0,1788716971.0,26921922.882017855,36669.876026012855,,prior_trade_average_not_size_specific_quote,,,False,False,unknown,,114,109,0.23434765505371521,463,0,at_least_90pct_buys_below_one_usdt;execution_unverified;graduation_event_time_unavailable;historical_state_unverified;incomplete_trade_provenance;no_recorded_x_signal;nonnative_quote_labeled_bnb;threshold_met_at_first_stored_buy;unsupported_by_current_native_executor;usdt_fdv_proxy_below_50000_quote_units
584,0x69cc8ddb0c2fbc9bd3d54d94ef4de726362f4444,牛来,0x55d398326f99059ff775485246999027b3197955,USDT,18,18,122089910,later_snapshot_for_denomination_audit_only,False,False,1786968216.0,1786968219.0,8851764.957641672,12056.832828420766,,prior_trade_average_not_size_specific_quote,,,False,False,unknown,,6,2,1.439825760946162,679,0,execution_unverified;graduation_event_time_unavailable;historical_state_unverified;incomplete_trade_provenance;no_recorded_x_signal;nonnative_quote_labeled_bnb;threshold_met_at_first_stored_buy;unsupported_by_current_native_executor;usdt_fdv_proxy_below_50000_quote_units
602,0x6a1af8a0625efd268adf147a914033a32322ffff,BENNY,0x0000000000000000000000000000000000000000,BNB,18,18,122089910,later_snapshot_for_denomination_audit_only,False,True,1788473113.0,1788473116.0,63684.671870755315,86.74376761615883,,prior_trade_average_not_size_specific_quote,1788473083,True,False,False,unknown,,6,,,13,0,curve_venue_ended_before_assumed_entry;execution_unverified;historical_state_unverified;incomplete_trade_provenance;no_recorded_x_signal;requires_dex_state_for_1h_outcome
57,0x6a4699dc06735c3c42f5e355f16f1a5383c04444,BINANCE HAT,0x55d398326f99059ff775485246999027b3197955,USDT,18,18,122089910,later_snapshot_for_denomination_audit_only,False,False,1787199637.0,1787199640.0,20489051.49471343,27907.77543990279,,prior_trade_average_not_size_specific_quote,,,False,False,unknown,,34,0,0.0,190,0,execution_unverified;graduation_event_time_unavailable;historical_state_unverified;incomplete_trade_provenance;no_recorded_x_signal;nonnative_quote_labeled_bnb;threshold_met_at_first_stored_buy;unsupported_by_current_native_executor;usdt_fdv_proxy_below_50000_quote_units
559,0x6a7b21263182daa2f96c14a8fae70b0e83964444,BNB DOGE,0x55d398326f99059ff775485246999027b3197955,USDT,18,18,122089910,later_snapshot_for_denomination_audit_only,False,False,1788249560.0,1788249563.0,15868323.06097271,21613.96278923507,,prior_trade_average_not_size_specific_quote,,,False,False,unknown,,8,1,0.6564910898496755,775,0,execution_unverified;graduation_event_time_unavailable;historical_state_unverified;incomplete_trade_provenance;no_recorded_x_signal;nonnative_quote_labeled_bnb;threshold_met_at_first_stored_buy;unsupported_by_current_native_executor;usdt_fdv_proxy_below_50000_quote_units
143,0x6a897b8ff69e76dcc7d769abb6aa100ea040ffff,$1,0xf2ec508422174ee564de98187db9359d318afb6b,DJTB,18,18,122089910,later_snapshot_for_denomination_audit_only,False,False,1788523663.0,1788523666.0,482024.3175820159,656.5568159717992,,prior_trade_average_not_size_specific_quote,,,False,False,unknown,,22,,,78,0,execution_unverified;graduation_event_time_unavailable;historical_state_unverified;incomplete_trade_provenance;no_recorded_x_signal;nonnative_quote_labeled_bnb;threshold_met_at_first_stored_buy;unsupported_by_current_native_executor
480,0x6b28d7ffb4f3cf52e5079c8696f1ccfa65f74444,牛神币,0x55d398326f99059ff775485246999027b3197955,USDT,18,18,122089910,later_snapshot_for_denomination_audit_only,False,False,1788171841.0,1788171844.0,24082735.51826356,32802.66902524423,,prior_trade_average_not_size_specific_quote,,,False,False,unknown,,155,124,1.5377376073393842,1001,0,execution_unverified;graduation_event_time_unavailable;historical_state_unverified;incomplete_trade_provenance;no_recorded_x_signal;nonnative_quote_labeled_bnb;threshold_met_at_first_stored_buy;unsupported_by_current_native_executor;usdt_fdv_proxy_below_50000_quote_units
528,0x6b61e5410446d1add4eed0bc709bb9f882914444,牛来人生,0x55d398326f99059ff775485246999027b3197955,USDT,18,18,122089910,later_snapshot_for_denomination_audit_only,False,False,1788517327.0,1788517330.0,22621597.837430626,30812.47917707156,,prior_trade_average_not_size_specific_quote,,,True,False,unknown,,30,0,0.0,983,0,execution_unverified;graduation_event_time_unavailable;historical_state_unverified;incomplete_trade_provenance;no_recorded_x_signal;nonnative_quote_labeled_bnb;threshold_met_at_first_stored_buy;unsupported_by_current_native_executor;usdt_fdv_proxy_below_50000_quote_units
437,0x6b7cb035a41fbacb3874529309f7e2d0474a4444,BROCCOLI BNB,0x55d398326f99059ff775485246999027b3197955,USDT,18,18,122089910,later_snapshot_for_denomination_audit_only,False,False,1787668359.0,1787668362.0,24076232.093389273,32793.81082499866,,prior_trade_average_not_size_specific_quote,,,False,False,unknown,,31,1,0.6845761326147967,1158,0,execution_unverified;graduation_event_time_unavailable;historical_state_unverified;incomplete_trade_provenance;no_recorded_x_signal;nonnative_quote_labeled_bnb;threshold_met_at_first_stored_buy;unsupported_by_current_native_executor;usdt_fdv_proxy_below_50000_quote_units
457,0x6c22b6f4d3280dbaa29da4c597ddb46a8b504444,我的女友景甜,0x55d398326f99059ff775485246999027b3197955,USDT,18,18,122089910,later_snapshot_for_denomination_audit_only,False,False,1787987726.0,1787987729.0,24074872.396238413,32791.9588055061,,prior_trade_average_not_size_specific_quote,,,False,False,unknown,,200,170,0.002569267254905534,753,0,execution_unverified;graduation_event_time_unavailable;historical_state_unverified;incomplete_trade_provenance;no_recorded_x_signal;nonnative_quote_labeled_bnb;threshold_met_at_first_stored_buy;unsupported_by_current_native_executor;usdt_fdv_proxy_below_50000_quote_units
427,0x6cc53046b723c5625495746db096d711f01b4444,牛来人生,0x55d398326f99059ff775485246999027b3197955,USDT,18,18,122089910,later_snapshot_for_denomination_audit_only,False,False,1788254126.0,1788254129.0,24118366.474591024,32851.20132202491,,prior_trade_average_not_size_specific_quote,,,False,False,unknown,,258,227,1.0133237945207312,672,0,execution_unverified;graduation_event_time_unavailable;historical_state_unverified;incomplete_trade_provenance;no_recorded_x_signal;nonnative_quote_labeled_bnb;threshold_met_at_first_stored_buy;unsupported_by_current_native_executor;usdt_fdv_proxy_below_50000_quote_units
144,0x6d2b88a3d5fcdaff9148086d0111ffe841a2ffff,FLNC,0x4af1d41cd9dd950dca43984b43aaa2a8702714ac,FLNCB,18,18,122089910,later_snapshot_for_denomination_audit_only,False,False,1788852204.0,1788852207.0,446815.2944132389,608.5992269000897,,prior_trade_average_not_size_specific_quote,,,False,False,unknown,,15,,,37,0,execution_unverified;graduation_event_time_unavailable;historical_state_unverified;incomplete_trade_provenance;no_recorded_x_signal;nonnative_quote_labeled_bnb;threshold_met_at_first_stored_buy;unsupported_by_current_native_executor
570,0x6d7127b8aa05aca0c4f184910cfad89b42cf4444,AFOB,0x55d398326f99059ff775485246999027b3197955,USDT,18,18,122089910,later_snapshot_for_denomination_audit_only,False,False,1787059919.0,1787059922.0,16465870.398436889,22427.87147178023,,prior_trade_average_not_size_specific_quote,,,False,False,unknown,,5,1,0.4798221340104614,524,0,execution_unverified;graduation_event_time_unavailable;historical_state_unverified;incomplete_trade_provenance;no_recorded_x_signal;nonnative_quote_labeled_bnb;threshold_met_at_first_stored_buy;unsupported_by_current_native_executor;usdt_fdv_proxy_below_50000_quote_units
515,0x6e0af9ac1392700f24c2cff838a319b756f8ffff,SAFEMOON,0xbe9d156892e55e7154bcd3cb0fea677f9d3103e1,SPCXB,18,18,122089910,later_snapshot_for_denomination_audit_only,False,False,1786885914.0,1786885917.0,269305.2825272266,366.81597249577976,,prior_trade_average_not_size_specific_quote,1786885944,False,False,False,unknown,,203,,,488,0,execution_unverified;historical_state_unverified;incomplete_trade_provenance;no_recorded_x_signal;nonnative_quote_labeled_bnb;requires_dex_state_for_1h_outcome;unsupported_by_current_native_executor
373,0x6e11c4f103d9836d198942f3b246261c3a154444,牛来人生,0x55d398326f99059ff775485246999027b3197955,USDT,18,18,122089910,later_snapshot_for_denomination_audit_only,False,False,1788486271.0,1788486274.0,24103368.566301696,32830.77293583461,,prior_trade_average_not_size_specific_quote,,,False,False,unknown,,278,247,0.000372938984059458,953,0,execution_unverified;graduation_event_time_unavailable;historical_state_unverified;incomplete_trade_provenance;no_recorded_x_signal;nonnative_quote_labeled_bnb;threshold_met_at_first_stored_buy;unsupported_by_current_native_executor;usdt_fdv_proxy_below_50000_quote_units
211,0x6e1acbedbec7a7888ec44cd7702dfaa8d75affff,BBW,0x46ceefda28dd7207059ed19b0acdc026955bb15c,GMEB,18,18,122089910,later_snapshot_for_denomination_audit_only,False,False,1786968722.0,1786968725.0,202929.67601911296,276.40693030103785,,prior_trade_average_not_size_specific_quote,,,False,False,unknown,,5,,,10,0,execution_unverified;graduation_event_time_unavailable;historical_state_unverified;incomplete_trade_provenance;no_recorded_x_signal;nonnative_quote_labeled_bnb;threshold_met_at_first_stored_buy;unsupported_by_current_native_executor
79,0x6e28258f9420bf78c5f47641df6cc2f5a62bffff,BNBCAT,0x55d398326f99059ff775485246999027b3197955,USDT,18,18,122089910,later_snapshot_for_denomination_audit_only,False,False,1787584192.0,1787584195.0,15753438.90384794,21457.481106348587,,prior_trade_average_not_size_specific_quote,,,False,False,unknown,,12,0,0.0,1172,0,execution_unverified;graduation_event_time_unavailable;historical_state_unverified;incomplete_trade_provenance;no_recorded_x_signal;nonnative_quote_labeled_bnb;threshold_met_at_first_stored_buy;unsupported_by_current_native_executor;usdt_fdv_proxy_below_50000_quote_units
164,0x6e6c150c2c52795d2157c772c9cecb9a53a9ffff,FOURCAT,0x46ceefda28dd7207059ed19b0acdc026955bb15c,GMEB,18,18,122089910,later_snapshot_for_denomination_audit_only,False,False,1787728953.0,1787728956.0,241658.6297925089,329.1589547278,,prior_trade_average_not_size_specific_quote,,,False,False,unknown,,7,,,26,0,execution_unverified;graduation_event_time_unavailable;historical_state_unverified;incomplete_trade_provenance;no_recorded_x_signal;nonnative_quote_labeled_bnb;threshold_met_at_first_stored_buy;unsupported_by_current_native_executor
75,0x6f3dbb19e4c2b5584cec20ae0509f89922b7ffff,BNStonk,0xa394dcea3fd3847fd793afbfd163e2e3858b7c65,HOODB,18,18,122089910,later_snapshot_for_denomination_audit_only,False,False,1788771426.0,1788771429.0,116525.9762219671,158.7179757031302,,prior_trade_average_not_size_specific_quote,,,False,False,unknown,,71,,,391,0,execution_unverified;graduation_event_time_unavailable;historical_state_unverified;incomplete_trade_provenance;no_recorded_x_signal;nonnative_quote_labeled_bnb;unsupported_by_current_native_executor
119,0x6f51df69112f681519acf61a005b9002dd46ffff,角度,0xbe9d156892e55e7154bcd3cb0fea677f9d3103e1,SPCXB,18,18,122089910,later_snapshot_for_denomination_audit_only,False,False,1788618213.0,1788618216.0,56324.88822841872,76.71913620608132,,prior_trade_average_not_size_specific_quote,,,False,False,unknown,,41,,,549,0,execution_unverified;graduation_event_time_unavailable;historical_state_unverified;incomplete_trade_provenance;no_recorded_x_signal;nonnative_quote_labeled_bnb;unsupported_by_current_native_executor
568,0x6f7178ceee4766a54d154677ebf8d59b60e54444,景甜宇宙,0x55d398326f99059ff775485246999027b3197955,USDT,18,18,122089910,later_snapshot_for_denomination_audit_only,False,False,1787894282.0,1787894285.0,14840871.578629227,20214.489258113554,,prior_trade_average_not_size_specific_quote,,,False,False,unknown,,7,2,0.9498728161858215,585,0,execution_unverified;graduation_event_time_unavailable;historical_state_unverified;incomplete_trade_provenance;no_recorded_x_signal;nonnative_quote_labeled_bnb;threshold_met_at_first_stored_buy;unsupported_by_current_native_executor;usdt_fdv_proxy_below_50000_quote_units
300,0x71333868881b5eaf1938d8ff933686a76bc64444,IPHONE DUO,0x55d398326f99059ff775485246999027b3197955,USDT,18,18,122089910,later_snapshot_for_denomination_audit_only,False,False,1789087344.0,1789087347.0,28631467.355432633,38998.41638235372,,prior_trade_average_not_size_specific_quote,,,False,False,unknown,,60,59,0.07042391165078601,672,0,at_least_90pct_buys_below_one_usdt;execution_unverified;graduation_event_time_unavailable;historical_state_unverified;incomplete_trade_provenance;no_recorded_x_signal;nonnative_quote_labeled_bnb;threshold_met_at_first_stored_buy;unsupported_by_current_native_executor;usdt_fdv_proxy_below_50000_quote_units
510,0x7134416bc516215f4e66973d825aa9e7990d4444,牛来,0x55d398326f99059ff775485246999027b3197955,USDT,18,18,122089910,later_snapshot_for_denomination_audit_only,False,False,1786875667.0,1786875670.0,27750251.91248334,37798.12837964414,,prior_trade_average_not_size_specific_quote,,,False,False,unknown,,14,2,1.121972026969658,586,0,execution_unverified;graduation_event_time_unavailable;historical_state_unverified;incomplete_trade_provenance;no_recorded_x_signal;nonnative_quote_labeled_bnb;threshold_met_at_first_stored_buy;unsupported_by_current_native_executor;usdt_fdv_proxy_below_50000_quote_units
209,0x71b1142f350f4ca457c56d57a20c3ff9b80bffff,BINANCEMAN,0x46ceefda28dd7207059ed19b0acdc026955bb15c,GMEB,18,18,122089910,later_snapshot_for_denomination_audit_only,False,False,1787406142.0,1787406145.0,197884.70747819287,269.5352676875831,,prior_trade_average_not_size_specific_quote,,,False,False,unknown,,7,,,17,0,execution_unverified;graduation_event_time_unavailable;historical_state_unverified;incomplete_trade_provenance;no_recorded_x_signal;nonnative_quote_labeled_bnb;threshold_met_at_first_stored_buy;unsupported_by_current_native_executor
108,0x71f5f9fe3b5764a22fb6ea7ad14c09ee36f2ffff,utility,0x4af1d41cd9dd950dca43984b43aaa2a8702714ac,FLNCB,18,18,122089910,later_snapshot_for_denomination_audit_only,False,False,1789180256.0,1789180259.0,667365.8408157938,909.007233768465,,prior_trade_average_not_size_specific_quote,,,False,False,unknown,,23,,,56,0,execution_unverified;graduation_event_time_unavailable;historical_state_unverified;incomplete_trade_provenance;no_recorded_x_signal;nonnative_quote_labeled_bnb;threshold_met_at_first_stored_buy;unsupported_by_current_native_executor
55,0x72b253c692229e014a14e22d3d05dc93f6854444,景甜币,0x55d398326f99059ff775485246999027b3197955,USDT,18,18,122089910,later_snapshot_for_denomination_audit_only,False,False,1787847063.0,1787847066.0,22634442.739625346,30829.97499165772,,prior_trade_average_not_size_specific_quote,,,False,False,unknown,,9,1,0.5677394489668581,400,0,execution_unverified;graduation_event_time_unavailable;historical_state_unverified;incomplete_trade_provenance;no_recorded_x_signal;nonnative_quote_labeled_bnb;threshold_met_at_first_stored_buy;unsupported_by_current_native_executor;usdt_fdv_proxy_below_50000_quote_units
339,0x735c34b3f92ab0376cfae0b7939f53f9c14e4444,牛来币安,0x55d398326f99059ff775485246999027b3197955,USDT,18,18,122089910,later_snapshot_for_denomination_audit_only,False,False,1788619399.0,1788619402.0,27053304.019057103,36848.82795409388,,prior_trade_average_not_size_specific_quote,,,False,False,unknown,,139,135,0.34715268338698596,459,0,at_least_90pct_buys_below_one_usdt;execution_unverified;graduation_event_time_unavailable;historical_state_unverified;incomplete_trade_provenance;no_recorded_x_signal;nonnative_quote_labeled_bnb;threshold_met_at_first_stored_buy;unsupported_by_current_native_executor;usdt_fdv_proxy_below_50000_quote_units
526,0x7378b0d334981d54814637c4abd2b9e496aa4444,BINANCE MARGE🔶,0x55d398326f99059ff775485246999027b3197955,USDT,18,18,122089910,later_snapshot_for_denomination_audit_only,False,False,1789052624.0,1789052627.0,26096986.972922534,35546.24538311636,,prior_trade_average_not_size_specific_quote,,,False,False,unknown,,31,1,1.55192490198e-07,706,0,execution_unverified;graduation_event_time_unavailable;historical_state_unverified;incomplete_trade_provenance;no_recorded_x_signal;nonnative_quote_labeled_bnb;threshold_met_at_first_stored_buy;unsupported_by_current_native_executor;usdt_fdv_proxy_below_50000_quote_units
131,0x739ab04b6d968427c973ebee875dd7f5c9d1ffff,bSC,0x46ceefda28dd7207059ed19b0acdc026955bb15c,GMEB,18,18,122089910,later_snapshot_for_denomination_audit_only,False,False,1787024159.0,1787024162.0,346445.037888598,471.8866718724519,,prior_trade_average_not_size_specific_quote,,,False,False,unknown,,37,,,257,0,execution_unverified;graduation_event_time_unavailable;historical_state_unverified;incomplete_trade_provenance;no_recorded_x_signal;nonnative_quote_labeled_bnb;threshold_met_at_first_stored_buy;unsupported_by_current_native_executor
230,0x73a431d6f5ac3778f5f24b6d4813b6b96a8affff,⭕,0x46ceefda28dd7207059ed19b0acdc026955bb15c,GMEB,18,18,122089910,later_snapshot_for_denomination_audit_only,False,False,1786973767.0,1786973770.0,222553.39885357136,303.13605684456104,,prior_trade_average_not_size_specific_quote,,,False,False,unknown,,9,,,30,0,execution_unverified;graduation_event_time_unavailable;historical_state_unverified;incomplete_trade_provenance;no_recorded_x_signal;nonnative_quote_labeled_bnb;threshold_met_at_first_stored_buy;unsupported_by_current_native_executor
575,0x742b5218047281732d91535d8938908c241b4444,Z 来,0x55d398326f99059ff775485246999027b3197955,USDT,18,18,122089910,later_snapshot_for_denomination_audit_only,False,False,1787135255.0,1787135258.0,15157342.949221488,20645.54932675196,,prior_trade_average_not_size_specific_quote,,,False,False,unknown,,6,1,0.4818598928945287,647,0,execution_unverified;graduation_event_time_unavailable;historical_state_unverified;incomplete_trade_provenance;no_recorded_x_signal;nonnative_quote_labeled_bnb;threshold_met_at_first_stored_buy;unsupported_by_current_native_executor;usdt_fdv_proxy_below_50000_quote_units
438,0x74461f65781e20881c66f515431edfe975f74444,牛来人生,0x55d398326f99059ff775485246999027b3197955,USDT,18,18,122089910,later_snapshot_for_denomination_audit_only,False,False,1788707536.0,1788707539.0,26109126.95478767,35562.78103816238,,prior_trade_average_not_size_specific_quote,,,False,False,unknown,,31,0,0.0,794,0,execution_unverified;graduation_event_time_unavailable;historical_state_unverified;incomplete_trade_provenance;no_recorded_x_signal;nonnative_quote_labeled_bnb;threshold_met_at_first_stored_buy;unsupported_by_current_native_executor;usdt_fdv_proxy_below_50000_quote_units
113,0x74846718cf7913772182d160686f6c0547d5ffff,FAT,0x02fca66c1d1afb4e2a7884261eb00f63598a7436,NVDAB,18,18,122089910,later_snapshot_for_denomination_audit_only,False,False,1788856662.0,1788856665.0,53613.55867336126,73.02608207003999,,prior_trade_average_not_size_specific_quote,,,False,False,unknown,,22,,,418,0,execution_unverified;graduation_event_time_unavailable;historical_state_unverified;incomplete_trade_provenance;no_recorded_x_signal;nonnative_quote_labeled_bnb;unsupported_by_current_native_executor
185,0x74a716b834432cab931c0eed7d1f06b7468bffff,大葱哥,0x46ceefda28dd7207059ed19b0acdc026955bb15c,GMEB,18,18,122089910,later_snapshot_for_denomination_audit_only,False,False,1787384554.0,1787384557.0,242643.69517107075,330.5006948950118,,prior_trade_average_not_size_specific_quote,,,False,False,unknown,,12,,,112,0,execution_unverified;graduation_event_time_unavailable;historical_state_unverified;incomplete_trade_provenance;no_recorded_x_signal;nonnative_quote_labeled_bnb;threshold_met_at_first_stored_buy;unsupported_by_current_native_executor
336,0x74d7b4dfd72b40a1649371e330f262e9ee834444,BFLYBRAIN,0x55d398326f99059ff775485246999027b3197955,USDT,18,18,122089910,later_snapshot_for_denomination_audit_only,False,False,1789263490.0,1789263493.0,24217779.475987222,32986.61001673621,,prior_trade_average_not_size_specific_quote,,,False,False,unknown,,31,0,0.0,1275,0,execution_unverified;graduation_event_time_unavailable;historical_state_unverified;incomplete_trade_provenance;no_recorded_x_signal;nonnative_quote_labeled_bnb;threshold_met_at_first_stored_buy;unsupported_by_current_native_executor;usdt_fdv_proxy_below_50000_quote_units
90,0x759a32bc5c273759bcadde29876c53bc3a8e4444,It's Time,0x55d398326f99059ff775485246999027b3197955,USDT,18,18,122089910,later_snapshot_for_denomination_audit_only,False,False,1787391794.0,1787391797.0,12945474.278062021,17632.80204593217,,prior_trade_average_not_size_specific_quote,,,False,False,unknown,,8,2,1.3978348851863316,51,0,execution_unverified;graduation_event_time_unavailable;historical_state_unverified;incomplete_trade_provenance;no_recorded_x_signal;nonnative_quote_labeled_bnb;threshold_met_at_first_stored_buy;unsupported_by_current_native_executor;usdt_fdv_proxy_below_50000_quote_units
418,0x75d78c030c57d07bc139214cad43ec9582114444,牛神,0x55d398326f99059ff775485246999027b3197955,USDT,18,18,122089910,later_snapshot_for_denomination_audit_only,False,False,1788792313.0,1788792316.0,24147729.689992942,32891.19643950712,,prior_trade_average_not_size_specific_quote,,,False,False,unknown,,277,246,0.003724784287881033,708,0,execution_unverified;graduation_event_time_unavailable;historical_state_unverified;incomplete_trade_provenance;no_recorded_x_signal;nonnative_quote_labeled_bnb;threshold_met_at_first_stored_buy;unsupported_by_current_native_executor;usdt_fdv_proxy_below_50000_quote_units
66,0x75d7d2a467059e0cc22eba8c5bfa7af39df64444,CZ牛来,0x55d398326f99059ff775485246999027b3197955,USDT,18,18,122089910,later_snapshot_for_denomination_audit_only,False,False,1787050385.0,1787050388.0,16860907.503047023,22965.944540156946,,prior_trade_average_not_size_specific_quote,,,False,False,unknown,,34,0,0.0,76,0,execution_unverified;graduation_event_time_unavailable;historical_state_unverified;incomplete_trade_provenance;no_recorded_x_signal;nonnative_quote_labeled_bnb;threshold_met_at_first_stored_buy;unsupported_by_current_native_executor;usdt_fdv_proxy_below_50000_quote_units
50,0x76728c264d276c7eb9ffd212ad8952a911684444,火星人生,0x55d398326f99059ff775485246999027b3197955,USDT,18,18,122089910,later_snapshot_for_denomination_audit_only,False,False,1788272829.0,1788272832.0,22790863.697669707,31043.03321801451,,prior_trade_average_not_size_specific_quote,,,False,False,unknown,,53,50,0.06740051638137617,330,0,at_least_90pct_buys_below_one_usdt;execution_unverified;graduation_event_time_unavailable;historical_state_unverified;incomplete_trade_provenance;no_recorded_x_signal;nonnative_quote_labeled_bnb;threshold_met_at_first_stored_buy;unsupported_by_current_native_executor;usdt_fdv_proxy_below_50000_quote_units
572,0x7684f7786585cf725929dc64c991e8cbdab44444,牛来,0x55d398326f99059ff775485246999027b3197955,USDT,18,18,122089910,later_snapshot_for_denomination_audit_only,False,False,1787039584.0,1787039587.0,16040675.526565103,21848.7210408558,,prior_trade_average_not_size_specific_quote,,,False,False,unknown,,6,2,1.346591426550987,681,0,execution_unverified;graduation_event_time_unavailable;historical_state_unverified;incomplete_trade_provenance;no_recorded_x_signal;nonnative_quote_labeled_bnb;threshold_met_at_first_stored_buy;unsupported_by_current_native_executor;usdt_fdv_proxy_below_50000_quote_units
10,0x76c6f456edf0737ae4ffea1781e86e5e895e4444,景甜币,0x55d398326f99059ff775485246999027b3197955,USDT,18,18,122089910,later_snapshot_for_denomination_audit_only,False,False,1787878770.0,1787878773.0,26204873.636948295,35693.19590414794,,prior_trade_average_not_size_specific_quote,,,False,False,unknown,,111,103,1.249094827977478,587,0,at_least_90pct_buys_below_one_usdt;execution_unverified;graduation_event_time_unavailable;historical_state_unverified;incomplete_trade_provenance;no_recorded_x_signal;nonnative_quote_labeled_bnb;threshold_met_at_first_stored_buy;unsupported_by_current_native_executor;usdt_fdv_proxy_below_50000_quote_units
499,0x76e2624aec8e2d4b0730e67f9032a5ca33834444,牛来人生,0x55d398326f99059ff775485246999027b3197955,USDT,18,18,122089910,later_snapshot_for_denomination_audit_only,False,False,1788314917.0,1788314920.0,24098536.061543982,32824.1906663906,,prior_trade_average_not_size_specific_quote,,,False,False,unknown,,286,254,0.33521094211906516,901,0,execution_unverified;graduation_event_time_unavailable;historical_state_unverified;incomplete_trade_provenance;no_recorded_x_signal;nonnative_quote_labeled_bnb;threshold_met_at_first_stored_buy;unsupported_by_current_native_executor;usdt_fdv_proxy_below_50000_quote_units
21,0x7730d9e06ca44fa08b5951f421f4a9ed1f024444,我的女友景甜,0x55d398326f99059ff775485246999027b3197955,USDT,18,18,122089910,later_snapshot_for_denomination_audit_only,False,False,1787845889.0,1787845892.0,24379598.51586679,33207.02087509267,,prior_trade_average_not_size_specific_quote,,,False,False,unknown,,82,50,0.34879693132127026,406,0,execution_unverified;graduation_event_time_unavailable;historical_state_unverified;incomplete_trade_provenance;no_recorded_x_signal;nonnative_quote_labeled_bnb;threshold_met_at_first_stored_buy;unsupported_by_current_native_executor;usdt_fdv_proxy_below_50000_quote_units
284,0x77dcb3735cfecc920f28752c30645e2026d4ffff,trustmebro,0x46ceefda28dd7207059ed19b0acdc026955bb15c,GMEB,18,18,122089910,later_snapshot_for_denomination_audit_only,False,False,1786709168.0,1786709171.0,176021.24871254762,239.7554363601722,,prior_trade_average_not_size_specific_quote,,,False,False,unknown,,7,,,207,0,execution_unverified;graduation_event_time_unavailable;historical_state_unverified;incomplete_trade_provenance;no_recorded_x_signal;nonnative_quote_labeled_bnb;threshold_met_at_first_stored_buy;unsupported_by_current_native_executor
548,0x7986f0ce1de81e7f31a742b290eea2910a1b4444,BINANCE 牛来,0x55d398326f99059ff775485246999027b3197955,USDT,18,18,122089910,later_snapshot_for_denomination_audit_only,False,False,1787626925.0,1787626928.0,22621597.837430626,30812.47917707156,,prior_trade_average_not_size_specific_quote,,,False,False,unknown,,30,0,0.0,923,0,execution_unverified;graduation_event_time_unavailable;historical_state_unverified;incomplete_trade_provenance;no_recorded_x_signal;nonnative_quote_labeled_bnb;threshold_met_at_first_stored_buy;unsupported_by_current_native_executor;usdt_fdv_proxy_below_50000_quote_units
303,0x7a8c3166f17f646cb7626df4461c447854bf4444,StarlinkCoin,0x55d398326f99059ff775485246999027b3197955,USDT,18,18,122089910,later_snapshot_for_denomination_audit_only,False,False,1789216135.0,1789216138.0,26829636.911636356,36544.17493446526,,prior_trade_average_not_size_specific_quote,1789250180,False,False,False,unknown,,230,227,0.34766129525614553,435,0,at_least_90pct_buys_below_one_usdt;execution_unverified;historical_state_unverified;incomplete_trade_provenance;no_recorded_x_signal;nonnative_quote_labeled_bnb;threshold_met_at_first_stored_buy;unsupported_by_current_native_executor;usdt_fdv_proxy_below_50000_quote_units
71,0x7ab6cafbe88b7d45efb4f4e4a4d6b4d9c78c4444,MarsCoin,0x55d398326f99059ff775485246999027b3197955,USDT,18,18,122089910,later_snapshot_for_denomination_audit_only,False,False,1786882066.0,1786882069.0,16489823.226091787,22460.49719559746,,prior_trade_average_not_size_specific_quote,,,False,False,unknown,,15,2,0.9703165309165749,52,0,execution_unverified;graduation_event_time_unavailable;historical_state_unverified;incomplete_trade_provenance;no_recorded_x_signal;nonnative_quote_labeled_bnb;threshold_met_at_first_stored_buy;unsupported_by_current_native_executor;usdt_fdv_proxy_below_50000_quote_units
282,0x7ac7ccdc30bc61403edc2c35fa7ce09fc932ffff,大头鸭,0x46ceefda28dd7207059ed19b0acdc026955bb15c,GMEB,18,18,122089910,later_snapshot_for_denomination_audit_only,False,False,1786884279.0,1786884282.0,158583.60238650118,216.00392604778344,,prior_trade_average_not_size_specific_quote,,,False,False,unknown,,6,,,15,0,execution_unverified;graduation_event_time_unavailable;historical_state_unverified;incomplete_trade_provenance;no_recorded_x_signal;nonnative_quote_labeled_bnb;threshold_met_at_first_stored_buy;unsupported_by_current_native_executor
431,0x7aca8ca2261a48dffa9c79e233968a03cd394444,牛来人生,0x55d398326f99059ff775485246999027b3197955,USDT,18,18,122089910,later_snapshot_for_denomination_audit_only,False,False,1788502467.0,1788502470.0,24085921.620629754,32807.0087590473,,prior_trade_average_not_size_specific_quote,,,False,False,unknown,,285,254,0.9905737961822499,722,0,execution_unverified;graduation_event_time_unavailable;historical_state_unverified;incomplete_trade_provenance;no_recorded_x_signal;nonnative_quote_labeled_bnb;threshold_met_at_first_stored_buy;unsupported_by_current_native_executor;usdt_fdv_proxy_below_50000_quote_units
346,0x7b0bd076f176c0463b24d99d56f10aef35944444,MERCURY COIN,0x55d398326f99059ff775485246999027b3197955,USDT,18,18,122089910,later_snapshot_for_denomination_audit_only,False,False,1789029125.0,1789029128.0,26099044.77668056,35549.04828129801,,prior_trade_average_not_size_specific_quote,,,False,False,unknown,,31,1,0.9876573636052243,885,0,execution_unverified;graduation_event_time_unavailable;historical_state_unverified;incomplete_trade_provenance;no_recorded_x_signal;nonnative_quote_labeled_bnb;threshold_met_at_first_stored_buy;unsupported_by_current_native_executor;usdt_fdv_proxy_below_50000_quote_units
116,0x7b37e73313f63404cbac6f373a2e5d58fbfb4444,牛叉,0x8d0d000ee44948fc98c9b98a4fa4921476f08b0d,USD1,18,18,122089910,later_snapshot_for_denomination_audit_only,False,False,1788247080.0,1788247083.0,7239226.253213764,9860.422318010495,,prior_trade_average_not_size_specific_quote,,,False,False,unknown,,18,,,59,0,execution_unverified;graduation_event_time_unavailable;historical_state_unverified;incomplete_trade_provenance;no_recorded_x_signal;nonnative_quote_labeled_bnb;threshold_met_at_first_stored_buy;unsupported_by_current_native_executor
513,0x7d00ea5f68098c93e610e03c9242d10ebe704444,牛神,0x55d398326f99059ff775485246999027b3197955,USDT,18,18,122089910,later_snapshot_for_denomination_audit_only,False,False,1788836966.0,1788836969.0,13656032.350442545,18600.64065603681,,prior_trade_average_not_size_specific_quote,,,True,False,unknown,,31,0,0.0,919,0,execution_unverified;graduation_event_time_unavailable;historical_state_unverified;incomplete_trade_provenance;no_recorded_x_signal;nonnative_quote_labeled_bnb;threshold_met_at_first_stored_buy;unsupported_by_current_native_executor;usdt_fdv_proxy_below_50000_quote_units
506,0x7d52116b618cf9c9663a1ec40f42b5860c114444,牛来 CZ,0x55d398326f99059ff775485246999027b3197955,USDT,18,18,122089910,later_snapshot_for_denomination_audit_only,False,False,1787654807.0,1787654810.0,24085977.422382873,32807.0847656304,,prior_trade_average_not_size_specific_quote,,,False,False,unknown,,201,170,0.002577655056123121,950,0,execution_unverified;graduation_event_time_unavailable;historical_state_unverified;incomplete_trade_provenance;no_recorded_x_signal;nonnative_quote_labeled_bnb;threshold_met_at_first_stored_buy;unsupported_by_current_native_executor;usdt_fdv_proxy_below_50000_quote_units
463,0x7d79114a9e98194a6d98970dea95cab707cf4444,BNB STONKS,0x55d398326f99059ff775485246999027b3197955,USDT,18,18,122089910,later_snapshot_for_denomination_audit_only,False,False,1788572809.0,1788572812.0,24154196.822590224,32900.00520668268,,prior_trade_average_not_size_specific_quote,,,False,False,unknown,,285,253,0.003779054466715884,907,0,execution_unverified;graduation_event_time_unavailable;historical_state_unverified;incomplete_trade_provenance;no_recorded_x_signal;nonnative_quote_labeled_bnb;threshold_met_at_first_stored_buy;unsupported_by_current_native_executor;usdt_fdv_proxy_below_50000_quote_units
414,0x7db03f566d13b0e096f4fccc70fbc005f81b4444,火星人生,0x55d398326f99059ff775485246999027b3197955,USDT,18,18,122089910,later_snapshot_for_denomination_audit_only,False,False,1788620326.0,1788620329.0,26916249.017892096,36662.14775582236,,prior_trade_average_not_size_specific_quote,,,False,False,unknown,,94,92,0.1465244821863722,421,0,at_least_90pct_buys_below_one_usdt;execution_unverified;graduation_event_time_unavailable;historical_state_unverified;incomplete_trade_provenance;no_recorded_x_signal;nonnative_quote_labeled_bnb;threshold_met_at_first_stored_buy;unsupported_by_current_native_executor;usdt_fdv_proxy_below_50000_quote_units
362,0x7e4ffafd2469ce67e5e1892184aa24c34a784444,牛来币,0x55d398326f99059ff775485246999027b3197955,USDT,18,18,122089910,later_snapshot_for_denomination_audit_only,False,False,1788609242.0,1788609245.0,26097002.740949214,35546.26686046721,,prior_trade_average_not_size_specific_quote,,,False,False,unknown,,280,250,0.003789206806358901,914,0,execution_unverified;graduation_event_time_unavailable;historical_state_unverified;incomplete_trade_provenance;no_recorded_x_signal;nonnative_quote_labeled_bnb;threshold_met_at_first_stored_buy;unsupported_by_current_native_executor;usdt_fdv_proxy_below_50000_quote_units
117,0x7f180a570766f3146e8a2227bf7aeaacca474444,时间,0x46ceefda28dd7207059ed19b0acdc026955bb15c,GMEB,18,18,122089910,later_snapshot_for_denomination_audit_only,False,False,1786874363.0,1786874366.0,430045.87178180506,585.7578922889865,,prior_trade_average_not_size_specific_quote,,,False,False,unknown,,60,,,1116,0,execution_unverified;graduation_event_time_unavailable;historical_state_unverified;incomplete_trade_provenance;no_recorded_x_signal;nonnative_quote_labeled_bnb;threshold_met_at_first_stored_buy;unsupported_by_current_native_executor
351,0x7fa1a26557874b32702bd0a24172d025daf74444,神牛币,0x55d398326f99059ff775485246999027b3197955,USDT,18,18,122089910,later_snapshot_for_denomination_audit_only,False,False,1788194426.0,1788194429.0,24110121.317147084,32839.97073858519,,prior_trade_average_not_size_specific_quote,,,False,False,unknown,,246,213,0.2345648177394875,807,0,execution_unverified;graduation_event_time_unavailable;historical_state_unverified;incomplete_trade_provenance;no_recorded_x_signal;nonnative_quote_labeled_bnb;threshold_met_at_first_stored_buy;unsupported_by_current_native_executor;usdt_fdv_proxy_below_50000_quote_units
183,0x80c64f8fdc68b23191e2560ce20f3642fea7ffff,GME,0x46ceefda28dd7207059ed19b0acdc026955bb15c,GMEB,18,18,122089910,later_snapshot_for_denomination_audit_only,False,False,1787567158.0,1787567161.0,297989.980692919,405.88689362534427,,prior_trade_average_not_size_specific_quote,,,False,False,unknown,,6,,,22,0,execution_unverified;graduation_event_time_unavailable;historical_state_unverified;incomplete_trade_provenance;no_recorded_x_signal;nonnative_quote_labeled_bnb;threshold_met_at_first_stored_buy;unsupported_by_current_native_executor
24,0x8122fa03c65bfc187151c1f383c4a8fc16c14444,我的女友景甜,0x55d398326f99059ff775485246999027b3197955,USDT,18,18,122089910,later_snapshot_for_denomination_audit_only,False,False,1787894147.0,1787894150.0,24158709.2687407,32906.15152994633,,prior_trade_average_not_size_specific_quote,,,False,False,unknown,,66,33,0.000499736558992438,503,0,execution_unverified;graduation_event_time_unavailable;historical_state_unverified;incomplete_trade_provenance;no_recorded_x_signal;nonnative_quote_labeled_bnb;threshold_met_at_first_stored_buy;unsupported_by_current_native_executor;usdt_fdv_proxy_below_50000_quote_units
89,0x822d108abedd43e486280d244d8160bfbbfe4444,分分分分,0x46ceefda28dd7207059ed19b0acdc026955bb15c,GMEB,18,18,122089910,later_snapshot_for_denomination_audit_only,False,False,1786952831.0,1786952834.0,772292.6975578888,1051.9262535351336,,prior_trade_average_not_size_specific_quote,,,False,False,unknown,,107,,,674,0,execution_unverified;graduation_event_time_unavailable;historical_state_unverified;incomplete_trade_provenance;no_recorded_x_signal;nonnative_quote_labeled_bnb;threshold_met_at_first_stored_buy;unsupported_by_current_native_executor
213,0x82310d2e1ed0fd15f2e4e08782c102512b67ffff,BBW,0x46ceefda28dd7207059ed19b0acdc026955bb15c,GMEB,18,18,122089910,later_snapshot_for_denomination_audit_only,False,False,1786968630.0,1786968633.0,202774.03385242066,276.1949328526372,,prior_trade_average_not_size_specific_quote,,,False,False,unknown,,5,,,10,0,execution_unverified;graduation_event_time_unavailable;historical_state_unverified;incomplete_trade_provenance;no_recorded_x_signal;nonnative_quote_labeled_bnb;threshold_met_at_first_stored_buy;unsupported_by_current_native_executor
44,0x8275735d7c1aecf28411fa9dec6f3283c0954444,我的女友景甜,0x55d398326f99059ff775485246999027b3197955,USDT,18,18,122089910,later_snapshot_for_denomination_audit_only,False,False,1787914429.0,1787914432.0,24074872.21859933,32791.95856354704,,prior_trade_average_not_size_specific_quote,,,False,False,unknown,,200,170,0.002524642596286796,853,0,execution_unverified;graduation_event_time_unavailable;historical_state_unverified;incomplete_trade_provenance;no_recorded_x_signal;nonnative_quote_labeled_bnb;threshold_met_at_first_stored_buy;unsupported_by_current_native_executor;usdt_fdv_proxy_below_50000_quote_units
95,0x8387266004b7a57b57df1de99ed6e74389cbffff,MarsCoin,0xbe9d156892e55e7154bcd3cb0fea677f9d3103e1,SPCXB,18,18,122089910,later_snapshot_for_denomination_audit_only,False,False,1786868759.0,1786868762.0,102796.41868348635,140.01718768607594,,prior_trade_average_not_size_specific_quote,,,False,False,unknown,,129,,,560,0,execution_unverified;graduation_event_time_unavailable;historical_state_unverified;incomplete_trade_provenance;no_recorded_x_signal;nonnative_quote_labeled_bnb;unsupported_by_current_native_executor
65,0x84b285627383d38cb2d79640a693606bc77fffff,4Director,0x46ceefda28dd7207059ed19b0acdc026955bb15c,GMEB,18,18,122089910,later_snapshot_for_denomination_audit_only,False,False,1788861445.0,1788861448.0,1127035.8603537544,1535.1156548943084,,prior_trade_average_not_size_specific_quote,,,False,False,unknown,,84,,,1071,0,execution_unverified;graduation_event_time_unavailable;historical_state_unverified;incomplete_trade_provenance;no_recorded_x_signal;nonnative_quote_labeled_bnb;threshold_met_at_first_stored_buy;unsupported_by_current_native_executor
149,0x84d148a1f81c564ea01e5824b68077a7ebb3ffff,GM,0x46ceefda28dd7207059ed19b0acdc026955bb15c,GMEB,18,18,122089910,later_snapshot_for_denomination_audit_only,False,False,1787205676.0,1787205679.0,279506.82012802776,380.7113068199842,,prior_trade_average_not_size_specific_quote,,,False,False,unknown,,8,,,117,0,execution_unverified;graduation_event_time_unavailable;historical_state_unverified;incomplete_trade_provenance;no_recorded_x_signal;nonnative_quote_labeled_bnb;threshold_met_at_first_stored_buy;unsupported_by_current_native_executor
467,0x85630650f33d46cce51046da294a8fc4a5f44444,CZCAT,0x55d398326f99059ff775485246999027b3197955,USDT,18,18,122089910,later_snapshot_for_denomination_audit_only,False,False,1787493126.0,1787493129.0,23665974.781124517,32235.006580389443,,prior_trade_average_not_size_specific_quote,,,False,False,unknown,,11,2,0.5640135331704905,626,0,execution_unverified;graduation_event_time_unavailable;historical_state_unverified;incomplete_trade_provenance;no_recorded_x_signal;nonnative_quote_labeled_bnb;threshold_met_at_first_stored_buy;unsupported_by_current_native_executor;usdt_fdv_proxy_below_50000_quote_units
190,0x85b458a838df033d7b51eee13d517644e65fffff,Fourcat,0x46ceefda28dd7207059ed19b0acdc026955bb15c,GMEB,18,18,122089910,later_snapshot_for_denomination_audit_only,False,False,1787408101.0,1787408104.0,213303.80544850245,290.5373489089754,,prior_trade_average_not_size_specific_quote,,,False,False,unknown,,5,,,12,0,execution_unverified;graduation_event_time_unavailable;historical_state_unverified;incomplete_trade_provenance;no_recorded_x_signal;nonnative_quote_labeled_bnb;threshold_met_at_first_stored_buy;unsupported_by_current_native_executor
550,0x861f64ab1c492ba717e906c23baafe1b20e04444,Sue 施工猫,0x55d398326f99059ff775485246999027b3197955,USDT,18,18,122089910,later_snapshot_for_denomination_audit_only,False,False,1787750033.0,1787750036.0,21635934.856996283,29469.925026896068,,prior_trade_average_not_size_specific_quote,,,False,False,unknown,,11,0,0.0,802,0,execution_unverified;graduation_event_time_unavailable;historical_state_unverified;incomplete_trade_provenance;no_recorded_x_signal;nonnative_quote_labeled_bnb;threshold_met_at_first_stored_buy;unsupported_by_current_native_executor;usdt_fdv_proxy_below_50000_quote_units
546,0x863b45553a1adf1c3fb565c6eecb8246d5194444,牛来币安,0x55d398326f99059ff775485246999027b3197955,USDT,18,18,122089910,later_snapshot_for_denomination_audit_only,False,False,1787390363.0,1787390366.0,24075000.36099706,32792.13310404547,,prior_trade_average_not_size_specific_quote,,,False,False,unknown,,31,1,0.06907063019152723,854,0,execution_unverified;graduation_event_time_unavailable;historical_state_unverified;incomplete_trade_provenance;no_recorded_x_signal;nonnative_quote_labeled_bnb;threshold_met_at_first_stored_buy;unsupported_by_current_native_executor;usdt_fdv_proxy_below_50000_quote_units
273,0x864a5ded3e22f1e8aba1ac169b1a9ac29391ffff,WSB,0x46ceefda28dd7207059ed19b0acdc026955bb15c,GMEB,18,18,122089910,later_snapshot_for_denomination_audit_only,False,False,1786886128.0,1786886131.0,169603.81930901008,231.01436902762316,,prior_trade_average_not_size_specific_quote,,,False,False,unknown,,5,,,12,0,execution_unverified;graduation_event_time_unavailable;historical_state_unverified;incomplete_trade_provenance;no_recorded_x_signal;nonnative_quote_labeled_bnb;threshold_met_at_first_stored_buy;unsupported_by_current_native_executor
204,0x8711ec3b09458343f2c375fca682b49d0e32ffff,共建,0x46ceefda28dd7207059ed19b0acdc026955bb15c,GMEB,18,18,122089910,later_snapshot_for_denomination_audit_only,False,False,1786872597.0,1786872600.0,202541.88474450307,275.8787266498264,,prior_trade_average_not_size_specific_quote,,,False,False,unknown,,7,,,22,0,execution_unverified;graduation_event_time_unavailable;historical_state_unverified;incomplete_trade_provenance;no_recorded_x_signal;nonnative_quote_labeled_bnb;threshold_met_at_first_stored_buy;unsupported_by_current_native_executor
46,0x87128474710f3a7ad1c3f2689576d7c6a4fa4444,我的女友景甜,0x55d398326f99059ff775485246999027b3197955,USDT,18,18,122089910,later_snapshot_for_denomination_audit_only,False,False,1787895779.0,1787895782.0,24074863.154750336,32791.94621783829,,prior_trade_average_not_size_specific_quote,,,False,False,unknown,,200,170,0.00025459025664755,484,0,execution_unverified;graduation_event_time_unavailable;historical_state_unverified;incomplete_trade_provenance;no_recorded_x_signal;nonnative_quote_labeled_bnb;threshold_met_at_first_stored_buy;unsupported_by_current_native_executor;usdt_fdv_proxy_below_50000_quote_units
539,0x87190f3396ba428657ae6d17b870a3e0767a4444,我踏牛来,0x55d398326f99059ff775485246999027b3197955,USDT,18,18,122089910,later_snapshot_for_denomination_audit_only,False,False,1787324680.0,1787324683.0,27873891.28890862,37966.535392223355,,prior_trade_average_not_size_specific_quote,,,False,False,unknown,,10,2,1.083287037050064,593,0,execution_unverified;graduation_event_time_unavailable;historical_state_unverified;incomplete_trade_provenance;no_recorded_x_signal;nonnative_quote_labeled_bnb;threshold_met_at_first_stored_buy;unsupported_by_current_native_executor;usdt_fdv_proxy_below_50000_quote_units
105,0x87a88dc9ef51098cc6c0450b5d3884f17b334444,牛来,0x55d398326f99059ff775485246999027b3197955,USDT,18,18,122089910,later_snapshot_for_denomination_audit_only,False,False,1786974953.0,1786974956.0,8587037.487988519,11696.252214049224,,prior_trade_average_not_size_specific_quote,,,False,False,unknown,,7,2,1.4848494776273584,80,0,execution_unverified;graduation_event_time_unavailable;historical_state_unverified;incomplete_trade_provenance;no_recorded_x_signal;nonnative_quote_labeled_bnb;threshold_met_at_first_stored_buy;unsupported_by_current_native_executor;usdt_fdv_proxy_below_50000_quote_units
501,0x8867adb5ed5e98cc70262e0917a92ec911554444,CZ Bull,0x55d398326f99059ff775485246999027b3197955,USDT,18,18,122089910,later_snapshot_for_denomination_audit_only,False,False,1787329111.0,1787329114.0,23829076.876011115,32457.16506532699,,prior_trade_average_not_size_specific_quote,,,False,False,unknown,,10,1,0.5395546751360896,674,0,execution_unverified;graduation_event_time_unavailable;historical_state_unverified;incomplete_trade_provenance;no_recorded_x_signal;nonnative_quote_labeled_bnb;threshold_met_at_first_stored_buy;unsupported_by_current_native_executor;usdt_fdv_proxy_below_50000_quote_units
569,0x887934e3182c1b4ded500fc7dfc4cb7ae2554444,It's Time,0x55d398326f99059ff775485246999027b3197955,USDT,18,18,122089910,later_snapshot_for_denomination_audit_only,False,False,1787391964.0,1787391967.0,16024046.727975987,21826.071247770935,,prior_trade_average_not_size_specific_quote,1787400364,False,False,False,unknown,,5,2,1.215791745511306,652,0,execution_unverified;historical_state_unverified;incomplete_trade_provenance;no_recorded_x_signal;nonnative_quote_labeled_bnb;threshold_met_at_first_stored_buy;unsupported_by_current_native_executor;usdt_fdv_proxy_below_50000_quote_units
107,0x88ff17dc17f0f1e1f7fa6e40a9f2649b93654444,证券聪明钱,0x46ceefda28dd7207059ed19b0acdc026955bb15c,GMEB,18,18,122089910,later_snapshot_for_denomination_audit_only,False,False,1786870056.0,1786870059.0,446370.9981263428,607.994058768872,,prior_trade_average_not_size_specific_quote,,,False,False,unknown,,36,,,223,0,execution_unverified;graduation_event_time_unavailable;historical_state_unverified;incomplete_trade_provenance;no_recorded_x_signal;nonnative_quote_labeled_bnb;threshold_met_at_first_stored_buy;unsupported_by_current_native_executor
202,0x89309b85c11a21abd3c9ee5c93454b8701424444,小偷人生,0x46ceefda28dd7207059ed19b0acdc026955bb15c,GMEB,18,18,122089910,later_snapshot_for_denomination_audit_only,False,False,1786884371.0,1786884374.0,201031.73830790294,273.8217828403543,,prior_trade_average_not_size_specific_quote,,,False,False,unknown,,8,,,19,0,execution_unverified;graduation_event_time_unavailable;historical_state_unverified;incomplete_trade_provenance;no_recorded_x_signal;nonnative_quote_labeled_bnb;threshold_met_at_first_stored_buy;unsupported_by_current_native_executor
109,0x89896f57e597967aa3668af17de4d2efa3d0ffff,MEME4YOU,0x46ceefda28dd7207059ed19b0acdc026955bb15c,GMEB,18,18,122089910,later_snapshot_for_denomination_audit_only,False,False,1787049622.0,1787049625.0,415013.7022879703,565.2828395166928,,prior_trade_average_not_size_specific_quote,,,False,False,unknown,,32,,,169,0,execution_unverified;graduation_event_time_unavailable;historical_state_unverified;incomplete_trade_provenance;no_recorded_x_signal;nonnative_quote_labeled_bnb;threshold_met_at_first_stored_buy;unsupported_by_current_native_executor
491,0x899a10361b21bd43644d32bde8591cf555844444,King Coin,0x55d398326f99059ff775485246999027b3197955,USDT,18,18,122089910,later_snapshot_for_denomination_audit_only,False,False,1787562248.0,1787562251.0,23950114.785272386,32622.0286653941,,prior_trade_average_not_size_specific_quote,,,False,False,unknown,,12,2,1.0054317258020313,740,0,execution_unverified;graduation_event_time_unavailable;historical_state_unverified;incomplete_trade_provenance;no_recorded_x_signal;nonnative_quote_labeled_bnb;threshold_met_at_first_stored_buy;unsupported_by_current_native_executor;usdt_fdv_proxy_below_50000_quote_units
551,0x8b7934c14b3ed728ac2250f0b6807aaceb9b4444,景甜人生,0x55d398326f99059ff775485246999027b3197955,USDT,18,18,122089910,later_snapshot_for_denomination_audit_only,False,False,1787916082.0,1787916085.0,22893488.09997351,31182.81610522564,,prior_trade_average_not_size_specific_quote,,,False,False,unknown,,111,102,1.6636720946864187,642,0,at_least_90pct_buys_below_one_usdt;execution_unverified;graduation_event_time_unavailable;historical_state_unverified;incomplete_trade_provenance;no_recorded_x_signal;nonnative_quote_labeled_bnb;threshold_met_at_first_stored_buy;unsupported_by_current_native_executor;usdt_fdv_proxy_below_50000_quote_units
453,0x8b809448645b5b5ebf03ae710b5c549731024444,牛来人生,0x55d398326f99059ff775485246999027b3197955,USDT,18,18,122089910,later_snapshot_for_denomination_audit_only,False,False,1788700888.0,1788700891.0,26183048.56653464,35663.46836091728,,prior_trade_average_not_size_specific_quote,,,False,False,unknown,,271,239,3.4725736380651e-05,605,0,execution_unverified;graduation_event_time_unavailable;historical_state_unverified;incomplete_trade_provenance;no_recorded_x_signal;nonnative_quote_labeled_bnb;threshold_met_at_first_stored_buy;unsupported_by_current_native_executor;usdt_fdv_proxy_below_50000_quote_units
162,0x8bc7edf2fd8799a5d253b79122c7924b8f30ffff,福来,0x46ceefda28dd7207059ed19b0acdc026955bb15c,GMEB,18,18,122089910,later_snapshot_for_denomination_audit_only,False,False,1787301118.0,1787301121.0,259364.95022598084,353.27642130021775,,prior_trade_average_not_size_specific_quote,,,False,False,unknown,,11,,,42,0,execution_unverified;graduation_event_time_unavailable;historical_state_unverified;incomplete_trade_provenance;no_recorded_x_signal;nonnative_quote_labeled_bnb;threshold_met_at_first_stored_buy;unsupported_by_current_native_executor
182,0x8c1102b5ad45144a262a292cba8dc9bb5a9cffff,BNC4,0x46ceefda28dd7207059ed19b0acdc026955bb15c,GMEB,18,18,122089910,later_snapshot_for_denomination_audit_only,False,False,1788832971.0,1788832974.0,250415.29759672255,341.0862574018586,,prior_trade_average_not_size_specific_quote,,,False,False,unknown,,30,,,107,0,execution_unverified;graduation_event_time_unavailable;historical_state_unverified;incomplete_trade_provenance;no_recorded_x_signal;nonnative_quote_labeled_bnb;threshold_met_at_first_stored_buy;unsupported_by_current_native_executor
536,0x8c13c93851fbcc15660a738b8d6f754242be4444,豹拉牛来,0x55d398326f99059ff775485246999027b3197955,USDT,18,18,122089910,later_snapshot_for_denomination_audit_only,False,False,1788230844.0,1788230847.0,22973489.2342123,31291.784238272205,,prior_trade_average_not_size_specific_quote,,,False,False,unknown,,9,3,2.1040282656495743,568,0,execution_unverified;graduation_event_time_unavailable;historical_state_unverified;incomplete_trade_provenance;no_recorded_x_signal;nonnative_quote_labeled_bnb;threshold_met_at_first_stored_buy;unsupported_by_current_native_executor;usdt_fdv_proxy_below_50000_quote_units
91,0x8c1d2c21204a9e38f84a51ede69c6c66ff814444,景甜币,0x55d398326f99059ff775485246999027b3197955,USDT,18,18,122089910,later_snapshot_for_denomination_audit_only,False,False,1787910490.0,1787910493.0,12858798.320675818,17514.742254077148,,prior_trade_average_not_size_specific_quote,,,False,False,unknown,,5,1,0.6113515057747382,89,0,execution_unverified;graduation_event_time_unavailable;historical_state_unverified;incomplete_trade_provenance;no_recorded_x_signal;nonnative_quote_labeled_bnb;threshold_met_at_first_stored_buy;unsupported_by_current_native_executor;usdt_fdv_proxy_below_50000_quote_units
481,0x8c360fb6614ba349c3667fc243deaf492d874444,一骑牛来,0x55d398326f99059ff775485246999027b3197955,USDT,18,18,122089910,later_snapshot_for_denomination_audit_only,False,False,1787147734.0,1787147737.0,27015444.991247617,36797.26084046967,,prior_trade_average_not_size_specific_quote,,,False,False,unknown,,133,121,0.6851041322973801,632,0,at_least_90pct_buys_below_one_usdt;execution_unverified;graduation_event_time_unavailable;historical_state_unverified;incomplete_trade_provenance;no_recorded_x_signal;nonnative_quote_labeled_bnb;threshold_met_at_first_stored_buy;unsupported_by_current_native_executor;usdt_fdv_proxy_below_50000_quote_units
342,0x8d0dc864928adcd1e7288bdea122ef775a724444,川普硬币,0x55d398326f99059ff775485246999027b3197955,USDT,18,18,122089910,later_snapshot_for_denomination_audit_only,False,False,1788455484.0,1788455487.0,26795307.587545376,36497.41556798205,,prior_trade_average_not_size_specific_quote,,,False,False,unknown,,128,127,1.2398787230630914,505,0,at_least_90pct_buys_below_one_usdt;execution_unverified;graduation_event_time_unavailable;historical_state_unverified;incomplete_trade_provenance;no_recorded_x_signal;nonnative_quote_labeled_bnb;threshold_met_at_first_stored_buy;unsupported_by_current_native_executor;usdt_fdv_proxy_below_50000_quote_units
500,0x8d82007c28240088ec2a67f4a7c0c41b29d94444,The GOAT Trump,0x55d398326f99059ff775485246999027b3197955,USDT,18,18,122089910,later_snapshot_for_denomination_audit_only,False,False,1788506937.0,1788506940.0,27464972.6475124,37409.55452757863,,prior_trade_average_not_size_specific_quote,,,False,False,unknown,,164,158,0.1628472059536476,691,0,at_least_90pct_buys_below_one_usdt;execution_unverified;graduation_event_time_unavailable;historical_state_unverified;incomplete_trade_provenance;no_recorded_x_signal;nonnative_quote_labeled_bnb;threshold_met_at_first_stored_buy;unsupported_by_current_native_executor;usdt_fdv_proxy_below_50000_quote_units
22,0x8df6182d0fe2e58ad1b3918289960258812d4444,BINANCE BULL,0x55d398326f99059ff775485246999027b3197955,USDT,18,18,122089910,later_snapshot_for_denomination_audit_only,False,False,1787643825.0,1787643828.0,26161631.012722626,35634.29588885766,,prior_trade_average_not_size_specific_quote,,,False,False,unknown,,11,1,0.47285342809630276,501,0,execution_unverified;graduation_event_time_unavailable;historical_state_unverified;incomplete_trade_provenance;no_recorded_x_signal;nonnative_quote_labeled_bnb;threshold_met_at_first_stored_buy;unsupported_by_current_native_executor;usdt_fdv_proxy_below_50000_quote_units
17,0x8e0d3452d70b51dceabbd8d9476962dd14514444,景甜币,0x55d398326f99059ff775485246999027b3197955,USDT,18,18,122089910,later_snapshot_for_denomination_audit_only,False,False,1787852476.0,1787852479.0,26293278.139145143,35813.61011638332,,prior_trade_average_not_size_specific_quote,,,False,False,unknown,,118,111,0.8445831475254989,439,0,at_least_90pct_buys_below_one_usdt;execution_unverified;graduation_event_time_unavailable;historical_state_unverified;incomplete_trade_provenance;no_recorded_x_signal;nonnative_quote_labeled_bnb;threshold_met_at_first_stored_buy;unsupported_by_current_native_executor;usdt_fdv_proxy_below_50000_quote_units
255,0x8e159e8cf30ed84960268a7dbcc859c6513fffff,SME,0x46ceefda28dd7207059ed19b0acdc026955bb15c,GMEB,18,18,122089910,later_snapshot_for_denomination_audit_only,False,False,1787476933.0,1787476936.0,202106.8597313181,275.2861867569066,,prior_trade_average_not_size_specific_quote,,,False,False,unknown,,8,,,28,0,execution_unverified;graduation_event_time_unavailable;historical_state_unverified;incomplete_trade_provenance;no_recorded_x_signal;nonnative_quote_labeled_bnb;threshold_met_at_first_stored_buy;unsupported_by_current_native_executor
580,0x8e5ce22bd80ec8a15945c34e068ec341f26d4444,牛来,0x55d398326f99059ff775485246999027b3197955,USDT,18,18,122089910,later_snapshot_for_denomination_audit_only,False,False,1786952792.0,1786952795.0,14172681.406634575,19304.359217394576,,prior_trade_average_not_size_specific_quote,,,False,False,unknown,,9,2,1.0646997595613663,595,0,execution_unverified;graduation_event_time_unavailable;historical_state_unverified;incomplete_trade_provenance;no_recorded_x_signal;nonnative_quote_labeled_bnb;threshold_met_at_first_stored_buy;unsupported_by_current_native_executor;usdt_fdv_proxy_below_50000_quote_units
504,0x8e696bc37df8c1d05a829cce8af7f4ed90904444,BINANCE BIMPSONS,0x55d398326f99059ff775485246999027b3197955,USDT,18,18,122089910,later_snapshot_for_denomination_audit_only,False,False,1789252214.0,1789252217.0,22621597.837430626,30812.47917707156,,prior_trade_average_not_size_specific_quote,,,False,False,unknown,,30,0,0.0,857,0,execution_unverified;graduation_event_time_unavailable;historical_state_unverified;incomplete_trade_provenance;no_recorded_x_signal;nonnative_quote_labeled_bnb;threshold_met_at_first_stored_buy;unsupported_by_current_native_executor;usdt_fdv_proxy_below_50000_quote_units
449,0x8ea99564e427771e51783a78ab0045000a7f4444,景甜回忆录,0x55d398326f99059ff775485246999027b3197955,USDT,18,18,122089910,later_snapshot_for_denomination_audit_only,False,False,1787970019.0,1787970022.0,22030998.609022498,30008.034391247937,,prior_trade_average_not_size_specific_quote,,,False,False,unknown,,97,91,1.902505561010657,602,0,at_least_90pct_buys_below_one_usdt;execution_unverified;graduation_event_time_unavailable;historical_state_unverified;incomplete_trade_provenance;no_recorded_x_signal;nonnative_quote_labeled_bnb;threshold_met_at_first_stored_buy;unsupported_by_current_native_executor;usdt_fdv_proxy_below_50000_quote_units
171,0x8f38007e1343305214a47d6b2d97ee99b51fffff,FIVE,0x46ceefda28dd7207059ed19b0acdc026955bb15c,GMEB,18,18,122089910,later_snapshot_for_denomination_audit_only,False,False,1787552354.0,1787552357.0,232808.8583353869,317.1048372112548,,prior_trade_average_not_size_specific_quote,,,False,False,unknown,,9,,,20,0,execution_unverified;graduation_event_time_unavailable;historical_state_unverified;incomplete_trade_provenance;no_recorded_x_signal;nonnative_quote_labeled_bnb;threshold_met_at_first_stored_buy;unsupported_by_current_native_executor
37,0x8f6bed906fb62f00c1c3d0a100e6bbc46e744444,牛来何一,0x55d398326f99059ff775485246999027b3197955,USDT,18,18,122089910,later_snapshot_for_denomination_audit_only,False,False,1787371941.0,1787371944.0,24255084.70424077,33037.42280975901,,prior_trade_average_not_size_specific_quote,,,False,False,unknown,,37,2,1.4889816000702434,744,0,execution_unverified;graduation_event_time_unavailable;historical_state_unverified;incomplete_trade_provenance;no_recorded_x_signal;nonnative_quote_labeled_bnb;threshold_met_at_first_stored_buy;unsupported_by_current_native_executor;usdt_fdv_proxy_below_50000_quote_units
603,0x8fedade8075d7d19991091771c74ca694773ffff,FLNCB,0x4af1d41cd9dd950dca43984b43aaa2a8702714ac,FLNCB,18,18,122089910,later_snapshot_for_denomination_audit_only,False,False,1788851894.0,1788851897.0,3555795.940956682,4843.286896708776,,prior_trade_average_not_size_specific_quote,1788851886,True,False,False,unknown,,197,,,302,0,curve_venue_ended_before_assumed_entry;execution_unverified;historical_state_unverified;incomplete_trade_provenance;no_recorded_x_signal;nonnative_quote_labeled_bnb;requires_dex_state_for_1h_outcome;threshold_met_at_first_stored_buy;unsupported_by_current_native_executor
357,0x903d4fd3a928e0ad1fbfdc97aaba1ebe94ab4444,CZ Bull,0x55d398326f99059ff775485246999027b3197955,USDT,18,18,122089910,later_snapshot_for_denomination_audit_only,False,False,1787413323.0,1787413326.0,26464938.538183026,36047.42571636409,,prior_trade_average_not_size_specific_quote,,,False,False,unknown,,60,51,0.619151770290956,495,0,execution_unverified;graduation_event_time_unavailable;historical_state_unverified;incomplete_trade_provenance;no_recorded_x_signal;nonnative_quote_labeled_bnb;threshold_met_at_first_stored_buy;unsupported_by_current_native_executor;usdt_fdv_proxy_below_50000_quote_units
400,0x9054caaf184ac8db2e09fd0e6bf8e53c6b394444,币安镇长,0x55d398326f99059ff775485246999027b3197955,USDT,18,18,122089910,later_snapshot_for_denomination_audit_only,False,False,1789184921.0,1789184924.0,24301321.056104526,33100.40052863033,,prior_trade_average_not_size_specific_quote,,,False,False,unknown,,32,0,0.0,1180,0,execution_unverified;graduation_event_time_unavailable;historical_state_unverified;incomplete_trade_provenance;no_recorded_x_signal;nonnative_quote_labeled_bnb;threshold_met_at_first_stored_buy;unsupported_by_current_native_executor;usdt_fdv_proxy_below_50000_quote_units
4,0x908e1fc0c22a4ca640c411ba1418a01b4a0c4444,BNB SEASON 🔶,0x55d398326f99059ff775485246999027b3197955,USDT,18,18,122089910,later_snapshot_for_denomination_audit_only,False,False,1788625057.0,1788625060.0,28381440.73340132,38657.85953307998,,prior_trade_average_not_size_specific_quote,,,False,False,unknown,,34,0,0.0,402,0,execution_unverified;graduation_event_time_unavailable;historical_state_unverified;incomplete_trade_provenance;no_recorded_x_signal;nonnative_quote_labeled_bnb;threshold_met_at_first_stored_buy;unsupported_by_current_native_executor;usdt_fdv_proxy_below_50000_quote_units
378,0x90a740edab9c2e755bddcd80529e0c07d64d4444,神牛,0x55d398326f99059ff775485246999027b3197955,USDT,18,18,122089910,later_snapshot_for_denomination_audit_only,False,False,1788623042.0,1788623045.0,28200661.171316616,38411.62288205269,,prior_trade_average_not_size_specific_quote,,,True,False,unknown,,283,253,0.003836106207793057,799,0,execution_unverified;graduation_event_time_unavailable;historical_state_unverified;incomplete_trade_provenance;no_recorded_x_signal;nonnative_quote_labeled_bnb;threshold_met_at_first_stored_buy;unsupported_by_current_native_executor;usdt_fdv_proxy_below_50000_quote_units
245,0x90bef4fdc43cf36b109639d97c03e7842bf3ffff,utility,0x46ceefda28dd7207059ed19b0acdc026955bb15c,GMEB,18,18,122089910,later_snapshot_for_denomination_audit_only,False,False,1786870003.0,1786870006.0,179356.5412772171,244.2983794995942,,prior_trade_average_not_size_specific_quote,,,False,False,unknown,,5,,,11,0,execution_unverified;graduation_event_time_unavailable;historical_state_unverified;incomplete_trade_provenance;no_recorded_x_signal;nonnative_quote_labeled_bnb;threshold_met_at_first_stored_buy;unsupported_by_current_native_executor
264,0x912136eb680f22c4bc5821e3119edef8540c4444,4,0x46ceefda28dd7207059ed19b0acdc026955bb15c,GMEB,18,18,122089910,later_snapshot_for_denomination_audit_only,False,False,1787506679.0,1787506682.0,174192.70391307469,237.2648077598849,,prior_trade_average_not_size_specific_quote,,,False,False,unknown,,6,,,46,0,execution_unverified;graduation_event_time_unavailable;historical_state_unverified;incomplete_trade_provenance;no_recorded_x_signal;nonnative_quote_labeled_bnb;threshold_met_at_first_stored_buy;unsupported_by_current_native_executor
160,0x9122c60fb037331dbfd1cad765daf86c9e65ffff,牛叉,0x8d0d000ee44948fc98c9b98a4fa4921476f08b0d,USD1,18,18,122089910,later_snapshot_for_denomination_audit_only,False,False,1788209159.0,1788209162.0,4654068.795423459,6339.224968908372,,prior_trade_average_not_size_specific_quote,,,False,False,unknown,,5,,,33,0,execution_unverified;graduation_event_time_unavailable;historical_state_unverified;incomplete_trade_provenance;no_recorded_x_signal;nonnative_quote_labeled_bnb;threshold_met_at_first_stored_buy;unsupported_by_current_native_executor
250,0x916394b3d5f9b5db691c3fdd14c9a31702be4444,btS,0x46ceefda28dd7207059ed19b0acdc026955bb15c,GMEB,18,18,122089910,later_snapshot_for_denomination_audit_only,False,False,1786968565.0,1786968568.0,210438.70438603288,286.63484531652466,,prior_trade_average_not_size_specific_quote,,,False,False,unknown,,9,,,23,0,execution_unverified;graduation_event_time_unavailable;historical_state_unverified;incomplete_trade_provenance;no_recorded_x_signal;nonnative_quote_labeled_bnb;threshold_met_at_first_stored_buy;unsupported_by_current_native_executor
380,0x91827239b256ee6841489329164f798ab1024444,牛郎来了,0x55d398326f99059ff775485246999027b3197955,USDT,18,18,122089910,later_snapshot_for_denomination_audit_only,False,False,1787128149.0,1787128152.0,20291578.406292923,27638.80083126922,,prior_trade_average_not_size_specific_quote,,,False,False,unknown,,32,0,0.0,804,0,execution_unverified;graduation_event_time_unavailable;historical_state_unverified;incomplete_trade_provenance;no_recorded_x_signal;nonnative_quote_labeled_bnb;threshold_met_at_first_stored_buy;unsupported_by_current_native_executor;usdt_fdv_proxy_below_50000_quote_units
18,0x91c68e29175b8de70749116066eeb41c95be4444,MarsCoin,0x55d398326f99059ff775485246999027b3197955,USDT,18,18,122089910,later_snapshot_for_denomination_audit_only,False,False,1786884100.0,1786884103.0,25153318.51862709,34260.891235854215,,prior_trade_average_not_size_specific_quote,,,False,False,unknown,,12,2,1.4562861097959108,504,0,execution_unverified;graduation_event_time_unavailable;historical_state_unverified;incomplete_trade_provenance;no_recorded_x_signal;nonnative_quote_labeled_bnb;threshold_met_at_first_stored_buy;unsupported_by_current_native_executor;usdt_fdv_proxy_below_50000_quote_units
433,0x92036335fd8b274972e5b081a26ddfb9d82e4444,FOUR 人生,0x55d398326f99059ff775485246999027b3197955,USDT,18,18,122089910,later_snapshot_for_denomination_audit_only,False,False,1789267669.0,1789267672.0,24429493.426763583,33274.98185265481,,prior_trade_average_not_size_specific_quote,,,False,False,unknown,,30,0,0.0,462,0,execution_unverified;graduation_event_time_unavailable;historical_state_unverified;incomplete_trade_provenance;no_recorded_x_signal;nonnative_quote_labeled_bnb;threshold_met_at_first_stored_buy;unsupported_by_current_native_executor;usdt_fdv_proxy_below_50000_quote_units
173,0x9225c6ce4e583a0dc56c21e93200a16b667bffff,流来,0x46ceefda28dd7207059ed19b0acdc026955bb15c,GMEB,18,18,122089910,later_snapshot_for_denomination_audit_only,False,False,1786886557.0,1786886560.0,239719.19481718173,326.517284576027,,prior_trade_average_not_size_specific_quote,,,False,False,unknown,,19,,,51,0,execution_unverified;graduation_event_time_unavailable;historical_state_unverified;incomplete_trade_provenance;no_recorded_x_signal;nonnative_quote_labeled_bnb;threshold_met_at_first_stored_buy;unsupported_by_current_native_executor
591,0x923398cc7d149d69b9356c1866b8d3e9d5cfffff,stockmemes,0x46ceefda28dd7207059ed19b0acdc026955bb15c,GMEB,18,18,122089910,later_snapshot_for_denomination_audit_only,False,False,1786690665.0,1786690668.0,434216.1120166664,591.4381029144018,,prior_trade_average_not_size_specific_quote,1786691128,False,False,False,unknown,,78,,,1508,0,execution_unverified;historical_state_unverified;incomplete_trade_provenance;no_recorded_x_signal;nonnative_quote_labeled_bnb;requires_dex_state_for_1h_outcome;threshold_met_at_first_stored_buy;unsupported_by_current_native_executor
305,0x92e267d1c88e765be7404714ccbcc788e3464444,Stonks,0x55d398326f99059ff775485246999027b3197955,USDT,18,18,122089910,later_snapshot_for_denomination_audit_only,False,False,1788533984.0,1788533987.0,26892001.25123585,36629.12030079662,,prior_trade_average_not_size_specific_quote,,,False,False,unknown,,113,109,0.21798987395598998,542,0,at_least_90pct_buys_below_one_usdt;execution_unverified;graduation_event_time_unavailable;historical_state_unverified;incomplete_trade_provenance;no_recorded_x_signal;nonnative_quote_labeled_bnb;threshold_met_at_first_stored_buy;unsupported_by_current_native_executor;usdt_fdv_proxy_below_50000_quote_units
20,0x93224872765b8b0d0a2a9fdbc33207fb271cffff,bood,0xa394dcea3fd3847fd793afbfd163e2e3858b7c65,HOODB,18,18,122089910,later_snapshot_for_denomination_audit_only,False,False,1788538757.0,1788538760.0,187974.7587613666,256.03710143613415,,prior_trade_average_not_size_specific_quote,,,False,False,unknown,,38,,,156,0,execution_unverified;graduation_event_time_unavailable;historical_state_unverified;incomplete_trade_provenance;no_recorded_x_signal;nonnative_quote_labeled_bnb;threshold_met_at_first_stored_buy;unsupported_by_current_native_executor
604,0x932adecdd8fc4b6fcfcee1e96c3f51318ca1ffff,巨兽BEHEMOTH,0x0000000000000000000000000000000000000000,BNB,18,18,122089910,later_snapshot_for_denomination_audit_only,False,True,1786870207.0,1786870210.0,64395.40601336549,87.7118460484159,,prior_trade_average_not_size_specific_quote,1786870187,True,False,False,unknown,,61,,,295,0,curve_venue_ended_before_assumed_entry;execution_unverified;historical_state_unverified;incomplete_trade_provenance;no_recorded_x_signal;requires_dex_state_for_1h_outcome
263,0x933199924bd7f63950d27fcd0f4d8bef5e1cffff,TRENCH,0x46ceefda28dd7207059ed19b0acdc026955bb15c,GMEB,18,18,122089910,later_snapshot_for_denomination_audit_only,False,False,1787317818.0,1787317821.0,201946.92280251073,275.06833948882513,,prior_trade_average_not_size_specific_quote,,,False,False,unknown,,7,,,30,0,execution_unverified;graduation_event_time_unavailable;historical_state_unverified;incomplete_trade_provenance;no_recorded_x_signal;nonnative_quote_labeled_bnb;threshold_met_at_first_stored_buy;unsupported_by_current_native_executor
502,0x94304f34f716d87a3780d5d0faaff67b2134ffff,PuiPui,0x55d398326f99059ff775485246999027b3197955,USDT,18,18,122089910,later_snapshot_for_denomination_audit_only,False,False,1788344940.0,1788344943.0,6345680.34946792,8643.339212264082,,prior_trade_average_not_size_specific_quote,,,False,False,unknown,,5,0,0.0,876,0,execution_unverified;graduation_event_time_unavailable;historical_state_unverified;incomplete_trade_provenance;no_recorded_x_signal;nonnative_quote_labeled_bnb;threshold_met_at_first_stored_buy;unsupported_by_current_native_executor;usdt_fdv_proxy_below_50000_quote_units
256,0x94463e3cae316f918545cadb67e72f027f49ffff,cats,0x46ceefda28dd7207059ed19b0acdc026955bb15c,GMEB,18,18,122089910,later_snapshot_for_denomination_audit_only,False,False,1787807831.0,1787807834.0,174430.76477757,237.58906626199652,,prior_trade_average_not_size_specific_quote,,,False,False,unknown,,7,,,32,0,execution_unverified;graduation_event_time_unavailable;historical_state_unverified;incomplete_trade_provenance;no_recorded_x_signal;nonnative_quote_labeled_bnb;threshold_met_at_first_stored_buy;unsupported_by_current_native_executor
473,0x946ebdc265891556e209339160c342fd0e304444,我踏牛来,0x55d398326f99059ff775485246999027b3197955,USDT,18,18,122089910,later_snapshot_for_denomination_audit_only,False,False,1788598608.0,1788598611.0,26862983.094865296,36589.59518213125,,prior_trade_average_not_size_specific_quote,,,False,False,unknown,,23,20,0.002205462523876519,602,0,execution_unverified;graduation_event_time_unavailable;historical_state_unverified;incomplete_trade_provenance;no_recorded_x_signal;nonnative_quote_labeled_bnb;threshold_met_at_first_stored_buy;unsupported_by_current_native_executor;usdt_fdv_proxy_below_50000_quote_units
19,0x957f47c5d4ea9a0e387c64d66f71db2a97984444,牛来人生,0x55d398326f99059ff775485246999027b3197955,USDT,18,18,122089910,later_snapshot_for_denomination_audit_only,False,False,1788313335.0,1788313338.0,24616686.216353342,33529.95384768288,,prior_trade_average_not_size_specific_quote,,,False,False,unknown,,131,99,0.3344625138666183,222,0,execution_unverified;graduation_event_time_unavailable;historical_state_unverified;incomplete_trade_provenance;no_recorded_x_signal;nonnative_quote_labeled_bnb;threshold_met_at_first_stored_buy;unsupported_by_current_native_executor;usdt_fdv_proxy_below_50000_quote_units
63,0x9595c3b6dc6710cc0be74475e051d6a30f914444,BINANCE HAT,0x55d398326f99059ff775485246999027b3197955,USDT,18,18,122089910,later_snapshot_for_denomination_audit_only,False,False,1787200450.0,1787200453.0,20322440.840484697,27680.838008206134,,prior_trade_average_not_size_specific_quote,,,False,False,unknown,,37,2,1.3178439284598698,653,0,execution_unverified;graduation_event_time_unavailable;historical_state_unverified;incomplete_trade_provenance;no_recorded_x_signal;nonnative_quote_labeled_bnb;threshold_met_at_first_stored_buy;unsupported_by_current_native_executor;usdt_fdv_proxy_below_50000_quote_units
62,0x95976744771b75807cafa42d74391492f2cf4444,MarsCoin,0x55d398326f99059ff775485246999027b3197955,USDT,18,18,122089910,later_snapshot_for_denomination_audit_only,False,False,1786882205.0,1786882208.0,19611714.047927804,26712.76958732692,,prior_trade_average_not_size_specific_quote,,,False,False,unknown,,12,2,0.9707549699756667,509,0,execution_unverified;graduation_event_time_unavailable;historical_state_unverified;incomplete_trade_provenance;no_recorded_x_signal;nonnative_quote_labeled_bnb;threshold_met_at_first_stored_buy;unsupported_by_current_native_executor;usdt_fdv_proxy_below_50000_quote_units
239,0x95d2ed0fe3ae62e54516b7ef8c9c6bbdbb4affff,ASTRO,0x46ceefda28dd7207059ed19b0acdc026955bb15c,GMEB,18,18,122089910,later_snapshot_for_denomination_audit_only,False,False,1787542733.0,1787542736.0,206953.8290555545,281.8881581317059,,prior_trade_average_not_size_specific_quote,,,False,False,unknown,,65,,,87,0,execution_unverified;graduation_event_time_unavailable;historical_state_unverified;incomplete_trade_provenance;no_recorded_x_signal;nonnative_quote_labeled_bnb;threshold_met_at_first_stored_buy;unsupported_by_current_native_executor
488,0x96aac01da18032a8da48722b779e7c29ab444444,景甜人生,0x55d398326f99059ff775485246999027b3197955,USDT,18,18,122089910,later_snapshot_for_denomination_audit_only,False,False,1787853459.0,1787853462.0,23497133.357405767,32005.03065694017,,prior_trade_average_not_size_specific_quote,,,False,False,unknown,,9,2,1.1314830230377269,539,0,execution_unverified;graduation_event_time_unavailable;historical_state_unverified;incomplete_trade_provenance;no_recorded_x_signal;nonnative_quote_labeled_bnb;threshold_met_at_first_stored_buy;unsupported_by_current_native_executor;usdt_fdv_proxy_below_50000_quote_units
132,0x96b8537f40a974758a79d20d15c6d8520237ffff,牛叉,0x8d0d000ee44948fc98c9b98a4fa4921476f08b0d,USD1,18,18,122089910,later_snapshot_for_denomination_audit_only,False,False,1788208561.0,1788208564.0,6118889.44936888,8334.431329758612,,prior_trade_average_not_size_specific_quote,,,False,False,unknown,,20,,,66,0,execution_unverified;graduation_event_time_unavailable;historical_state_unverified;incomplete_trade_provenance;no_recorded_x_signal;nonnative_quote_labeled_bnb;threshold_met_at_first_stored_buy;unsupported_by_current_native_executor
555,0x971ad869233a11f51b895dd1d48144ced4684444,牛来了,0x55d398326f99059ff775485246999027b3197955,USDT,18,18,122089910,later_snapshot_for_denomination_audit_only,False,False,1787226761.0,1787226764.0,25158694.199252088,34268.21335556082,,prior_trade_average_not_size_specific_quote,,,False,False,unknown,,11,1,0.5615447319517467,601,0,execution_unverified;graduation_event_time_unavailable;historical_state_unverified;incomplete_trade_provenance;no_recorded_x_signal;nonnative_quote_labeled_bnb;threshold_met_at_first_stored_buy;unsupported_by_current_native_executor;usdt_fdv_proxy_below_50000_quote_units
375,0x9725747f0a74b72f14a83c2177b5046b3bcf4444,币股人生,0x55d398326f99059ff775485246999027b3197955,USDT,18,18,122089910,later_snapshot_for_denomination_audit_only,False,False,1788866053.0,1788866056.0,29021068.126759738,39529.08471710876,,prior_trade_average_not_size_specific_quote,,,True,False,unknown,,132,131,1.2418598997958599,433,0,at_least_90pct_buys_below_one_usdt;execution_unverified;graduation_event_time_unavailable;historical_state_unverified;incomplete_trade_provenance;no_recorded_x_signal;nonnative_quote_labeled_bnb;threshold_met_at_first_stored_buy;unsupported_by_current_native_executor;usdt_fdv_proxy_below_50000_quote_units
28,0x97b46fffd146373bb7e72e57cb113af490654444,牛来人生,0x55d398326f99059ff775485246999027b3197955,USDT,18,18,122089910,later_snapshot_for_denomination_audit_only,False,False,1788313691.0,1788313694.0,24076199.38322603,32793.7662710626,,prior_trade_average_not_size_specific_quote,,,False,False,unknown,,92,62,0.3341112517174628,184,0,execution_unverified;graduation_event_time_unavailable;historical_state_unverified;incomplete_trade_provenance;no_recorded_x_signal;nonnative_quote_labeled_bnb;threshold_met_at_first_stored_buy;unsupported_by_current_native_executor;usdt_fdv_proxy_below_50000_quote_units
248,0x985df4dea0b0e8125cd27c06c311947698c2ffff,fuseP,0x8d0d000ee44948fc98c9b98a4fa4921476f08b0d,USD1,18,18,122089910,later_snapshot_for_denomination_audit_only,False,False,1788837491.0,1788837494.0,3461381.553767169,4714.68672619035,,prior_trade_average_not_size_specific_quote,,,False,False,unknown,,9,,,57,0,execution_unverified;graduation_event_time_unavailable;historical_state_unverified;incomplete_trade_provenance;no_recorded_x_signal;nonnative_quote_labeled_bnb;threshold_met_at_first_stored_buy;unsupported_by_current_native_executor
347,0x9898444105d2f043bd0d8aec94ccfe3a68074444,我踏牛来,0x55d398326f99059ff775485246999027b3197955,USDT,18,18,122089910,later_snapshot_for_denomination_audit_only,False,False,1788543474.0,1788543477.0,26807557.905056354,36514.10150926401,,prior_trade_average_not_size_specific_quote,,,False,False,unknown,,112,110,1.1704974785389541,348,0,at_least_90pct_buys_below_one_usdt;execution_unverified;graduation_event_time_unavailable;historical_state_unverified;incomplete_trade_provenance;no_recorded_x_signal;nonnative_quote_labeled_bnb;threshold_met_at_first_stored_buy;unsupported_by_current_native_executor;usdt_fdv_proxy_below_50000_quote_units
566,0x98df288556bc330a903d78d23d7e170129734444,我踏牛来,0x55d398326f99059ff775485246999027b3197955,USDT,18,18,122089910,later_snapshot_for_denomination_audit_only,False,False,1787452471.0,1787452474.0,15834837.458927462,21568.35264165992,,prior_trade_average_not_size_specific_quote,,,False,False,unknown,,5,1,0.6025742920363483,552,0,execution_unverified;graduation_event_time_unavailable;historical_state_unverified;incomplete_trade_provenance;no_recorded_x_signal;nonnative_quote_labeled_bnb;threshold_met_at_first_stored_buy;unsupported_by_current_native_executor;usdt_fdv_proxy_below_50000_quote_units
441,0x98fc87836939de6378296650b92c3c82ddc44444,牛来,0x55d398326f99059ff775485246999027b3197955,USDT,18,18,122089910,later_snapshot_for_denomination_audit_only,False,False,1787231412.0,1787231415.0,27219653.870193012,37075.41015050058,,prior_trade_average_not_size_specific_quote,,,False,False,unknown,,67,52,0.9370914799735159,815,0,execution_unverified;graduation_event_time_unavailable;historical_state_unverified;incomplete_trade_provenance;no_recorded_x_signal;nonnative_quote_labeled_bnb;threshold_met_at_first_stored_buy;unsupported_by_current_native_executor;usdt_fdv_proxy_below_50000_quote_units
545,0x990da267240cafa1eb9bbc75deab8768d2fe4444,景甜人生,0x55d398326f99059ff775485246999027b3197955,USDT,18,18,122089910,later_snapshot_for_denomination_audit_only,False,False,1787999387.0,1787999390.0,23002735.25456337,31331.619726443965,,prior_trade_average_not_size_specific_quote,,,False,False,unknown,,197,190,1.0346891891958485,660,0,at_least_90pct_buys_below_one_usdt;execution_unverified;graduation_event_time_unavailable;historical_state_unverified;incomplete_trade_provenance;no_recorded_x_signal;nonnative_quote_labeled_bnb;threshold_met_at_first_stored_buy;unsupported_by_current_native_executor;usdt_fdv_proxy_below_50000_quote_units
408,0x99f91bf52d8f1a1bd323311272a215bfcf014444,LAPTOP,0x55d398326f99059ff775485246999027b3197955,USDT,18,18,122089910,later_snapshot_for_denomination_audit_only,False,False,1788960597.0,1788960600.0,26101075.11982972,35551.81377586897,,prior_trade_average_not_size_specific_quote,,,False,False,unknown,,284,254,0.9810378999661682,857,0,execution_unverified;graduation_event_time_unavailable;historical_state_unverified;incomplete_trade_provenance;no_recorded_x_signal;nonnative_quote_labeled_bnb;threshold_met_at_first_stored_buy;unsupported_by_current_native_executor;usdt_fdv_proxy_below_50000_quote_units
5,0x99fb113364f31b10ff869dc2cf4c91b971094444,Z Bull,0x55d398326f99059ff775485246999027b3197955,USDT,18,18,122089910,later_snapshot_for_denomination_audit_only,False,False,1787280158.0,1787280161.0,28149887.07565322,38342.46438243625,,prior_trade_average_not_size_specific_quote,,,False,False,unknown,,11,1,0.5286041830435363,173,0,execution_unverified;graduation_event_time_unavailable;historical_state_unverified;incomplete_trade_provenance;no_recorded_x_signal;nonnative_quote_labeled_bnb;threshold_met_at_first_stored_buy;unsupported_by_current_native_executor;usdt_fdv_proxy_below_50000_quote_units
426,0x9a0387461e5218c6b8c97d89857daec97e434444,One Doller,0x55d398326f99059ff775485246999027b3197955,USDT,18,18,122089910,later_snapshot_for_denomination_audit_only,False,False,1788437163.0,1788437166.0,26920107.580868494,36667.40343635465,,prior_trade_average_not_size_specific_quote,,,False,False,unknown,,223,220,1.1876039826984113,630,0,at_least_90pct_buys_below_one_usdt;execution_unverified;graduation_event_time_unavailable;historical_state_unverified;incomplete_trade_provenance;no_recorded_x_signal;nonnative_quote_labeled_bnb;threshold_met_at_first_stored_buy;unsupported_by_current_native_executor;usdt_fdv_proxy_below_50000_quote_units
94,0x9a49fa74f1fb7b3b1a586b63064305149ffe4444,AFOB,0x55d398326f99059ff775485246999027b3197955,USDT,18,18,122089910,later_snapshot_for_denomination_audit_only,False,False,1787055767.0,1787055770.0,11853652.74700332,16145.65120749053,,prior_trade_average_not_size_specific_quote,,,False,False,unknown,,8,2,1.4855743646798756,199,0,execution_unverified;graduation_event_time_unavailable;historical_state_unverified;incomplete_trade_provenance;no_recorded_x_signal;nonnative_quote_labeled_bnb;threshold_met_at_first_stored_buy;unsupported_by_current_native_executor;usdt_fdv_proxy_below_50000_quote_units
224,0x9a710b27d55441240b6ecff1d3979a6873ffffff,汽茫,0x46ceefda28dd7207059ed19b0acdc026955bb15c,GMEB,18,18,122089910,later_snapshot_for_denomination_audit_only,False,False,1787465881.0,1787465884.0,190554.13852829044,259.5504290944746,,prior_trade_average_not_size_specific_quote,,,False,False,unknown,,8,,,16,0,execution_unverified;graduation_event_time_unavailable;historical_state_unverified;incomplete_trade_provenance;no_recorded_x_signal;nonnative_quote_labeled_bnb;threshold_met_at_first_stored_buy;unsupported_by_current_native_executor
85,0x9a83597ca046047433c9f633dbc89db3588e4444,𝑓𝑓𝑓𝑓,0x46ceefda28dd7207059ed19b0acdc026955bb15c,GMEB,18,18,122089910,later_snapshot_for_denomination_audit_only,False,False,1786952714.0,1786952717.0,813690.5874132726,1108.31358869645,,prior_trade_average_not_size_specific_quote,,,False,False,unknown,,192,,,686,0,execution_unverified;graduation_event_time_unavailable;historical_state_unverified;incomplete_trade_provenance;no_recorded_x_signal;nonnative_quote_labeled_bnb;threshold_met_at_first_stored_buy;unsupported_by_current_native_executor
327,0x9a9d1ac425e9a79ea479a3e67f8f95e4db334444,牛来 BNB,0x55d398326f99059ff775485246999027b3197955,USDT,18,18,122089910,later_snapshot_for_denomination_audit_only,False,False,1787569251.0,1787569254.0,24121828.46524863,32855.91683840068,,prior_trade_average_not_size_specific_quote,,,False,False,unknown,,33,1,0.5664295729135551,754,0,execution_unverified;graduation_event_time_unavailable;historical_state_unverified;incomplete_trade_provenance;no_recorded_x_signal;nonnative_quote_labeled_bnb;threshold_met_at_first_stored_buy;unsupported_by_current_native_executor;usdt_fdv_proxy_below_50000_quote_units
589,0x9adc3d87e053eee18e3544a0274141bb4969ffff,Z,0x02fca66c1d1afb4e2a7884261eb00f63598a7436,NVDAB,18,18,122089910,later_snapshot_for_denomination_audit_only,False,False,1786704355.0,1786704358.0,56760.40779395394,77.31234972002935,,prior_trade_average_not_size_specific_quote,1786704716,False,False,False,unknown,,6,,,170,0,execution_unverified;historical_state_unverified;incomplete_trade_provenance;no_recorded_x_signal;nonnative_quote_labeled_bnb;requires_dex_state_for_1h_outcome;unsupported_by_current_native_executor
585,0x9b152b0706f98cca77839fd46c141da06f63ffff,bood,0xa394dcea3fd3847fd793afbfd163e2e3858b7c65,HOODB,18,18,122089910,later_snapshot_for_denomination_audit_only,False,False,1788635872.0,1788635875.0,83607.3253564975,113.88006232411772,,prior_trade_average_not_size_specific_quote,1788637542,False,False,False,unknown,,5,,,72,0,execution_unverified;historical_state_unverified;incomplete_trade_provenance;no_recorded_x_signal;nonnative_quote_labeled_bnb;requires_dex_state_for_1h_outcome;unsupported_by_current_native_executor
76,0x9b3595c3571931d06f94569ddc4e747a0afb4444,马上牛来,0x55d398326f99059ff775485246999027b3197955,USDT,18,18,122089910,later_snapshot_for_denomination_audit_only,False,False,1787310674.0,1787310677.0,16030621.230590275,21835.02626175174,,prior_trade_average_not_size_specific_quote,,,False,False,unknown,,5,2,1.3529451857398471,130,0,execution_unverified;graduation_event_time_unavailable;historical_state_unverified;incomplete_trade_provenance;no_recorded_x_signal;nonnative_quote_labeled_bnb;threshold_met_at_first_stored_buy;unsupported_by_current_native_executor;usdt_fdv_proxy_below_50000_quote_units
605,0x9b548ff8f6623c133aa61cddd655c14af163ffff,ffff,0x46ceefda28dd7207059ed19b0acdc026955bb15c,GMEB,18,18,122089910,later_snapshot_for_denomination_audit_only,False,False,1786952640.0,1786952643.0,1717955.898290915,2339.997409715618,,prior_trade_average_not_size_specific_quote,1786952642,True,False,False,unknown,,191,,,374,0,curve_venue_ended_before_assumed_entry;execution_unverified;historical_state_unverified;incomplete_trade_provenance;no_recorded_x_signal;nonnative_quote_labeled_bnb;requires_dex_state_for_1h_outcome;threshold_met_at_first_stored_buy;unsupported_by_current_native_executor
70,0x9b9754c5f7f2b5cb6c1d1a67cfa31fa145c04444,AFOB,0x55d398326f99059ff775485246999027b3197955,USDT,18,18,122089910,later_snapshot_for_denomination_audit_only,False,False,1787059597.0,1787059600.0,16507483.942017708,22484.552545074996,,prior_trade_average_not_size_specific_quote,,,False,False,unknown,,6,1,0.4798670953804433,189,0,execution_unverified;graduation_event_time_unavailable;historical_state_unverified;incomplete_trade_provenance;no_recorded_x_signal;nonnative_quote_labeled_bnb;threshold_met_at_first_stored_buy;unsupported_by_current_native_executor;usdt_fdv_proxy_below_50000_quote_units
340,0x9b99b55b78a488028039e80c839c0d493ffa4444,MEME,0x55d398326f99059ff775485246999027b3197955,USDT,18,18,122089910,later_snapshot_for_denomination_audit_only,False,False,1788513878.0,1788513881.0,26833441.79720774,36549.35750195151,,prior_trade_average_not_size_specific_quote,,,False,False,unknown,,234,232,0.36822062029880837,678,0,at_least_90pct_buys_below_one_usdt;execution_unverified;graduation_event_time_unavailable;historical_state_unverified;incomplete_trade_provenance;no_recorded_x_signal;nonnative_quote_labeled_bnb;threshold_met_at_first_stored_buy;unsupported_by_current_native_executor;usdt_fdv_proxy_below_50000_quote_units
210,0x9e12f5c1303aba330bf54d1bfa747bb3a19effff,BBW,0x46ceefda28dd7207059ed19b0acdc026955bb15c,GMEB,18,18,122089910,later_snapshot_for_denomination_audit_only,False,False,1786968623.0,1786968626.0,202801.2438243939,276.2319950752467,,prior_trade_average_not_size_specific_quote,,,False,False,unknown,,5,,,10,0,execution_unverified;graduation_event_time_unavailable;historical_state_unverified;incomplete_trade_provenance;no_recorded_x_signal;nonnative_quote_labeled_bnb;threshold_met_at_first_stored_buy;unsupported_by_current_native_executor
436,0x9e3265692fa5e1e9c7c38d353d6bec7648824444,牛来人生,0x55d398326f99059ff775485246999027b3197955,USDT,18,18,122089910,later_snapshot_for_denomination_audit_only,False,False,1788357205.0,1788357208.0,24081619.407798853,32801.14879087793,,prior_trade_average_not_size_specific_quote,,,False,False,unknown,,59,28,4.3893792030312e-05,812,0,execution_unverified;graduation_event_time_unavailable;historical_state_unverified;incomplete_trade_provenance;no_recorded_x_signal;nonnative_quote_labeled_bnb;threshold_met_at_first_stored_buy;unsupported_by_current_native_executor;usdt_fdv_proxy_below_50000_quote_units
302,0x9f28457a8cbcf95514610ab3183bc0b957474444,公路之王,0x55d398326f99059ff775485246999027b3197955,USDT,18,18,122089910,later_snapshot_for_denomination_audit_only,False,False,1789208166.0,1789208169.0,28287746.542847358,38530.24032968844,,prior_trade_average_not_size_specific_quote,,,False,False,unknown,,211,208,0.33995355564356666,524,0,at_least_90pct_buys_below_one_usdt;execution_unverified;graduation_event_time_unavailable;historical_state_unverified;incomplete_trade_provenance;no_recorded_x_signal;nonnative_quote_labeled_bnb;threshold_met_at_first_stored_buy;unsupported_by_current_native_executor;usdt_fdv_proxy_below_50000_quote_units
244,0x9fbbe6b9e8d9eddefee203447b065f9cbff5ffff,ESA,0x46ceefda28dd7207059ed19b0acdc026955bb15c,GMEB,18,18,122089910,later_snapshot_for_denomination_audit_only,False,False,1789145347.0,1789145350.0,186832.32397123598,254.4810111707588,,prior_trade_average_not_size_specific_quote,,,False,False,unknown,,8,,,39,0,execution_unverified;graduation_event_time_unavailable;historical_state_unverified;incomplete_trade_provenance;no_recorded_x_signal;nonnative_quote_labeled_bnb;threshold_met_at_first_stored_buy;unsupported_by_current_native_executor
238,0xa0570709db1ba76393473a89eeba0d7f0d39ffff,牛来,0x46ceefda28dd7207059ed19b0acdc026955bb15c,GMEB,18,18,122089910,later_snapshot_for_denomination_audit_only,False,False,1786725142.0,1786725145.0,183132.62289491209,249.4417136288763,,prior_trade_average_not_size_specific_quote,,,False,False,unknown,,11,,,558,0,execution_unverified;graduation_event_time_unavailable;historical_state_unverified;incomplete_trade_provenance;no_recorded_x_signal;nonnative_quote_labeled_bnb;threshold_met_at_first_stored_buy;unsupported_by_current_native_executor
324,0xa0d9c3b2e3f8a1dda49e5388c736e51fc7034444,4STOCKS,0x55d398326f99059ff775485246999027b3197955,USDT,18,18,122089910,later_snapshot_for_denomination_audit_only,False,False,1788843095.0,1788843098.0,26895985.893142976,36634.54771121535,,prior_trade_average_not_size_specific_quote,,,False,False,unknown,,33,27,0.05061257774623024,619,0,execution_unverified;graduation_event_time_unavailable;historical_state_unverified;incomplete_trade_provenance;no_recorded_x_signal;nonnative_quote_labeled_bnb;threshold_met_at_first_stored_buy;unsupported_by_current_native_executor;usdt_fdv_proxy_below_50000_quote_units
106,0xa106bf911780968d49605832d679722fada44444,SpaceXcoin,0x55d398326f99059ff775485246999027b3197955,USDT,18,18,122089910,later_snapshot_for_denomination_audit_only,False,False,1786705930.0,1786705933.0,8413666.637726255,11460.106838642623,,prior_trade_average_not_size_specific_quote,,,False,False,unknown,,7,2,1.0083843370909176,68,0,execution_unverified;graduation_event_time_unavailable;historical_state_unverified;incomplete_trade_provenance;no_recorded_x_signal;nonnative_quote_labeled_bnb;threshold_met_at_first_stored_buy;unsupported_by_current_native_executor;usdt_fdv_proxy_below_50000_quote_units
207,0xa1647009dbcbece6dc3cf22e89235e429d35ffff,BBW,0x46ceefda28dd7207059ed19b0acdc026955bb15c,GMEB,18,18,122089910,later_snapshot_for_denomination_audit_only,False,False,1786968694.0,1786968697.0,202076.59187841936,275.2449594486554,,prior_trade_average_not_size_specific_quote,,,False,False,unknown,,7,,,21,0,execution_unverified;graduation_event_time_unavailable;historical_state_unverified;incomplete_trade_provenance;no_recorded_x_signal;nonnative_quote_labeled_bnb;threshold_met_at_first_stored_buy;unsupported_by_current_native_executor
479,0xa2a79537331345adc42c1f3f66161b69e4b94444,我踏牛来,0x55d398326f99059ff775485246999027b3197955,USDT,18,18,122089910,later_snapshot_for_denomination_audit_only,False,False,1787128477.0,1787128480.0,27248552.740684737,37114.77279197561,,prior_trade_average_not_size_specific_quote,,,False,False,unknown,,11,2,1.4766073294943725,889,0,execution_unverified;graduation_event_time_unavailable;historical_state_unverified;incomplete_trade_provenance;no_recorded_x_signal;nonnative_quote_labeled_bnb;threshold_met_at_first_stored_buy;unsupported_by_current_native_executor;usdt_fdv_proxy_below_50000_quote_units
229,0xa2fe4f15978902c2478f212c4da785ec0d4bffff,安友,0x46ceefda28dd7207059ed19b0acdc026955bb15c,GMEB,18,18,122089910,later_snapshot_for_denomination_audit_only,False,False,1786887435.0,1786887438.0,188143.27649108585,256.2666364616994,,prior_trade_average_not_size_specific_quote,,,False,False,unknown,,7,,,14,0,execution_unverified;graduation_event_time_unavailable;historical_state_unverified;incomplete_trade_provenance;no_recorded_x_signal;nonnative_quote_labeled_bnb;threshold_met_at_first_stored_buy;unsupported_by_current_native_executor
86,0xa3612d20c84d1eb99df1af1b44b491685d144444,安交所 bull,0x55d398326f99059ff775485246999027b3197955,USDT,18,18,122089910,later_snapshot_for_denomination_audit_only,False,False,1787476695.0,1787476698.0,15016780.102864632,20454.091154452824,,prior_trade_average_not_size_specific_quote,,,False,False,unknown,,6,1,0.549950366856589,110,0,execution_unverified;graduation_event_time_unavailable;historical_state_unverified;incomplete_trade_provenance;no_recorded_x_signal;nonnative_quote_labeled_bnb;threshold_met_at_first_stored_buy;unsupported_by_current_native_executor;usdt_fdv_proxy_below_50000_quote_units
393,0xa59a9755a3c03089c2ab3c088e3b8aee2c0c4444,火星人生,0x55d398326f99059ff775485246999027b3197955,USDT,18,18,122089910,later_snapshot_for_denomination_audit_only,False,False,1788658744.0,1788658747.0,26812342.406397942,36520.61839410211,,prior_trade_average_not_size_specific_quote,,,False,False,unknown,,134,129,0.24765457183069917,585,0,at_least_90pct_buys_below_one_usdt;execution_unverified;graduation_event_time_unavailable;historical_state_unverified;incomplete_trade_provenance;no_recorded_x_signal;nonnative_quote_labeled_bnb;threshold_met_at_first_stored_buy;unsupported_by_current_native_executor;usdt_fdv_proxy_below_50000_quote_units
367,0xa5c14742c8a258005ebb55227f3e99091ac54444,我踏牛来,0x55d398326f99059ff775485246999027b3197955,USDT,18,18,122089910,later_snapshot_for_denomination_audit_only,False,False,1788411982.0,1788411985.0,26990505.283360116,36763.29090450457,,prior_trade_average_not_size_specific_quote,,,False,False,unknown,,181,177,0.2915964644964328,582,0,at_least_90pct_buys_below_one_usdt;execution_unverified;graduation_event_time_unavailable;historical_state_unverified;incomplete_trade_provenance;no_recorded_x_signal;nonnative_quote_labeled_bnb;threshold_met_at_first_stored_buy;unsupported_by_current_native_executor;usdt_fdv_proxy_below_50000_quote_units
349,0xa692e71a6416191a49eef77fca927303039c4444,牛来人生,0x55d398326f99059ff775485246999027b3197955,USDT,18,18,122089910,later_snapshot_for_denomination_audit_only,False,False,1788954993.0,1788954996.0,26116403.344700675,35572.69208044551,,prior_trade_average_not_size_specific_quote,,,False,False,unknown,,285,254,0.9779045254952538,800,0,execution_unverified;graduation_event_time_unavailable;historical_state_unverified;incomplete_trade_provenance;no_recorded_x_signal;nonnative_quote_labeled_bnb;threshold_met_at_first_stored_buy;unsupported_by_current_native_executor;usdt_fdv_proxy_below_50000_quote_units
309,0xa749fa40881a02c5a18973e8e7f60e64c4e14444,4STOCK,0x55d398326f99059ff775485246999027b3197955,USDT,18,18,122089910,later_snapshot_for_denomination_audit_only,False,False,1788845237.0,1788845240.0,30385836.130235333,41388.01112853335,,prior_trade_average_not_size_specific_quote,,,False,False,unknown,,195,163,0.000251074220949789,577,0,execution_unverified;graduation_event_time_unavailable;historical_state_unverified;incomplete_trade_provenance;no_recorded_x_signal;nonnative_quote_labeled_bnb;threshold_met_at_first_stored_buy;unsupported_by_current_native_executor;usdt_fdv_proxy_below_50000_quote_units
496,0xa760621b9b6c72355417e7c364445144ead54444,币安人生书友会,0x55d398326f99059ff775485246999027b3197955,USDT,18,18,122089910,later_snapshot_for_denomination_audit_only,False,False,1787806274.0,1787806277.0,22621597.837430626,30812.47917707156,,prior_trade_average_not_size_specific_quote,,,False,False,unknown,,30,0,0.0,747,0,execution_unverified;graduation_event_time_unavailable;historical_state_unverified;incomplete_trade_provenance;no_recorded_x_signal;nonnative_quote_labeled_bnb;threshold_met_at_first_stored_buy;unsupported_by_current_native_executor;usdt_fdv_proxy_below_50000_quote_units
470,0xa8d717269973e627443d3a4d296f54ee70af4444,BINANCE HAT,0x55d398326f99059ff775485246999027b3197955,USDT,18,18,122089910,later_snapshot_for_denomination_audit_only,False,False,1787710334.0,1787710337.0,22621597.837430626,30812.47917707156,,prior_trade_average_not_size_specific_quote,,,False,False,unknown,,30,0,0.0,804,0,execution_unverified;graduation_event_time_unavailable;historical_state_unverified;incomplete_trade_provenance;no_recorded_x_signal;nonnative_quote_labeled_bnb;threshold_met_at_first_stored_buy;unsupported_by_current_native_executor;usdt_fdv_proxy_below_50000_quote_units
269,0xa8e284412576ba7449c307c92d4f3d58df5e4444,上海自来水来自海上,0x46ceefda28dd7207059ed19b0acdc026955bb15c,GMEB,18,18,122089910,later_snapshot_for_denomination_audit_only,False,False,1787122553.0,1787122556.0,193301.06100341858,263.2919637187825,,prior_trade_average_not_size_specific_quote,,,False,False,unknown,,5,,,11,0,execution_unverified;graduation_event_time_unavailable;historical_state_unverified;incomplete_trade_provenance;no_recorded_x_signal;nonnative_quote_labeled_bnb;threshold_met_at_first_stored_buy;unsupported_by_current_native_executor
396,0xa98adf9f881b59c7e50cffe9acbe7d67f6cc4444,牛来人生,0x55d398326f99059ff775485246999027b3197955,USDT,18,18,122089910,later_snapshot_for_denomination_audit_only,False,False,1789129946.0,1789129949.0,26210307.726159126,35700.59758115849,,prior_trade_average_not_size_specific_quote,,,False,False,unknown,,33,1,0.9876286868542818,759,0,execution_unverified;graduation_event_time_unavailable;historical_state_unverified;incomplete_trade_provenance;no_recorded_x_signal;nonnative_quote_labeled_bnb;threshold_met_at_first_stored_buy;unsupported_by_current_native_executor;usdt_fdv_proxy_below_50000_quote_units
306,0xa9f4a5f46912917002fb13a282955b406f994444,安交所,0x55d398326f99059ff775485246999027b3197955,USDT,18,18,122089910,later_snapshot_for_denomination_audit_only,False,False,1789112304.0,1789112307.0,28579151.383791115,38927.15772067929,,prior_trade_average_not_size_specific_quote,,,False,False,unknown,,192,186,0.1675495869184607,699,0,at_least_90pct_buys_below_one_usdt;execution_unverified;graduation_event_time_unavailable;historical_state_unverified;incomplete_trade_provenance;no_recorded_x_signal;nonnative_quote_labeled_bnb;threshold_met_at_first_stored_buy;unsupported_by_current_native_executor;usdt_fdv_proxy_below_50000_quote_units
478,0xaa68c7a3b560ef7dc1e09a2e304bf2890f774444,牛来人生,0x55d398326f99059ff775485246999027b3197955,USDT,18,18,122089910,later_snapshot_for_denomination_audit_only,False,False,1789165752.0,1789165755.0,26098841.786191683,35548.77179153559,,prior_trade_average_not_size_specific_quote,,,False,False,unknown,,31,1,0.8902306649326894,747,0,execution_unverified;graduation_event_time_unavailable;historical_state_unverified;incomplete_trade_provenance;no_recorded_x_signal;nonnative_quote_labeled_bnb;threshold_met_at_first_stored_buy;unsupported_by_current_native_executor;usdt_fdv_proxy_below_50000_quote_units
590,0xaac89a2d512131ff128e2b4dc2dcbcae420fffff,HODL,0x46ceefda28dd7207059ed19b0acdc026955bb15c,GMEB,18,18,122089910,later_snapshot_for_denomination_audit_only,False,False,1786885702.0,1786885705.0,192039.49356395256,261.57360497426015,,prior_trade_average_not_size_specific_quote,,,False,False,unknown,,6,,,494,0,execution_unverified;graduation_event_time_unavailable;historical_state_unverified;incomplete_trade_provenance;no_recorded_x_signal;nonnative_quote_labeled_bnb;threshold_met_at_first_stored_buy;unsupported_by_current_native_executor
384,0xab180d02d83bca0bf87a496745bd61e928e84444,BNB SEASON 🔶,0x55d398326f99059ff775485246999027b3197955,USDT,18,18,122089910,later_snapshot_for_denomination_audit_only,False,False,1788833141.0,1788833144.0,26098517.462159436,35548.3300354951,,prior_trade_average_not_size_specific_quote,,,True,False,unknown,,284,254,0.3672881650898248,841,0,execution_unverified;graduation_event_time_unavailable;historical_state_unverified;incomplete_trade_provenance;no_recorded_x_signal;nonnative_quote_labeled_bnb;threshold_met_at_first_stored_buy;unsupported_by_current_native_executor;usdt_fdv_proxy_below_50000_quote_units
606,0xabed98e3aa42b5ab79cce9e7ebb274688ba2ffff,CARE,0x0000000000000000000000000000000000000000,BNB,18,18,122089910,later_snapshot_for_denomination_audit_only,False,True,1788277236.0,1788277239.0,63759.298709660914,86.84541551638029,,prior_trade_average_not_size_specific_quote,1788277227,True,False,False,unknown,,34,,,1473,0,curve_venue_ended_before_assumed_entry;execution_unverified;historical_state_unverified;incomplete_trade_provenance;no_recorded_x_signal;requires_dex_state_for_1h_outcome
582,0xac5a100a7881c6c8530ef4f2c788c8f1bcd04444,牛马,0x55d398326f99059ff775485246999027b3197955,USDT,18,18,122089910,later_snapshot_for_denomination_audit_only,False,False,1787305679.0,1787305682.0,15287426.631519958,20822.73401462871,,prior_trade_average_not_size_specific_quote,,,False,False,unknown,,7,2,1.3540471623454176,576,0,execution_unverified;graduation_event_time_unavailable;historical_state_unverified;incomplete_trade_provenance;no_recorded_x_signal;nonnative_quote_labeled_bnb;threshold_met_at_first_stored_buy;unsupported_by_current_native_executor;usdt_fdv_proxy_below_50000_quote_units
368,0xac5d0c56403b9c2888150f8f71b2d730890d4444,FOUR 人生,0x55d398326f99059ff775485246999027b3197955,USDT,18,18,122089910,later_snapshot_for_denomination_audit_only,False,False,1789233318.0,1789233321.0,24076838.54479245,32794.63686175198,,prior_trade_average_not_size_specific_quote,,,False,False,unknown,,31,1,0.9876242443418854,488,0,execution_unverified;graduation_event_time_unavailable;historical_state_unverified;incomplete_trade_provenance;no_recorded_x_signal;nonnative_quote_labeled_bnb;threshold_met_at_first_stored_buy;unsupported_by_current_native_executor;usdt_fdv_proxy_below_50000_quote_units
332,0xac625983264bb3a6060741c97a8f1ae0a9054444,bStocks  King,0x55d398326f99059ff775485246999027b3197955,USDT,18,18,122089910,later_snapshot_for_denomination_audit_only,False,False,1788970404.0,1788970407.0,27726037.704671185,37765.14663452768,,prior_trade_average_not_size_specific_quote,,,False,False,unknown,,83,82,0.20198288950039445,388,0,at_least_90pct_buys_below_one_usdt;execution_unverified;graduation_event_time_unavailable;historical_state_unverified;incomplete_trade_provenance;no_recorded_x_signal;nonnative_quote_labeled_bnb;threshold_met_at_first_stored_buy;unsupported_by_current_native_executor;usdt_fdv_proxy_below_50000_quote_units
512,0xac68ec9832234e60e6d1294f4c2a79989a804444,人牛何一,0x55d398326f99059ff775485246999027b3197955,USDT,18,18,122089910,later_snapshot_for_denomination_audit_only,False,False,1787748276.0,1787748279.0,14053810.492175598,19142.44724270346,,prior_trade_average_not_size_specific_quote,,,False,False,unknown,,33,0,0.0,855,0,execution_unverified;graduation_event_time_unavailable;historical_state_unverified;incomplete_trade_provenance;no_recorded_x_signal;nonnative_quote_labeled_bnb;threshold_met_at_first_stored_buy;unsupported_by_current_native_executor;usdt_fdv_proxy_below_50000_quote_units
490,0xaccddd66a60cb679a58288d965e45ca813264444,牛基米,0x55d398326f99059ff775485246999027b3197955,USDT,18,18,122089910,later_snapshot_for_denomination_audit_only,False,False,1788770232.0,1788770235.0,24074863.631230947,32791.94686684412,,prior_trade_average_not_size_specific_quote,,,True,False,unknown,,284,253,0.000373735136197714,1150,0,execution_unverified;graduation_event_time_unavailable;historical_state_unverified;incomplete_trade_provenance;no_recorded_x_signal;nonnative_quote_labeled_bnb;threshold_met_at_first_stored_buy;unsupported_by_current_native_executor;usdt_fdv_proxy_below_50000_quote_units
607,0xad21df6d5b2b9a992c5fd1aa9ae724f35e75ffff,CAT,0x0000000000000000000000000000000000000000,BNB,18,18,122089910,later_snapshot_for_denomination_audit_only,False,True,1787808197.0,1787808200.0,64269.99636963092,87.54102778597726,,prior_trade_average_not_size_specific_quote,1787808188,True,False,False,unknown,,33,,,246,0,curve_venue_ended_before_assumed_entry;execution_unverified;historical_state_unverified;incomplete_trade_provenance;no_recorded_x_signal;requires_dex_state_for_1h_outcome
321,0xad55853074523345718baff29625b479be364444,BNB Bull,0x55d398326f99059ff775485246999027b3197955,USDT,18,18,122089910,later_snapshot_for_denomination_audit_only,False,False,1787420927.0,1787420930.0,25909737.6236551,35291.19634914952,,prior_trade_average_not_size_specific_quote,,,False,False,unknown,,8,1,0.4625629501846605,557,0,execution_unverified;graduation_event_time_unavailable;historical_state_unverified;incomplete_trade_provenance;no_recorded_x_signal;nonnative_quote_labeled_bnb;threshold_met_at_first_stored_buy;unsupported_by_current_native_executor;usdt_fdv_proxy_below_50000_quote_units
78,0xad61f66fc2b1c271b3249a9480e085b178074444,牛来,0x55d398326f99059ff775485246999027b3197955,USDT,18,18,122089910,later_snapshot_for_denomination_audit_only,False,False,1786792010.0,1786792013.0,15669476.59517606,21343.117527515507,,prior_trade_average_not_size_specific_quote,,,False,False,unknown,,6,2,1.0601029773466593,459,0,execution_unverified;graduation_event_time_unavailable;historical_state_unverified;incomplete_trade_provenance;no_recorded_x_signal;nonnative_quote_labeled_bnb;threshold_met_at_first_stored_buy;unsupported_by_current_native_executor;usdt_fdv_proxy_below_50000_quote_units
276,0xad87dc1e223b85fd4bd441393be65465b6bdffff,meme szn,0x46ceefda28dd7207059ed19b0acdc026955bb15c,GMEB,18,18,122089910,later_snapshot_for_denomination_audit_only,False,False,1787212868.0,1787212871.0,195675.07212555798,266.5255623705109,,prior_trade_average_not_size_specific_quote,,,False,False,unknown,,7,,,16,0,execution_unverified;graduation_event_time_unavailable;historical_state_unverified;incomplete_trade_provenance;no_recorded_x_signal;nonnative_quote_labeled_bnb;threshold_met_at_first_stored_buy;unsupported_by_current_native_executor
394,0xadf3af1957252831e2c804f2096262a9a8394444,景甜宇宙,0x55d398326f99059ff775485246999027b3197955,USDT,18,18,122089910,later_snapshot_for_denomination_audit_only,False,False,1787888294.0,1787888297.0,23035965.780503392,31376.882439357905,,prior_trade_average_not_size_specific_quote,,,False,False,unknown,,9,1,0.4717116702982176,550,0,execution_unverified;graduation_event_time_unavailable;historical_state_unverified;incomplete_trade_provenance;no_recorded_x_signal;nonnative_quote_labeled_bnb;threshold_met_at_first_stored_buy;unsupported_by_current_native_executor;usdt_fdv_proxy_below_50000_quote_units
271,0xae3da9d9242e752a977353310ec6d38a26064444,tea,0x8d0d000ee44948fc98c9b98a4fa4921476f08b0d,USD1,18,18,122089910,later_snapshot_for_denomination_audit_only,False,False,1788187686.0,1788187689.0,3060833.3448726544,4169.107079930608,,prior_trade_average_not_size_specific_quote,,,False,False,unknown,,5,,,11,0,execution_unverified;graduation_event_time_unavailable;historical_state_unverified;incomplete_trade_provenance;no_recorded_x_signal;nonnative_quote_labeled_bnb;threshold_met_at_first_stored_buy;unsupported_by_current_native_executor
459,0xae9b4d41c5c36dee254cc77b4d854b4805624444,牛来火星,0x55d398326f99059ff775485246999027b3197955,USDT,18,18,122089910,later_snapshot_for_denomination_audit_only,False,False,1788607214.0,1788607217.0,27020802.2630473,36804.5578858402,,prior_trade_average_not_size_specific_quote,,,False,False,unknown,,192,188,0.3431275772802559,574,0,at_least_90pct_buys_below_one_usdt;execution_unverified;graduation_event_time_unavailable;historical_state_unverified;incomplete_trade_provenance;no_recorded_x_signal;nonnative_quote_labeled_bnb;threshold_met_at_first_stored_buy;unsupported_by_current_native_executor;usdt_fdv_proxy_below_50000_quote_units
77,0xaeaa95cb126f2641c2861278d669fd118170ffff,memes,0xf2ec508422174ee564de98187db9359d318afb6b,DJTB,18,18,122089910,later_snapshot_for_denomination_audit_only,False,False,1788523800.0,1788523803.0,1532343.5574251525,2087.1781160019514,,prior_trade_average_not_size_specific_quote,,,False,False,unknown,,88,,,305,0,execution_unverified;graduation_event_time_unavailable;historical_state_unverified;incomplete_trade_provenance;no_recorded_x_signal;nonnative_quote_labeled_bnb;threshold_met_at_first_stored_buy;unsupported_by_current_native_executor
186,0xaedb719286d585b30a815f08dce8f8717767ffff,𝑓𝑓𝑓𝑓,0x46ceefda28dd7207059ed19b0acdc026955bb15c,GMEB,18,18,122089910,later_snapshot_for_denomination_audit_only,False,False,1786952728.0,1786952731.0,243367.35715638078,331.48638211365324,,prior_trade_average_not_size_specific_quote,,,False,False,unknown,,10,,,29,0,execution_unverified;graduation_event_time_unavailable;historical_state_unverified;incomplete_trade_provenance;no_recorded_x_signal;nonnative_quote_labeled_bnb;threshold_met_at_first_stored_buy;unsupported_by_current_native_executor
122,0xb0399aee9779899b3897fef960db752c45744444,BCB,0x46ceefda28dd7207059ed19b0acdc026955bb15c,GMEB,18,18,122089910,later_snapshot_for_denomination_audit_only,False,False,1787808691.0,1787808694.0,363410.37976789445,494.994864633388,,prior_trade_average_not_size_specific_quote,,,False,False,unknown,,32,,,119,0,execution_unverified;graduation_event_time_unavailable;historical_state_unverified;incomplete_trade_provenance;no_recorded_x_signal;nonnative_quote_labeled_bnb;threshold_met_at_first_stored_buy;unsupported_by_current_native_executor
382,0xb04f812a2c47532a8cb79c655b14fb14b4944444,BNB SEASON 🔶,0x55d398326f99059ff775485246999027b3197955,USDT,18,18,122089910,later_snapshot_for_denomination_audit_only,False,False,1788625839.0,1788625842.0,28231112.941658843,38453.10070100773,,prior_trade_average_not_size_specific_quote,,,False,False,unknown,,137,106,0.9866508651998942,779,0,execution_unverified;graduation_event_time_unavailable;historical_state_unverified;incomplete_trade_provenance;no_recorded_x_signal;nonnative_quote_labeled_bnb;threshold_met_at_first_stored_buy;unsupported_by_current_native_executor;usdt_fdv_proxy_below_50000_quote_units
272,0xb06a6175f437747f4626743feb20d1fa4743ffff,FOURCAT,0x46ceefda28dd7207059ed19b0acdc026955bb15c,GMEB,18,18,122089910,later_snapshot_for_denomination_audit_only,False,False,1787572847.0,1787572850.0,207038.15253859755,282.0030136597758,,prior_trade_average_not_size_specific_quote,,,False,False,unknown,,11,,,23,0,execution_unverified;graduation_event_time_unavailable;historical_state_unverified;incomplete_trade_provenance;no_recorded_x_signal;nonnative_quote_labeled_bnb;threshold_met_at_first_stored_buy;unsupported_by_current_native_executor
497,0xb0d0873bf95608113620c1b3d1ff4384b53f4444,我踏牛来,0x55d398326f99059ff775485246999027b3197955,USDT,18,18,122089910,later_snapshot_for_denomination_audit_only,False,False,1788421038.0,1788421041.0,26791641.78908855,36492.42244859986,,prior_trade_average_not_size_specific_quote,,,False,False,unknown,,290,289,0.37101869741816007,778,0,at_least_90pct_buys_below_one_usdt;execution_unverified;graduation_event_time_unavailable;historical_state_unverified;incomplete_trade_provenance;no_recorded_x_signal;nonnative_quote_labeled_bnb;threshold_met_at_first_stored_buy;unsupported_by_current_native_executor;usdt_fdv_proxy_below_50000_quote_units
312,0xb0e2797b8059badc32a6923ba95daf1137214444,太空牛,0x55d398326f99059ff775485246999027b3197955,USDT,18,18,122089910,later_snapshot_for_denomination_audit_only,False,False,1789016089.0,1789016092.0,26101102.78434753,35551.85145722044,,prior_trade_average_not_size_specific_quote,,,False,False,unknown,,284,254,0.9876673586411098,725,0,execution_unverified;graduation_event_time_unavailable;historical_state_unverified;incomplete_trade_provenance;no_recorded_x_signal;nonnative_quote_labeled_bnb;threshold_met_at_first_stored_buy;unsupported_by_current_native_executor;usdt_fdv_proxy_below_50000_quote_units
392,0xb25c84deaf79fd71dbc51ba21b112bc8e416ffff,mini 哈基米,0x46ceefda28dd7207059ed19b0acdc026955bb15c,GMEB,18,18,122089910,later_snapshot_for_denomination_audit_only,False,False,1786980537.0,1786980540.0,232329.19933131154,316.45150214706615,,prior_trade_average_not_size_specific_quote,,,False,False,unknown,,9,,,664,0,execution_unverified;graduation_event_time_unavailable;historical_state_unverified;incomplete_trade_provenance;no_recorded_x_signal;nonnative_quote_labeled_bnb;threshold_met_at_first_stored_buy;unsupported_by_current_native_executor
608,0xb2cad6d1f348f62d0d3fe6592302cb5c7c56ffff,NIMBUS,0x0000000000000000000000000000000000000000,BNB,18,18,122089910,later_snapshot_for_denomination_audit_only,False,True,1787485567.0,1787485570.0,57127.61560377879,77.81251699712435,,prior_trade_average_not_size_specific_quote,1787485537,True,False,False,unknown,,7,,,45,0,curve_venue_ended_before_assumed_entry;execution_unverified;historical_state_unverified;incomplete_trade_provenance;no_recorded_x_signal;requires_dex_state_for_1h_outcome
389,0xb3e7a9e3a2de309bfb608355ccd08f61fd834444,Cybercab  Storm,0x55d398326f99059ff775485246999027b3197955,USDT,18,18,122089910,later_snapshot_for_denomination_audit_only,False,False,1788607005.0,1788607008.0,26896303.32623105,36634.980081222406,,prior_trade_average_not_size_specific_quote,,,False,False,unknown,,264,261,0.4803926227095457,585,0,at_least_90pct_buys_below_one_usdt;execution_unverified;graduation_event_time_unavailable;historical_state_unverified;incomplete_trade_provenance;no_recorded_x_signal;nonnative_quote_labeled_bnb;threshold_met_at_first_stored_buy;unsupported_by_current_native_executor;usdt_fdv_proxy_below_50000_quote_units
529,0xb3e98d35a39cc9f1798d19463f91b9d3fee74444,孙哥人生,0x55d398326f99059ff775485246999027b3197955,USDT,18,18,122089910,later_snapshot_for_denomination_audit_only,False,False,1788021315.0,1788021318.0,23194500.771553982,31592.82015276296,,prior_trade_average_not_size_specific_quote,,,False,False,unknown,,119,110,0.8034787842904776,639,0,at_least_90pct_buys_below_one_usdt;execution_unverified;graduation_event_time_unavailable;historical_state_unverified;incomplete_trade_provenance;no_recorded_x_signal;nonnative_quote_labeled_bnb;threshold_met_at_first_stored_buy;unsupported_by_current_native_executor;usdt_fdv_proxy_below_50000_quote_units
514,0xb44e98c4593764b41b8539783e688e6515794444,神牛,0x55d398326f99059ff775485246999027b3197955,USDT,18,18,122089910,later_snapshot_for_denomination_audit_only,False,False,1789088845.0,1789088848.0,24429493.426763583,33274.98185265481,,prior_trade_average_not_size_specific_quote,,,False,False,unknown,,30,0,0.0,876,0,execution_unverified;graduation_event_time_unavailable;historical_state_unverified;incomplete_trade_provenance;no_recorded_x_signal;nonnative_quote_labeled_bnb;threshold_met_at_first_stored_buy;unsupported_by_current_native_executor;usdt_fdv_proxy_below_50000_quote_units
527,0xb472481e1e3391b42e846e4314d7fa45ead94444,太空牛,0x55d398326f99059ff775485246999027b3197955,USDT,18,18,122089910,later_snapshot_for_denomination_audit_only,False,False,1788966593.0,1788966596.0,24075059.283948984,32792.213361958384,,prior_trade_average_not_size_specific_quote,,,False,False,unknown,,31,1,0.09851485148514481,759,0,execution_unverified;graduation_event_time_unavailable;historical_state_unverified;incomplete_trade_provenance;no_recorded_x_signal;nonnative_quote_labeled_bnb;threshold_met_at_first_stored_buy;unsupported_by_current_native_executor;usdt_fdv_proxy_below_50000_quote_units
275,0xb49dbfb5490ee83c4ce3216645bb0ea6dd03ffff,Frog,0x46ceefda28dd7207059ed19b0acdc026955bb15c,GMEB,18,18,122089910,later_snapshot_for_denomination_audit_only,False,False,1787315817.0,1787315820.0,190115.75753091864,258.953318074722,,prior_trade_average_not_size_specific_quote,,,False,False,unknown,,8,,,29,0,execution_unverified;graduation_event_time_unavailable;historical_state_unverified;incomplete_trade_provenance;no_recorded_x_signal;nonnative_quote_labeled_bnb;threshold_met_at_first_stored_buy;unsupported_by_current_native_executor
236,0xb563bef8ef7c6cad4070c2b0b08168c24d684444,Z builder,0x46ceefda28dd7207059ed19b0acdc026955bb15c,GMEB,18,18,122089910,later_snapshot_for_denomination_audit_only,False,False,1786693822.0,1786693825.0,187952.32805460322,256.0065489663201,,prior_trade_average_not_size_specific_quote,,,False,False,unknown,,10,,,38,0,execution_unverified;graduation_event_time_unavailable;historical_state_unverified;incomplete_trade_provenance;no_recorded_x_signal;nonnative_quote_labeled_bnb;threshold_met_at_first_stored_buy;unsupported_by_current_native_executor
530,0xb58559fce81cd590716988a33546aa844e0a4444,甜甜币,0x55d398326f99059ff775485246999027b3197955,USDT,18,18,122089910,later_snapshot_for_denomination_audit_only,False,False,1787921432.0,1787921435.0,23631731.213912837,32188.36402183805,,prior_trade_average_not_size_specific_quote,,,False,False,unknown,,157,152,1.6991141584532494,732,0,at_least_90pct_buys_below_one_usdt;execution_unverified;graduation_event_time_unavailable;historical_state_unverified;incomplete_trade_provenance;no_recorded_x_signal;nonnative_quote_labeled_bnb;threshold_met_at_first_stored_buy;unsupported_by_current_native_executor;usdt_fdv_proxy_below_50000_quote_units
82,0xb6ca55672664f3937e56c53497e6f6c7b0c54444,CZ Bull,0x55d398326f99059ff775485246999027b3197955,USDT,18,18,122089910,later_snapshot_for_denomination_audit_only,False,False,1787384871.0,1787384874.0,15335377.756485566,20888.047395678885,,prior_trade_average_not_size_specific_quote,,,False,False,unknown,,9,3,2.1006944358144506,79,0,execution_unverified;graduation_event_time_unavailable;historical_state_unverified;incomplete_trade_provenance;no_recorded_x_signal;nonnative_quote_labeled_bnb;threshold_met_at_first_stored_buy;unsupported_by_current_native_executor;usdt_fdv_proxy_below_50000_quote_units
222,0xb735b0362ca4de5e67835e986a116740fc6cffff,牛二,0x46ceefda28dd7207059ed19b0acdc026955bb15c,GMEB,18,18,122089910,later_snapshot_for_denomination_audit_only,False,False,1786885364.0,1786885367.0,222583.23983608102,303.1767027201888,,prior_trade_average_not_size_specific_quote,,,False,False,unknown,,12,,,101,0,execution_unverified;graduation_event_time_unavailable;historical_state_unverified;incomplete_trade_provenance;no_recorded_x_signal;nonnative_quote_labeled_bnb;threshold_met_at_first_stored_buy;unsupported_by_current_native_executor
363,0xb7594175d1781ab7af57c1c339bbf9509eac4444,MOONCOIN,0x55d398326f99059ff775485246999027b3197955,USDT,18,18,122089910,later_snapshot_for_denomination_audit_only,False,False,1789010129.0,1789010132.0,26098466.386190277,35548.26046581892,,prior_trade_average_not_size_specific_quote,,,False,False,unknown,,31,1,0.7100548201402758,538,0,execution_unverified;graduation_event_time_unavailable;historical_state_unverified;incomplete_trade_provenance;no_recorded_x_signal;nonnative_quote_labeled_bnb;threshold_met_at_first_stored_buy;unsupported_by_current_native_executor;usdt_fdv_proxy_below_50000_quote_units
422,0xb776afa0df1b9855d6c03ac4b3c7725017194444,我的女友景甜,0x55d398326f99059ff775485246999027b3197955,USDT,18,18,122089910,later_snapshot_for_denomination_audit_only,False,False,1787840677.0,1787840680.0,24104049.92493148,32831.70100239929,,prior_trade_average_not_size_specific_quote,,,False,False,unknown,,54,23,0.3472669530725162,617,0,execution_unverified;graduation_event_time_unavailable;historical_state_unverified;incomplete_trade_provenance;no_recorded_x_signal;nonnative_quote_labeled_bnb;threshold_met_at_first_stored_buy;unsupported_by_current_native_executor;usdt_fdv_proxy_below_50000_quote_units
39,0xb876a99d5756518a3c5a9649affbdb6637d64444,牛来何一,0x55d398326f99059ff775485246999027b3197955,USDT,18,18,122089910,later_snapshot_for_denomination_audit_only,False,False,1787377973.0,1787377976.0,24121123.895320505,32854.95715613619,,prior_trade_average_not_size_specific_quote,,,False,False,unknown,,35,2,1.1723609445592398,780,0,execution_unverified;graduation_event_time_unavailable;historical_state_unverified;incomplete_trade_provenance;no_recorded_x_signal;nonnative_quote_labeled_bnb;threshold_met_at_first_stored_buy;unsupported_by_current_native_executor;usdt_fdv_proxy_below_50000_quote_units
609,0xb8c2a3e88eb3ebba9fe4fce83fcd0344d4f74444,Willow,0x0000000000000000000000000000000000000000,BNB,18,18,122089910,later_snapshot_for_denomination_audit_only,False,True,1788861935.0,1788861938.0,62934.30093071063,85.72170060164626,,prior_trade_average_not_size_specific_quote,1788861905,True,False,False,unknown,,6,,,7,0,curve_venue_ended_before_assumed_entry;execution_unverified;historical_state_unverified;incomplete_trade_provenance;no_recorded_x_signal;requires_dex_state_for_1h_outcome
241,0xb9b7776e2b4608b583b0ccd137a711d1c34e4444,RWA,0x46ceefda28dd7207059ed19b0acdc026955bb15c,GMEB,18,18,122089910,later_snapshot_for_denomination_audit_only,False,False,1787102960.0,1787102963.0,182435.67341116583,248.49241103717918,,prior_trade_average_not_size_specific_quote,,,False,False,unknown,,6,,,25,0,execution_unverified;graduation_event_time_unavailable;historical_state_unverified;incomplete_trade_provenance;no_recorded_x_signal;nonnative_quote_labeled_bnb;threshold_met_at_first_stored_buy;unsupported_by_current_native_executor
146,0xb9ff026d86dd4b102281d14b6a3a76498d95ffff,月薪喵,0x55d398326f99059ff775485246999027b3197955,USDT,18,18,122089910,later_snapshot_for_denomination_audit_only,False,False,1786888555.0,1786888558.0,5317553.354776189,7242.945577694797,,prior_trade_average_not_size_specific_quote,,,False,False,unknown,,26,1,0.9713752303783695,130,0,execution_unverified;graduation_event_time_unavailable;historical_state_unverified;incomplete_trade_provenance;no_recorded_x_signal;nonnative_quote_labeled_bnb;threshold_met_at_first_stored_buy;unsupported_by_current_native_executor;usdt_fdv_proxy_below_50000_quote_units
278,0xbaed1c21a36b27ec724af9f3a034c7ac1071ffff,4444,0x46ceefda28dd7207059ed19b0acdc026955bb15c,GMEB,18,18,122089910,later_snapshot_for_denomination_audit_only,False,False,1786868343.0,1786868346.0,244467.35313611393,332.9846672243675,,prior_trade_average_not_size_specific_quote,,,False,False,unknown,,10,,,25,0,execution_unverified;graduation_event_time_unavailable;historical_state_unverified;incomplete_trade_provenance;no_recorded_x_signal;nonnative_quote_labeled_bnb;threshold_met_at_first_stored_buy;unsupported_by_current_native_executor
56,0xbb3360cc9c589aa798ce2c0b07757030a6304444,BINANCE MARGE,0x55d398326f99059ff775485246999027b3197955,USDT,18,18,122089910,later_snapshot_for_denomination_audit_only,False,False,1787815949.0,1787815952.0,22621597.837430626,30812.47917707156,,prior_trade_average_not_size_specific_quote,,,False,False,unknown,,30,0,0.0,401,0,execution_unverified;graduation_event_time_unavailable;historical_state_unverified;incomplete_trade_provenance;no_recorded_x_signal;nonnative_quote_labeled_bnb;threshold_met_at_first_stored_buy;unsupported_by_current_native_executor;usdt_fdv_proxy_below_50000_quote_units
421,0xbbdb585fce1da87d8fceae32c392336fb0354444,犇来,0x55d398326f99059ff775485246999027b3197955,USDT,18,18,122089910,later_snapshot_for_denomination_audit_only,False,False,1788138990.0,1788138993.0,23063034.834255442,31413.75271974535,,prior_trade_average_not_size_specific_quote,,,False,False,unknown,,10,3,1.0534412960805826,503,0,execution_unverified;graduation_event_time_unavailable;historical_state_unverified;incomplete_trade_provenance;no_recorded_x_signal;nonnative_quote_labeled_bnb;threshold_met_at_first_stored_buy;unsupported_by_current_native_executor;usdt_fdv_proxy_below_50000_quote_units
118,0xbbecab6f5c61301d2b27b93482722260fd8effff,rug,0x46ceefda28dd7207059ed19b0acdc026955bb15c,GMEB,18,18,122089910,later_snapshot_for_denomination_audit_only,False,False,1788246844.0,1788246847.0,400302.9948206511,545.2456444973931,,prior_trade_average_not_size_specific_quote,,,False,False,unknown,,86,,,604,0,execution_unverified;graduation_event_time_unavailable;historical_state_unverified;incomplete_trade_provenance;no_recorded_x_signal;nonnative_quote_labeled_bnb;threshold_met_at_first_stored_buy;unsupported_by_current_native_executor
416,0xbc389468758151e7221a1718286fbd07a4be4444,火星人生,0x55d398326f99059ff775485246999027b3197955,USDT,18,18,122089910,later_snapshot_for_denomination_audit_only,False,False,1788744833.0,1788744836.0,26915959.784569383,36661.75379621802,,prior_trade_average_not_size_specific_quote,,,False,False,unknown,,64,62,0.07899243538175203,588,0,at_least_90pct_buys_below_one_usdt;execution_unverified;graduation_event_time_unavailable;historical_state_unverified;incomplete_trade_provenance;no_recorded_x_signal;nonnative_quote_labeled_bnb;threshold_met_at_first_stored_buy;unsupported_by_current_native_executor;usdt_fdv_proxy_below_50000_quote_units
338,0xbd19c2b1a283ddf8e0f593d4954e91b94b8f4444,BINANCE 牛来,0x55d398326f99059ff775485246999027b3197955,USDT,18,18,122089910,later_snapshot_for_denomination_audit_only,False,False,1788084136.0,1788084139.0,24264667.546264336,33050.47542975651,,prior_trade_average_not_size_specific_quote,,,False,False,unknown,,33,0,0.0,1226,0,execution_unverified;graduation_event_time_unavailable;historical_state_unverified;incomplete_trade_provenance;no_recorded_x_signal;nonnative_quote_labeled_bnb;threshold_met_at_first_stored_buy;unsupported_by_current_native_executor;usdt_fdv_proxy_below_50000_quote_units
259,0xbdd6477fa30251b5f4b2e02a8cb7cbf6dd184444,4巴达,0x46ceefda28dd7207059ed19b0acdc026955bb15c,GMEB,18,18,122089910,later_snapshot_for_denomination_audit_only,False,False,1788794822.0,1788794825.0,190889.8557352775,260.00770357720626,,prior_trade_average_not_size_specific_quote,,,False,False,unknown,,5,,,10,0,execution_unverified;graduation_event_time_unavailable;historical_state_unverified;incomplete_trade_provenance;no_recorded_x_signal;nonnative_quote_labeled_bnb;threshold_met_at_first_stored_buy;unsupported_by_current_native_executor
169,0xbddd0e5d617c9a7203b6151cbf2e2c819855ffff,四桥,0x46ceefda28dd7207059ed19b0acdc026955bb15c,GMEB,18,18,122089910,later_snapshot_for_denomination_audit_only,False,False,1787117765.0,1787117768.0,236841.3108200975,322.59736957393727,,prior_trade_average_not_size_specific_quote,,,False,False,unknown,,24,,,78,0,execution_unverified;graduation_event_time_unavailable;historical_state_unverified;incomplete_trade_provenance;no_recorded_x_signal;nonnative_quote_labeled_bnb;threshold_met_at_first_stored_buy;unsupported_by_current_native_executor
353,0xbe4f37dbe1738e91673b68a54898031ddc844444,火星人生,0x55d398326f99059ff775485246999027b3197955,USDT,18,18,122089910,later_snapshot_for_denomination_audit_only,False,False,1788669426.0,1788669429.0,26905621.01868555,36647.67154567138,,prior_trade_average_not_size_specific_quote,,,False,False,unknown,,154,149,0.24739536203681853,737,0,at_least_90pct_buys_below_one_usdt;execution_unverified;graduation_event_time_unavailable;historical_state_unverified;incomplete_trade_provenance;no_recorded_x_signal;nonnative_quote_labeled_bnb;threshold_met_at_first_stored_buy;unsupported_by_current_native_executor;usdt_fdv_proxy_below_50000_quote_units
409,0xbe921c38b48ecc531fedc02b8eaa6d4a13124444,MarsFarm,0x55d398326f99059ff775485246999027b3197955,USDT,18,18,122089910,later_snapshot_for_denomination_audit_only,False,False,1788769940.0,1788769943.0,29065291.59221469,39589.32071892707,,prior_trade_average_not_size_specific_quote,,,True,False,unknown,,115,112,1.1616569108467807,663,0,at_least_90pct_buys_below_one_usdt;execution_unverified;graduation_event_time_unavailable;historical_state_unverified;incomplete_trade_provenance;no_recorded_x_signal;nonnative_quote_labeled_bnb;threshold_met_at_first_stored_buy;unsupported_by_current_native_executor;usdt_fdv_proxy_below_50000_quote_units
179,0xbeb3b37fb5b494de57651910ada3abf4d610ffff,Fartcoin,0xf2ec508422174ee564de98187db9359d318afb6b,DJTB,18,18,122089910,later_snapshot_for_denomination_audit_only,False,False,1788919669.0,1788919672.0,350046.0630766582,476.7915647284119,,prior_trade_average_not_size_specific_quote,,,False,False,unknown,,10,,,23,0,execution_unverified;graduation_event_time_unavailable;historical_state_unverified;incomplete_trade_provenance;no_recorded_x_signal;nonnative_quote_labeled_bnb;threshold_met_at_first_stored_buy;unsupported_by_current_native_executor
495,0xbf642af28cd2d3bc598cccdac66f1d89d2e34444,币安镇长,0x55d398326f99059ff775485246999027b3197955,USDT,18,18,122089910,later_snapshot_for_denomination_audit_only,False,False,1789137236.0,1789137239.0,24076838.548069324,32794.636866215355,,prior_trade_average_not_size_specific_quote,1789148658,False,False,False,unknown,,31,1,0.98762588182063,837,0,execution_unverified;historical_state_unverified;incomplete_trade_provenance;no_recorded_x_signal;nonnative_quote_labeled_bnb;threshold_met_at_first_stored_buy;unsupported_by_current_native_executor;usdt_fdv_proxy_below_50000_quote_units
167,0xc09d5ab5b6357c79fe8bb2b48b56ea90de244444,𝑓𝑓𝑓𝑓,0x46ceefda28dd7207059ed19b0acdc026955bb15c,GMEB,18,18,122089910,later_snapshot_for_denomination_audit_only,False,False,1786952787.0,1786952790.0,242469.5499178252,330.2634947189687,,prior_trade_average_not_size_specific_quote,,,False,False,unknown,,11,,,40,0,execution_unverified;graduation_event_time_unavailable;historical_state_unverified;incomplete_trade_provenance;no_recorded_x_signal;nonnative_quote_labeled_bnb;threshold_met_at_first_stored_buy;unsupported_by_current_native_executor
586,0xc0bc69ac1d4e0de9aef43b6d6ae7d9564eb9ffff,GME,0x46ceefda28dd7207059ed19b0acdc026955bb15c,GMEB,18,18,122089910,later_snapshot_for_denomination_audit_only,False,False,1787566419.0,1787566422.0,672500.9202992027,916.0016349063606,,prior_trade_average_not_size_specific_quote,1787566477,False,False,False,unknown,,5,,,60,0,execution_unverified;historical_state_unverified;incomplete_trade_provenance;no_recorded_x_signal;nonnative_quote_labeled_bnb;requires_dex_state_for_1h_outcome;threshold_met_at_first_stored_buy;unsupported_by_current_native_executor
295,0xc0e4049742fc2429194be562646c2c2a5148ffff,新生,0x46ceefda28dd7207059ed19b0acdc026955bb15c,GMEB,18,18,122089910,later_snapshot_for_denomination_audit_only,False,False,1786765839.0,1786765842.0,202846.72335507654,276.29394194134403,,prior_trade_average_not_size_specific_quote,,,False,False,unknown,,8,,,81,0,execution_unverified;graduation_event_time_unavailable;historical_state_unverified;incomplete_trade_provenance;no_recorded_x_signal;nonnative_quote_labeled_bnb;threshold_met_at_first_stored_buy;unsupported_by_current_native_executor
32,0xc1397c0b6a7633cff7d6b0e47808c6b7337d4444,BNB DOG 人生,0x55d398326f99059ff775485246999027b3197955,USDT,18,18,122089910,later_snapshot_for_denomination_audit_only,False,False,1787720980.0,1787720983.0,24085744.432323165,32806.767413982,,prior_trade_average_not_size_specific_quote,,,False,False,unknown,,31,0,0.0,468,0,execution_unverified;graduation_event_time_unavailable;historical_state_unverified;incomplete_trade_provenance;no_recorded_x_signal;nonnative_quote_labeled_bnb;threshold_met_at_first_stored_buy;unsupported_by_current_native_executor;usdt_fdv_proxy_below_50000_quote_units
576,0xc13ce41c882de797ab9fe5d5d86b0884d7a54444,我踏牛来,0x55d398326f99059ff775485246999027b3197955,USDT,18,18,122089910,later_snapshot_for_denomination_audit_only,False,False,1787071070.0,1787071073.0,14679460.77401052,19994.634449801164,,prior_trade_average_not_size_specific_quote,,,False,False,unknown,,7,1,0.48267412144588895,648,0,execution_unverified;graduation_event_time_unavailable;historical_state_unverified;incomplete_trade_provenance;no_recorded_x_signal;nonnative_quote_labeled_bnb;threshold_met_at_first_stored_buy;unsupported_by_current_native_executor;usdt_fdv_proxy_below_50000_quote_units
60,0xc238b63e6333d733a09e64ae951f32c1667e4444,景甜人生,0x55d398326f99059ff775485246999027b3197955,USDT,18,18,122089910,later_snapshot_for_denomination_audit_only,False,False,1787903353.0,1787903356.0,23123897.034556042,31496.652048648193,,prior_trade_average_not_size_specific_quote,,,False,False,unknown,,199,193,1.2219798758634874,430,0,at_least_90pct_buys_below_one_usdt;execution_unverified;graduation_event_time_unavailable;historical_state_unverified;incomplete_trade_provenance;no_recorded_x_signal;nonnative_quote_labeled_bnb;threshold_met_at_first_stored_buy;unsupported_by_current_native_executor;usdt_fdv_proxy_below_50000_quote_units
260,0xc2ed6614a637c184b6d761de62b29ca4e7b84444,MEME4YOU,0x46ceefda28dd7207059ed19b0acdc026955bb15c,GMEB,18,18,122089910,later_snapshot_for_denomination_audit_only,False,False,1787049640.0,1787049643.0,167520.11846148226,228.17619687740202,,prior_trade_average_not_size_specific_quote,,,False,False,unknown,,5,,,14,0,execution_unverified;graduation_event_time_unavailable;historical_state_unverified;incomplete_trade_provenance;no_recorded_x_signal;nonnative_quote_labeled_bnb;threshold_met_at_first_stored_buy;unsupported_by_current_native_executor
247,0xc3a8ec72d28207b8a0ed2023fac8536dbfbcffff,四子,0x46ceefda28dd7207059ed19b0acdc026955bb15c,GMEB,18,18,122089910,later_snapshot_for_denomination_audit_only,False,False,1787216164.0,1787216167.0,208592.40085225127,284.12002785765054,,prior_trade_average_not_size_specific_quote,,,False,False,unknown,,5,,,13,0,execution_unverified;graduation_event_time_unavailable;historical_state_unverified;incomplete_trade_provenance;no_recorded_x_signal;nonnative_quote_labeled_bnb;threshold_met_at_first_stored_buy;unsupported_by_current_native_executor
203,0xc3ac14e7c687af886b230e71a6a46eb4e8a1ffff,4STONK,0x46ceefda28dd7207059ed19b0acdc026955bb15c,GMEB,18,18,122089910,later_snapshot_for_denomination_audit_only,False,False,1788770961.0,1788770964.0,234391.95665604947,319.26114749451693,,prior_trade_average_not_size_specific_quote,,,False,False,unknown,,10,,,26,0,execution_unverified;graduation_event_time_unavailable;historical_state_unverified;incomplete_trade_provenance;no_recorded_x_signal;nonnative_quote_labeled_bnb;threshold_met_at_first_stored_buy;unsupported_by_current_native_executor
51,0xc42fa1eb8a43e034be076fec9bb5cb8a71304444,我的女友景甜,0x55d398326f99059ff775485246999027b3197955,USDT,18,18,122089910,later_snapshot_for_denomination_audit_only,False,False,1787835934.0,1787835937.0,22621597.837430626,30812.47917707156,,prior_trade_average_not_size_specific_quote,,,False,False,unknown,,30,0,0.0,266,0,execution_unverified;graduation_event_time_unavailable;historical_state_unverified;incomplete_trade_provenance;no_recorded_x_signal;nonnative_quote_labeled_bnb;threshold_met_at_first_stored_buy;unsupported_by_current_native_executor;usdt_fdv_proxy_below_50000_quote_units
36,0xc460282dc55e4024936d3ef7901f14dd11264444,我的女友景甜,0x55d398326f99059ff775485246999027b3197955,USDT,18,18,122089910,later_snapshot_for_denomination_audit_only,False,False,1787892267.0,1787892270.0,24381773.769223966,33209.983749300525,,prior_trade_average_not_size_specific_quote,,,False,False,unknown,,202,170,0.002431625114456513,540,0,execution_unverified;graduation_event_time_unavailable;historical_state_unverified;incomplete_trade_provenance;no_recorded_x_signal;nonnative_quote_labeled_bnb;threshold_met_at_first_stored_buy;unsupported_by_current_native_executor;usdt_fdv_proxy_below_50000_quote_units
192,0xc4cc6ec15b5fd33c78a2d68df7e414f82b2dffff,熊猫币,0x46ceefda28dd7207059ed19b0acdc026955bb15c,GMEB,18,18,122089910,later_snapshot_for_denomination_audit_only,False,False,1786885030.0,1786885033.0,210810.45717213978,287.14120322560143,,prior_trade_average_not_size_specific_quote,,,False,False,unknown,,14,,,34,0,execution_unverified;graduation_event_time_unavailable;historical_state_unverified;incomplete_trade_provenance;no_recorded_x_signal;nonnative_quote_labeled_bnb;threshold_met_at_first_stored_buy;unsupported_by_current_native_executor
447,0xc4fd1fed8f217dc9ce2b5c4f6eb0116887eb4444,BINANCE STONKS,0x55d398326f99059ff775485246999027b3197955,USDT,18,18,122089910,later_snapshot_for_denomination_audit_only,False,False,1788537495.0,1788537498.0,24074877.325574975,32791.96551966844,,prior_trade_average_not_size_specific_quote,,,False,False,unknown,,283,253,0.003800045109962407,994,0,execution_unverified;graduation_event_time_unavailable;historical_state_unverified;incomplete_trade_provenance;no_recorded_x_signal;nonnative_quote_labeled_bnb;threshold_met_at_first_stored_buy;unsupported_by_current_native_executor;usdt_fdv_proxy_below_50000_quote_units
253,0xc5068929ce583690e4b0f6f9fea306c36253ffff,FOURBRIDGE,0x46ceefda28dd7207059ed19b0acdc026955bb15c,GMEB,18,18,122089910,later_snapshot_for_denomination_audit_only,False,False,1787117774.0,1787117777.0,192364.95628027912,262.01691199623946,,prior_trade_average_not_size_specific_quote,,,False,False,unknown,,6,,,13,0,execution_unverified;graduation_event_time_unavailable;historical_state_unverified;incomplete_trade_provenance;no_recorded_x_signal;nonnative_quote_labeled_bnb;threshold_met_at_first_stored_buy;unsupported_by_current_native_executor
532,0xc520f8214c0aab949f184a0adf18ab3998574444,牛来火星,0x55d398326f99059ff775485246999027b3197955,USDT,18,18,122089910,later_snapshot_for_denomination_audit_only,False,False,1788525700.0,1788525703.0,26833660.43482014,36549.65530438474,,prior_trade_average_not_size_specific_quote,,,False,False,unknown,,240,238,0.41992060079494736,870,0,at_least_90pct_buys_below_one_usdt;execution_unverified;graduation_event_time_unavailable;historical_state_unverified;incomplete_trade_provenance;no_recorded_x_signal;nonnative_quote_labeled_bnb;threshold_met_at_first_stored_buy;unsupported_by_current_native_executor;usdt_fdv_proxy_below_50000_quote_units
196,0xc5c8d4b3f8430119f4093a13f03c271d0b7fffff,CSR,0x46ceefda28dd7207059ed19b0acdc026955bb15c,GMEB,18,18,122089910,later_snapshot_for_denomination_audit_only,False,False,1787615920.0,1787615923.0,205162.1630776207,279.44776152338113,,prior_trade_average_not_size_specific_quote,,,False,False,unknown,,5,,,24,0,execution_unverified;graduation_event_time_unavailable;historical_state_unverified;incomplete_trade_provenance;no_recorded_x_signal;nonnative_quote_labeled_bnb;threshold_met_at_first_stored_buy;unsupported_by_current_native_executor
610,0xc5d652a8b73e249ffe3e1a677de2ad62b134ffff,max,0x0000000000000000000000000000000000000000,BNB,18,18,122089910,later_snapshot_for_denomination_audit_only,False,True,1787023259.0,1787023262.0,64583.35755590433,87.96785152744505,,prior_trade_average_not_size_specific_quote,1787023229,True,False,False,unknown,,17,,,33,0,curve_venue_ended_before_assumed_entry;execution_unverified;historical_state_unverified;incomplete_trade_provenance;no_recorded_x_signal;requires_dex_state_for_1h_outcome
0,0xc5ebc3105f407ce0d608c1da71d90b9c18ec4444,yy,0x0000000000000000000000000000000000000000,BNB,18,18,122089910,later_snapshot_for_denomination_audit_only,False,True,1786935653.0,1786935656.0,56807.93329214107,77.37708336235622,,prior_trade_average_not_size_specific_quote,,,False,False,unknown,,5,,,36,0,execution_unverified;graduation_event_time_unavailable;historical_state_unverified;incomplete_trade_provenance;no_recorded_x_signal
240,0xc71ad3e284591d1ada0d30694ee7601f3fe7ffff,HODL,0x46ceefda28dd7207059ed19b0acdc026955bb15c,GMEB,18,18,122089910,later_snapshot_for_denomination_audit_only,False,False,1786692940.0,1786692943.0,189231.45232135092,257.7488215554312,,prior_trade_average_not_size_specific_quote,,,False,False,unknown,,10,,,178,0,execution_unverified;graduation_event_time_unavailable;historical_state_unverified;incomplete_trade_provenance;no_recorded_x_signal;nonnative_quote_labeled_bnb;threshold_met_at_first_stored_buy;unsupported_by_current_native_executor
49,0xc7db6f0f03e357a32ab7b79d3c611be5e4544444,我的女友景甜,0x55d398326f99059ff775485246999027b3197955,USDT,18,18,122089910,later_snapshot_for_denomination_audit_only,False,False,1787889267.0,1787889270.0,24159244.8909816,32906.88109154774,,prior_trade_average_not_size_specific_quote,,,False,False,unknown,,109,76,0.001191933797649799,329,0,execution_unverified;graduation_event_time_unavailable;historical_state_unverified;incomplete_trade_provenance;no_recorded_x_signal;nonnative_quote_labeled_bnb;threshold_met_at_first_stored_buy;unsupported_by_current_native_executor;usdt_fdv_proxy_below_50000_quote_units
423,0xc825a5d060a464013e396e880f1631a2c22a4444,牛来人生,0x55d398326f99059ff775485246999027b3197955,USDT,18,18,122089910,later_snapshot_for_denomination_audit_only,False,False,1788273235.0,1788273238.0,24170685.764099065,32922.464502906776,,prior_trade_average_not_size_specific_quote,,,False,False,unknown,,34,1,0.33692231421842456,939,0,execution_unverified;graduation_event_time_unavailable;historical_state_unverified;incomplete_trade_provenance;no_recorded_x_signal;nonnative_quote_labeled_bnb;threshold_met_at_first_stored_buy;unsupported_by_current_native_executor;usdt_fdv_proxy_below_50000_quote_units
180,0xc98cad35764948d12793d8a934be4186476c4444,GAMESTONK,0x46ceefda28dd7207059ed19b0acdc026955bb15c,GMEB,18,18,122089910,later_snapshot_for_denomination_audit_only,False,False,1788772938.0,1788772941.0,223865.8967348518,304.92378704503284,,prior_trade_average_not_size_specific_quote,,,False,False,unknown,,17,,,42,0,execution_unverified;graduation_event_time_unavailable;historical_state_unverified;incomplete_trade_provenance;no_recorded_x_signal;nonnative_quote_labeled_bnb;threshold_met_at_first_stored_buy;unsupported_by_current_native_executor
175,0xca8a613c2493e79e61ba7257192daf0ad859ffff,CASHTRUMP,0xf2ec508422174ee564de98187db9359d318afb6b,DJTB,18,18,122089910,later_snapshot_for_denomination_audit_only,False,False,1788523596.0,1788523599.0,347977.02234890714,473.9733608686096,,prior_trade_average_not_size_specific_quote,,,False,False,unknown,,5,,,20,0,execution_unverified;graduation_event_time_unavailable;historical_state_unverified;incomplete_trade_provenance;no_recorded_x_signal;nonnative_quote_labeled_bnb;threshold_met_at_first_stored_buy;unsupported_by_current_native_executor
523,0xcab5b5a8b7afc1b9c4eb8edf26bbf089526b4444,CZ Bull,0x55d398326f99059ff775485246999027b3197955,USDT,18,18,122089910,later_snapshot_for_denomination_audit_only,False,False,1787385202.0,1787385205.0,25322125.98315555,34490.82090408972,,prior_trade_average_not_size_specific_quote,,,False,False,unknown,,14,2,1.2257999376776745,768,0,execution_unverified;graduation_event_time_unavailable;historical_state_unverified;incomplete_trade_provenance;no_recorded_x_signal;nonnative_quote_labeled_bnb;threshold_met_at_first_stored_buy;unsupported_by_current_native_executor;usdt_fdv_proxy_below_50000_quote_units
280,0xcae2a4c20a43cfde3f821d40fcd3c7fb99a7ffff,Mickey,0x8d0d000ee44948fc98c9b98a4fa4921476f08b0d,USD1,18,18,122089910,later_snapshot_for_denomination_audit_only,False,False,1787596910.0,1787596913.0,4413969.125369585,6012.189445727263,,prior_trade_average_not_size_specific_quote,,,False,False,unknown,,5,,,21,0,execution_unverified;graduation_event_time_unavailable;historical_state_unverified;incomplete_trade_provenance;no_recorded_x_signal;nonnative_quote_labeled_bnb;threshold_met_at_first_stored_buy;unsupported_by_current_native_executor
547,0xcb73d28cd02c8f2e569c292f1a2ff61666094444,景甜币,0x55d398326f99059ff775485246999027b3197955,USDT,18,18,122089910,later_snapshot_for_denomination_audit_only,False,False,1787910690.0,1787910693.0,23176520.979893707,31568.33019585887,,prior_trade_average_not_size_specific_quote,,,False,False,unknown,,148,141,0.8669195174464669,563,0,at_least_90pct_buys_below_one_usdt;execution_unverified;graduation_event_time_unavailable;historical_state_unverified;incomplete_trade_provenance;no_recorded_x_signal;nonnative_quote_labeled_bnb;threshold_met_at_first_stored_buy;unsupported_by_current_native_executor;usdt_fdv_proxy_below_50000_quote_units
299,0xcc67c41aabe440181a6860e4fe9587cc4ecc4444,牛来人生,0x55d398326f99059ff775485246999027b3197955,USDT,18,18,122089910,later_snapshot_for_denomination_audit_only,False,False,1788744625.0,1788744628.0,26130537.600241363,35591.94410046905,,prior_trade_average_not_size_specific_quote,,,False,False,unknown,,254,221,0.000325205964154788,1274,0,execution_unverified;graduation_event_time_unavailable;historical_state_unverified;incomplete_trade_provenance;no_recorded_x_signal;nonnative_quote_labeled_bnb;threshold_met_at_first_stored_buy;unsupported_by_current_native_executor;usdt_fdv_proxy_below_50000_quote_units
265,0xcc73ce6c617043b772187c83fd4b517dbde6ffff,IbStockyou¹⁰⁰⁰,0x46ceefda28dd7207059ed19b0acdc026955bb15c,GMEB,18,18,122089910,later_snapshot_for_denomination_audit_only,False,False,1787040391.0,1787040394.0,179310.93690821793,244.23626259342922,,prior_trade_average_not_size_specific_quote,,,False,False,unknown,,5,,,12,0,execution_unverified;graduation_event_time_unavailable;historical_state_unverified;incomplete_trade_provenance;no_recorded_x_signal;nonnative_quote_labeled_bnb;threshold_met_at_first_stored_buy;unsupported_by_current_native_executor
494,0xcc931932f155ab12f1c48528a1df17af5f5b4444,牛 牪 犇,0x55d398326f99059ff775485246999027b3197955,USDT,18,18,122089910,later_snapshot_for_denomination_audit_only,False,False,1788152438.0,1788152441.0,22503059.393616877,30651.0200547787,,prior_trade_average_not_size_specific_quote,,,False,False,unknown,,30,21,1.35363366710817,781,0,execution_unverified;graduation_event_time_unavailable;historical_state_unverified;incomplete_trade_provenance;no_recorded_x_signal;nonnative_quote_labeled_bnb;threshold_met_at_first_stored_buy;unsupported_by_current_native_executor;usdt_fdv_proxy_below_50000_quote_units
330,0xccebdffea2f1d9612b31ebcdda94fdc361144444,MOONCOIN,0x55d398326f99059ff775485246999027b3197955,USDT,18,18,122089910,later_snapshot_for_denomination_audit_only,False,False,1789018633.0,1789018636.0,26099864.995077174,35550.165486300415,,prior_trade_average_not_size_specific_quote,,,True,False,unknown,,31,0,0.0,563,0,execution_unverified;graduation_event_time_unavailable;historical_state_unverified;incomplete_trade_provenance;no_recorded_x_signal;nonnative_quote_labeled_bnb;threshold_met_at_first_stored_buy;unsupported_by_current_native_executor;usdt_fdv_proxy_below_50000_quote_units
140,0xcd78a35eaef69190ff566ab8e433b54ef36fffff,GME,0x46ceefda28dd7207059ed19b0acdc026955bb15c,GMEB,18,18,122089910,later_snapshot_for_denomination_audit_only,False,False,1787023419.0,1787023422.0,303412.39709943894,413.27267131514355,,prior_trade_average_not_size_specific_quote,,,False,False,unknown,,10,,,22,0,execution_unverified;graduation_event_time_unavailable;historical_state_unverified;incomplete_trade_provenance;no_recorded_x_signal;nonnative_quote_labeled_bnb;threshold_met_at_first_stored_buy;unsupported_by_current_native_executor
153,0xce967dce821b5d8d65003e8d19cee37f5870ffff,牛叉,0x8d0d000ee44948fc98c9b98a4fa4921476f08b0d,USD1,18,18,122089910,later_snapshot_for_denomination_audit_only,False,False,1788208722.0,1788208725.0,5100975.041754471,6947.948079810495,,prior_trade_average_not_size_specific_quote,,,False,False,unknown,,12,,,50,0,execution_unverified;graduation_event_time_unavailable;historical_state_unverified;incomplete_trade_provenance;no_recorded_x_signal;nonnative_quote_labeled_bnb;threshold_met_at_first_stored_buy;unsupported_by_current_native_executor
193,0xcf22438b97fca0254957a1da776f3ce0d964ffff,niannian,0x46ceefda28dd7207059ed19b0acdc026955bb15c,GMEB,18,18,122089910,later_snapshot_for_denomination_audit_only,False,False,1787504010.0,1787504013.0,207893.32111339062,283.1678236830579,,prior_trade_average_not_size_specific_quote,,,False,False,unknown,,5,,,12,0,execution_unverified;graduation_event_time_unavailable;historical_state_unverified;incomplete_trade_provenance;no_recorded_x_signal;nonnative_quote_labeled_bnb;threshold_met_at_first_stored_buy;unsupported_by_current_native_executor
159,0xcf24b37a4869c90fee6146055f2b3338440cffff,Chwy,0x46ceefda28dd7207059ed19b0acdc026955bb15c,GMEB,18,18,122089910,later_snapshot_for_denomination_audit_only,False,False,1786739574.0,1786739577.0,395133.313024808,538.2041121604097,,prior_trade_average_not_size_specific_quote,,,False,False,unknown,,9,,,458,0,execution_unverified;graduation_event_time_unavailable;historical_state_unverified;incomplete_trade_provenance;no_recorded_x_signal;nonnative_quote_labeled_bnb;threshold_met_at_first_stored_buy;unsupported_by_current_native_executor
520,0xcf6a38533862982301ffc2f7026208f838c54444,神牛,0x55d398326f99059ff775485246999027b3197955,USDT,18,18,122089910,later_snapshot_for_denomination_audit_only,False,False,1788588993.0,1788588996.0,26120593.96961184,35578.40005667875,,prior_trade_average_not_size_specific_quote,,,False,False,unknown,,284,253,0.000372231445953756,646,0,execution_unverified;graduation_event_time_unavailable;historical_state_unverified;incomplete_trade_provenance;no_recorded_x_signal;nonnative_quote_labeled_bnb;threshold_met_at_first_stored_buy;unsupported_by_current_native_executor;usdt_fdv_proxy_below_50000_quote_units
588,0xcf97ce7ce3a5484c9f39d78aa38e9abd8a024444,Z 来,0x55d398326f99059ff775485246999027b3197955,USDT,18,18,122089910,later_snapshot_for_denomination_audit_only,False,False,1786960264.0,1786960267.0,8526369.589990003,11613.617540882908,,prior_trade_average_not_size_specific_quote,,,False,False,unknown,,24,21,0.8419721210311641,620,0,execution_unverified;graduation_event_time_unavailable;historical_state_unverified;incomplete_trade_provenance;no_recorded_x_signal;nonnative_quote_labeled_bnb;threshold_met_at_first_stored_buy;unsupported_by_current_native_executor;usdt_fdv_proxy_below_50000_quote_units
387,0xcfb94c8e59b7bfcfac4f55ae7c1be0d793c94444,安交所,0x55d398326f99059ff775485246999027b3197955,USDT,18,18,122089910,later_snapshot_for_denomination_audit_only,False,False,1788924138.0,1788924141.0,29016123.97733431,39522.35037843321,,prior_trade_average_not_size_specific_quote,,,False,False,unknown,,129,128,0.11665277178295828,554,0,at_least_90pct_buys_below_one_usdt;execution_unverified;graduation_event_time_unavailable;historical_state_unverified;incomplete_trade_provenance;no_recorded_x_signal;nonnative_quote_labeled_bnb;threshold_met_at_first_stored_buy;unsupported_by_current_native_executor;usdt_fdv_proxy_below_50000_quote_units
233,0xd02bd3543b9e67f403e1fead2a67b47d49854444,币分,0x46ceefda28dd7207059ed19b0acdc026955bb15c,GMEB,18,18,122089910,later_snapshot_for_denomination_audit_only,False,False,1786885990.0,1786885993.0,190321.50085905314,259.2335574309126,,prior_trade_average_not_size_specific_quote,,,False,False,unknown,,6,,,13,0,execution_unverified;graduation_event_time_unavailable;historical_state_unverified;incomplete_trade_provenance;no_recorded_x_signal;nonnative_quote_labeled_bnb;threshold_met_at_first_stored_buy;unsupported_by_current_native_executor
564,0xd0a75c3de98526827de7d1932c20bb53a24b4444,孙小圣,0x55d398326f99059ff775485246999027b3197955,USDT,18,18,122089910,later_snapshot_for_denomination_audit_only,False,False,1788186121.0,1788186124.0,15660491.272105033,21330.87877753795,,prior_trade_average_not_size_specific_quote,,,False,False,unknown,,9,2,1.3239115557229975,593,0,execution_unverified;graduation_event_time_unavailable;historical_state_unverified;incomplete_trade_provenance;no_recorded_x_signal;nonnative_quote_labeled_bnb;threshold_met_at_first_stored_buy;unsupported_by_current_native_executor;usdt_fdv_proxy_below_50000_quote_units
485,0xd14191fc9564dad721b3d2df800d573ae1ed4444,牛来人生,0x55d398326f99059ff775485246999027b3197955,USDT,18,18,122089910,later_snapshot_for_denomination_audit_only,False,False,1789178475.0,1789178478.0,24178055.74554827,32932.50302456961,,prior_trade_average_not_size_specific_quote,,,False,False,unknown,,284,253,0.00038166131021116,1029,0,execution_unverified;graduation_event_time_unavailable;historical_state_unverified;incomplete_trade_provenance;no_recorded_x_signal;nonnative_quote_labeled_bnb;threshold_met_at_first_stored_buy;unsupported_by_current_native_executor;usdt_fdv_proxy_below_50000_quote_units
220,0xd1d92a15a281596815b445ed370acefab8b94444,有些事干多了会上瘾,0x46ceefda28dd7207059ed19b0acdc026955bb15c,GMEB,18,18,122089910,later_snapshot_for_denomination_audit_only,False,False,1786871036.0,1786871039.0,192270.44398561027,261.8881784676714,,prior_trade_average_not_size_specific_quote,,,False,False,unknown,,24,,,48,0,execution_unverified;graduation_event_time_unavailable;historical_state_unverified;incomplete_trade_provenance;no_recorded_x_signal;nonnative_quote_labeled_bnb;threshold_met_at_first_stored_buy;unsupported_by_current_native_executor
120,0xd25aeaf3af26b189b31f3b2d5a41adea9c1affff,utility,0x46ceefda28dd7207059ed19b0acdc026955bb15c,GMEB,18,18,122089910,later_snapshot_for_denomination_audit_only,False,False,1787023749.0,1787023752.0,546464.7460706583,744.3299863392108,,prior_trade_average_not_size_specific_quote,,,False,False,unknown,,81,,,1120,0,execution_unverified;graduation_event_time_unavailable;historical_state_unverified;incomplete_trade_provenance;no_recorded_x_signal;nonnative_quote_labeled_bnb;threshold_met_at_first_stored_buy;unsupported_by_current_native_executor
352,0xd2d45f87b900b610717a6913e315989ab1464444,纳4达克,0x55d398326f99059ff775485246999027b3197955,USDT,18,18,122089910,later_snapshot_for_denomination_audit_only,False,False,1789017907.0,1789017910.0,28235162.751651067,38458.61687572506,,prior_trade_average_not_size_specific_quote,,,False,False,unknown,,112,109,0.14854502648379472,396,0,at_least_90pct_buys_below_one_usdt;execution_unverified;graduation_event_time_unavailable;historical_state_unverified;incomplete_trade_provenance;no_recorded_x_signal;nonnative_quote_labeled_bnb;threshold_met_at_first_stored_buy;unsupported_by_current_native_executor;usdt_fdv_proxy_below_50000_quote_units
611,0xd321e9561ddbbd3067070e7a62ee1532baffffff,PinkCare,0x0000000000000000000000000000000000000000,BNB,18,18,122089910,later_snapshot_for_denomination_audit_only,False,True,1787023439.0,1787023442.0,63677.729649609166,86.73431173925543,,prior_trade_average_not_size_specific_quote,1787023409,True,False,False,unknown,,6,,,282,0,curve_venue_ended_before_assumed_entry;execution_unverified;historical_state_unverified;incomplete_trade_provenance;no_recorded_x_signal;requires_dex_state_for_1h_outcome
472,0xd324720b68ad42d61a2d0cd99111e7562eff4444,币股人生,0x55d398326f99059ff775485246999027b3197955,USDT,18,18,122089910,later_snapshot_for_denomination_audit_only,False,False,1788859561.0,1788859564.0,29346206.64293462,39971.95015178313,,prior_trade_average_not_size_specific_quote,,,False,False,unknown,,37,34,0.022111308596299672,514,0,at_least_90pct_buys_below_one_usdt;execution_unverified;graduation_event_time_unavailable;historical_state_unverified;incomplete_trade_provenance;no_recorded_x_signal;nonnative_quote_labeled_bnb;threshold_met_at_first_stored_buy;unsupported_by_current_native_executor;usdt_fdv_proxy_below_50000_quote_units
563,0xd3455a57b17c00dc1a8e0a91ad3ccb0c5af6ffff,ffff,0x46ceefda28dd7207059ed19b0acdc026955bb15c,GMEB,18,18,122089910,later_snapshot_for_denomination_audit_only,False,False,1786952698.0,1786952701.0,1306415.3458772972,1779.4452863468914,,prior_trade_average_not_size_specific_quote,1786952711,False,False,False,unknown,,215,,,441,0,execution_unverified;historical_state_unverified;incomplete_trade_provenance;no_recorded_x_signal;nonnative_quote_labeled_bnb;requires_dex_state_for_1h_outcome;threshold_met_at_first_stored_buy;unsupported_by_current_native_executor
531,0xd382be6c2712b46dd7adb318382ad49b81724444,牛来,0x55d398326f99059ff775485246999027b3197955,USDT,18,18,122089910,later_snapshot_for_denomination_audit_only,False,False,1786867244.0,1786867247.0,24868743.276915662,33873.27632144553,,prior_trade_average_not_size_specific_quote,,,False,False,unknown,,12,1,0.4833578405392032,647,0,execution_unverified;graduation_event_time_unavailable;historical_state_unverified;incomplete_trade_provenance;no_recorded_x_signal;nonnative_quote_labeled_bnb;threshold_met_at_first_stored_buy;unsupported_by_current_native_executor;usdt_fdv_proxy_below_50000_quote_units
219,0xd3d0fd84dbaf1764a3b43b071b0ef3f5f89c4444,4咪咪,0x46ceefda28dd7207059ed19b0acdc026955bb15c,GMEB,18,18,122089910,later_snapshot_for_denomination_audit_only,False,False,1786980562.0,1786980565.0,207107.66099173226,282.09768989707055,,prior_trade_average_not_size_specific_quote,,,False,False,unknown,,6,,,14,0,execution_unverified;graduation_event_time_unavailable;historical_state_unverified;incomplete_trade_provenance;no_recorded_x_signal;nonnative_quote_labeled_bnb;threshold_met_at_first_stored_buy;unsupported_by_current_native_executor
127,0xd41397ca05ff0960d2a52c38b24fc7d641584444,BNBchainCat,0x55d398326f99059ff775485246999027b3197955,USDT,18,18,122089910,later_snapshot_for_denomination_audit_only,False,False,1787478049.0,1787478052.0,6606942.63524692,8999.199960835938,,prior_trade_average_not_size_specific_quote,,,False,False,unknown,,7,0,0.0,91,0,execution_unverified;graduation_event_time_unavailable;historical_state_unverified;incomplete_trade_provenance;no_recorded_x_signal;nonnative_quote_labeled_bnb;threshold_met_at_first_stored_buy;unsupported_by_current_native_executor;usdt_fdv_proxy_below_50000_quote_units
304,0xd4422d6a419b57d0b55342d0d64420a0afe54444,火星人生,0x55d398326f99059ff775485246999027b3197955,USDT,18,18,122089910,later_snapshot_for_denomination_audit_only,False,False,1788794584.0,1788794587.0,26922443.94397583,36670.58575530984,,prior_trade_average_not_size_specific_quote,,,False,False,unknown,,115,111,0.16275877411370923,613,0,at_least_90pct_buys_below_one_usdt;execution_unverified;graduation_event_time_unavailable;historical_state_unverified;incomplete_trade_provenance;no_recorded_x_signal;nonnative_quote_labeled_bnb;threshold_met_at_first_stored_buy;unsupported_by_current_native_executor;usdt_fdv_proxy_below_50000_quote_units
195,0xd446a3a5e1c54c5e1d23d5ec33c232282176ffff,4全家,0x46ceefda28dd7207059ed19b0acdc026955bb15c,GMEB,18,18,122089910,later_snapshot_for_denomination_audit_only,False,False,1788248327.0,1788248330.0,204887.4451566189,279.07357309154406,,prior_trade_average_not_size_specific_quote,,,False,False,unknown,,27,,,52,0,execution_unverified;graduation_event_time_unavailable;historical_state_unverified;incomplete_trade_provenance;no_recorded_x_signal;nonnative_quote_labeled_bnb;threshold_met_at_first_stored_buy;unsupported_by_current_native_executor
454,0xd4e786eab3ddd57bc84892b7a263658805974444,牛来BINANCE,0x55d398326f99059ff775485246999027b3197955,USDT,18,18,122089910,later_snapshot_for_denomination_audit_only,False,False,1787471615.0,1787471618.0,24078940.114680007,32797.49937300626,,prior_trade_average_not_size_specific_quote,,,False,False,unknown,,31,0,0.0,686,0,execution_unverified;graduation_event_time_unavailable;historical_state_unverified;incomplete_trade_provenance;no_recorded_x_signal;nonnative_quote_labeled_bnb;threshold_met_at_first_stored_buy;unsupported_by_current_native_executor;usdt_fdv_proxy_below_50000_quote_units
505,0xd4ee5ecf23955730a0742bfa7ee17db7145d4444,牛来,0x55d398326f99059ff775485246999027b3197955,USDT,18,18,122089910,later_snapshot_for_denomination_audit_only,False,False,1786797446.0,1786797449.0,25738017.802538272,35057.299811403725,,prior_trade_average_not_size_specific_quote,,,False,False,unknown,,7,1,0.5303677045446141,655,0,execution_unverified;graduation_event_time_unavailable;historical_state_unverified;incomplete_trade_provenance;no_recorded_x_signal;nonnative_quote_labeled_bnb;threshold_met_at_first_stored_buy;unsupported_by_current_native_executor;usdt_fdv_proxy_below_50000_quote_units
68,0xd510edae04a1ef864771eace7f5cfa67bc96ffff,AN,0x02fca66c1d1afb4e2a7884261eb00f63598a7436,NVDAB,18,18,122089910,later_snapshot_for_denomination_audit_only,False,False,1789125864.0,1789125867.0,101082.05298631926,137.6820804259494,,prior_trade_average_not_size_specific_quote,,,False,False,unknown,,170,,,2176,0,execution_unverified;graduation_event_time_unavailable;historical_state_unverified;incomplete_trade_provenance;no_recorded_x_signal;nonnative_quote_labeled_bnb;unsupported_by_current_native_executor
398,0xd5651afa99e146f2a8d85d26bd5508b77d0a4444,太空牛,0x55d398326f99059ff775485246999027b3197955,USDT,18,18,122089910,later_snapshot_for_denomination_audit_only,False,False,1789050544.0,1789050547.0,26118501.00911404,35575.54927212231,,prior_trade_average_not_size_specific_quote,,,False,False,unknown,,110,78,2.3832430804509372,982,0,execution_unverified;graduation_event_time_unavailable;historical_state_unverified;incomplete_trade_provenance;no_recorded_x_signal;nonnative_quote_labeled_bnb;threshold_met_at_first_stored_buy;unsupported_by_current_native_executor;usdt_fdv_proxy_below_50000_quote_units
286,0xd63abbe9227d6055bd3d9378373c1f3797f14444,牛来,0x55d398326f99059ff775485246999027b3197955,USDT,18,18,122089910,later_snapshot_for_denomination_audit_only,False,False,1787046767.0,1787046770.0,2841038.264511751,3869.728080024723,,prior_trade_average_not_size_specific_quote,,,False,False,unknown,,32,30,9.900990099009848,541,0,at_least_90pct_buys_below_one_usdt;execution_unverified;graduation_event_time_unavailable;historical_state_unverified;incomplete_trade_provenance;no_recorded_x_signal;nonnative_quote_labeled_bnb;threshold_met_at_first_stored_buy;unsupported_by_current_native_executor;usdt_fdv_proxy_below_50000_quote_units
517,0xd643278e1524222621fe636a2f2a4f3ef4814444,BINANCE BULL,0x55d398326f99059ff775485246999027b3197955,USDT,18,18,122089910,later_snapshot_for_denomination_audit_only,False,False,1787658594.0,1787658597.0,26252344.733164165,35757.8554465099,,prior_trade_average_not_size_specific_quote,,,False,False,unknown,,18,7,0.5062805122840962,612,0,execution_unverified;graduation_event_time_unavailable;historical_state_unverified;incomplete_trade_provenance;no_recorded_x_signal;nonnative_quote_labeled_bnb;threshold_met_at_first_stored_buy;unsupported_by_current_native_executor;usdt_fdv_proxy_below_50000_quote_units
232,0xd77c6a1b78b3b88af87a58c683dcf83c36b9ffff,FFFF,0x46ceefda28dd7207059ed19b0acdc026955bb15c,GMEB,18,18,122089910,later_snapshot_for_denomination_audit_only,False,False,1786953000.0,1786953003.0,186185.62495135496,253.60015384904716,,prior_trade_average_not_size_specific_quote,,,False,False,unknown,,6,,,20,0,execution_unverified;graduation_event_time_unavailable;historical_state_unverified;incomplete_trade_provenance;no_recorded_x_signal;nonnative_quote_labeled_bnb;threshold_met_at_first_stored_buy;unsupported_by_current_native_executor
147,0xd790b814b7b8e7ae64a6453d2830bf966254ffff,5,0x46ceefda28dd7207059ed19b0acdc026955bb15c,GMEB,18,18,122089910,later_snapshot_for_denomination_audit_only,False,False,1787552323.0,1787552326.0,285170.2820610071,388.4254083672816,,prior_trade_average_not_size_specific_quote,,,False,False,unknown,,20,,,68,0,execution_unverified;graduation_event_time_unavailable;historical_state_unverified;incomplete_trade_provenance;no_recorded_x_signal;nonnative_quote_labeled_bnb;threshold_met_at_first_stored_buy;unsupported_by_current_native_executor
428,0xd83a9817c42ae6318c16b1c9a4019083414d4444,币股人生,0x55d398326f99059ff775485246999027b3197955,USDT,18,18,122089910,later_snapshot_for_denomination_audit_only,False,False,1788873612.0,1788873615.0,29041983.20926724,39557.57278187237,,prior_trade_average_not_size_specific_quote,,,False,False,unknown,,141,139,0.08996406831273909,495,0,at_least_90pct_buys_below_one_usdt;execution_unverified;graduation_event_time_unavailable;historical_state_unverified;incomplete_trade_provenance;no_recorded_x_signal;nonnative_quote_labeled_bnb;threshold_met_at_first_stored_buy;unsupported_by_current_native_executor;usdt_fdv_proxy_below_50000_quote_units
511,0xd8568faa80bb15513bcb374c0050572ebcd34444,我的女友景甜,0x55d398326f99059ff775485246999027b3197955,USDT,18,18,122089910,later_snapshot_for_denomination_audit_only,False,False,1787997822.0,1787997825.0,24074868.383151624,32791.95333935141,,prior_trade_average_not_size_specific_quote,,,False,False,unknown,,137,107,0.001565411442540436,1170,0,execution_unverified;graduation_event_time_unavailable;historical_state_unverified;incomplete_trade_provenance;no_recorded_x_signal;nonnative_quote_labeled_bnb;threshold_met_at_first_stored_buy;unsupported_by_current_native_executor;usdt_fdv_proxy_below_50000_quote_units
430,0xd9ebdf1e45bf42d5df4aaf04004d48c6e1454444,景甜人生,0x55d398326f99059ff775485246999027b3197955,USDT,18,18,122089910,later_snapshot_for_denomination_audit_only,False,False,1788063511.0,1788063514.0,24106464.529865574,32834.98989316585,,prior_trade_average_not_size_specific_quote,,,False,False,unknown,,32,0,0.0,766,0,execution_unverified;graduation_event_time_unavailable;historical_state_unverified;incomplete_trade_provenance;no_recorded_x_signal;nonnative_quote_labeled_bnb;threshold_met_at_first_stored_buy;unsupported_by_current_native_executor;usdt_fdv_proxy_below_50000_quote_units
74,0xda7c5a5e517afa39cf2423ba539dd4b671b04444,景甜人生,0x55d398326f99059ff775485246999027b3197955,USDT,18,18,122089910,later_snapshot_for_denomination_audit_only,False,False,1787887218.0,1787887221.0,16367150.569073558,22293.406934461444,,prior_trade_average_not_size_specific_quote,,,False,False,unknown,,7,1,0.5650954015619903,245,0,execution_unverified;graduation_event_time_unavailable;historical_state_unverified;incomplete_trade_provenance;no_recorded_x_signal;nonnative_quote_labeled_bnb;threshold_met_at_first_stored_buy;unsupported_by_current_native_executor;usdt_fdv_proxy_below_50000_quote_units
557,0xdace3c78a970d91fe865b3fa2e4d4ed7f3014444,牛来,0x55d398326f99059ff775485246999027b3197955,USDT,18,18,122089910,later_snapshot_for_denomination_audit_only,False,False,1786785358.0,1786785361.0,17394122.929157693,23692.227861609295,,prior_trade_average_not_size_specific_quote,,,False,False,unknown,,6,2,0.9758213218865629,541,0,execution_unverified;graduation_event_time_unavailable;historical_state_unverified;incomplete_trade_provenance;no_recorded_x_signal;nonnative_quote_labeled_bnb;threshold_met_at_first_stored_buy;unsupported_by_current_native_executor;usdt_fdv_proxy_below_50000_quote_units
315,0xdc001af90ece92acd4b84be6c907a2649b9a4444,Cybercab  Storm,0x55d398326f99059ff775485246999027b3197955,USDT,18,18,122089910,later_snapshot_for_denomination_audit_only,False,False,1788787422.0,1788787425.0,26958737.006795548,36720.01989565843,,prior_trade_average_not_size_specific_quote,,,False,False,unknown,,72,67,1.0816899692844708,383,0,at_least_90pct_buys_below_one_usdt;execution_unverified;graduation_event_time_unavailable;historical_state_unverified;incomplete_trade_provenance;no_recorded_x_signal;nonnative_quote_labeled_bnb;threshold_met_at_first_stored_buy;unsupported_by_current_native_executor;usdt_fdv_proxy_below_50000_quote_units
52,0xdc62bc57eee0c5e0e7e88f5b63d97b9352974444,我踏牛来,0x55d398326f99059ff775485246999027b3197955,USDT,18,18,122089910,later_snapshot_for_denomination_audit_only,False,False,1787128310.0,1787128313.0,22700536.47151053,30920.000097403234,,prior_trade_average_not_size_specific_quote,,,False,False,unknown,,28,20,0.5377034446921312,42,0,execution_unverified;graduation_event_time_unavailable;historical_state_unverified;incomplete_trade_provenance;no_recorded_x_signal;nonnative_quote_labeled_bnb;threshold_met_at_first_stored_buy;unsupported_by_current_native_executor;usdt_fdv_proxy_below_50000_quote_units
486,0xdd26d185d40dc57b95011b1328699e5369624444,BNC4 人生,0x55d398326f99059ff775485246999027b3197955,USDT,18,18,122089910,later_snapshot_for_denomination_audit_only,False,False,1788936919.0,1788936922.0,24192937.302815385,32952.77293108597,,prior_trade_average_not_size_specific_quote,,,False,False,unknown,,82,51,7.2664102974385e-05,695,0,execution_unverified;graduation_event_time_unavailable;historical_state_unverified;incomplete_trade_provenance;no_recorded_x_signal;nonnative_quote_labeled_bnb;threshold_met_at_first_stored_buy;unsupported_by_current_native_executor;usdt_fdv_proxy_below_50000_quote_units
562,0xde37a7ed9d730391c817277657b098a0123c4444,CAT BULL,0x55d398326f99059ff775485246999027b3197955,USDT,18,18,122089910,later_snapshot_for_denomination_audit_only,False,False,1787818240.0,1787818243.0,16089862.951544756,21915.718364336262,,prior_trade_average_not_size_specific_quote,,,False,False,unknown,,7,2,1.0814221005709328,693,0,execution_unverified;graduation_event_time_unavailable;historical_state_unverified;incomplete_trade_provenance;no_recorded_x_signal;nonnative_quote_labeled_bnb;threshold_met_at_first_stored_buy;unsupported_by_current_native_executor;usdt_fdv_proxy_below_50000_quote_units
366,0xe094440871e79df46cdf5767ebec4824ebe34444,CZ Bull,0x55d398326f99059ff775485246999027b3197955,USDT,18,18,122089910,later_snapshot_for_denomination_audit_only,False,False,1787835502.0,1787835505.0,25376905.40284819,34565.434984878426,,prior_trade_average_not_size_specific_quote,,,False,False,unknown,,62,51,0.5396158877825162,620,0,execution_unverified;graduation_event_time_unavailable;historical_state_unverified;incomplete_trade_provenance;no_recorded_x_signal;nonnative_quote_labeled_bnb;threshold_met_at_first_stored_buy;unsupported_by_current_native_executor;usdt_fdv_proxy_below_50000_quote_units
194,0xe1b0410575fecc3bf46f9517382eea5306a0ffff,1coin,0x46ceefda28dd7207059ed19b0acdc026955bb15c,GMEB,18,18,122089910,later_snapshot_for_denomination_audit_only,False,False,1787204241.0,1787204244.0,208382.12966194705,283.83362118030846,,prior_trade_average_not_size_specific_quote,,,False,False,unknown,,12,,,50,0,execution_unverified;graduation_event_time_unavailable;historical_state_unverified;incomplete_trade_provenance;no_recorded_x_signal;nonnative_quote_labeled_bnb;threshold_met_at_first_stored_buy;unsupported_by_current_native_executor
476,0xe1bc37dafd1ed575b8a9ddca4129f69063a94444,牛来人生,0x55d398326f99059ff775485246999027b3197955,USDT,18,18,122089910,later_snapshot_for_denomination_audit_only,False,False,1788327964.0,1788327967.0,24102090.76903986,32829.03247073547,,prior_trade_average_not_size_specific_quote,,,False,False,unknown,,284,253,0.003741835693280699,665,0,execution_unverified;graduation_event_time_unavailable;historical_state_unverified;incomplete_trade_provenance;no_recorded_x_signal;nonnative_quote_labeled_bnb;threshold_met_at_first_stored_buy;unsupported_by_current_native_executor;usdt_fdv_proxy_below_50000_quote_units
411,0xe243d21dc1574e560a6a5f975eda7932d1664444,Stonks,0x55d398326f99059ff775485246999027b3197955,USDT,18,18,122089910,later_snapshot_for_denomination_audit_only,False,False,1788599283.0,1788599286.0,26855110.248589635,36578.87171716311,,prior_trade_average_not_size_specific_quote,,,False,False,unknown,,177,174,0.352307697160857,481,0,at_least_90pct_buys_below_one_usdt;execution_unverified;graduation_event_time_unavailable;historical_state_unverified;incomplete_trade_provenance;no_recorded_x_signal;nonnative_quote_labeled_bnb;threshold_met_at_first_stored_buy;unsupported_by_current_native_executor;usdt_fdv_proxy_below_50000_quote_units
577,0xe323a1c9a0447e4140f97749c3049b59bb544444,CZ Bull,0x55d398326f99059ff775485246999027b3197955,USDT,18,18,122089910,later_snapshot_for_denomination_audit_only,False,False,1787315522.0,1787315525.0,15362852.789294058,20925.47065297419,,prior_trade_average_not_size_specific_quote,,,True,False,unknown,,6,3,1.1871336764092715,580,0,execution_unverified;graduation_event_time_unavailable;historical_state_unverified;incomplete_trade_provenance;no_recorded_x_signal;nonnative_quote_labeled_bnb;threshold_met_at_first_stored_buy;unsupported_by_current_native_executor;usdt_fdv_proxy_below_50000_quote_units
97,0xe339efd35d9c56487019d35fa3951dd6a33fffff,FOUR,0xbe9d156892e55e7154bcd3cb0fea677f9d3103e1,SPCXB,18,18,122089910,later_snapshot_for_denomination_audit_only,False,False,1788146134.0,1788146137.0,101241.59552227642,137.89939049849002,,prior_trade_average_not_size_specific_quote,,,False,False,unknown,,98,,,2521,0,execution_unverified;graduation_event_time_unavailable;historical_state_unverified;incomplete_trade_provenance;no_recorded_x_signal;nonnative_quote_labeled_bnb;unsupported_by_current_native_executor
541,0xe39d92f7d3a85f528dda1ce33300f8310bd84444,我的女友景甜,0x55d398326f99059ff775485246999027b3197955,USDT,18,18,122089910,later_snapshot_for_denomination_audit_only,False,False,1787897868.0,1787897871.0,24181256.322947223,32936.86247455933,,prior_trade_average_not_size_specific_quote,,,False,False,unknown,,204,170,0.002544107180937258,947,0,execution_unverified;graduation_event_time_unavailable;historical_state_unverified;incomplete_trade_provenance;no_recorded_x_signal;nonnative_quote_labeled_bnb;threshold_met_at_first_stored_buy;unsupported_by_current_native_executor;usdt_fdv_proxy_below_50000_quote_units
328,0xe3d070630f076603605794dbdd410562c81a4444,我踏牛来,0x55d398326f99059ff775485246999027b3197955,USDT,18,18,122089910,later_snapshot_for_denomination_audit_only,False,False,1788650119.0,1788650122.0,26796599.856646374,36499.1757449179,,prior_trade_average_not_size_specific_quote,,,False,False,unknown,,131,129,0.15819538817888548,424,0,at_least_90pct_buys_below_one_usdt;execution_unverified;graduation_event_time_unavailable;historical_state_unverified;incomplete_trade_provenance;no_recorded_x_signal;nonnative_quote_labeled_bnb;threshold_met_at_first_stored_buy;unsupported_by_current_native_executor;usdt_fdv_proxy_below_50000_quote_units
199,0xe40c7edef45f2aea6a9403d3f08cb4bcd833ffff,MEMEYORK,0x46ceefda28dd7207059ed19b0acdc026955bb15c,GMEB,18,18,122089910,later_snapshot_for_denomination_audit_only,False,False,1788326293.0,1788326296.0,273049.30734640843,371.9156426255614,,prior_trade_average_not_size_specific_quote,,,False,False,unknown,,12,,,42,0,execution_unverified;graduation_event_time_unavailable;historical_state_unverified;incomplete_trade_provenance;no_recorded_x_signal;nonnative_quote_labeled_bnb;threshold_met_at_first_stored_buy;unsupported_by_current_native_executor
464,0xe540eeb221d6f0fc486581bc22e98651a3d74444,牛来人生,0x55d398326f99059ff775485246999027b3197955,USDT,18,18,122089910,later_snapshot_for_denomination_audit_only,False,False,1788510200.0,1788510203.0,24094683.124640133,32818.94264903242,,prior_trade_average_not_size_specific_quote,,,False,False,unknown,,85,54,0.000835749576534176,756,0,execution_unverified;graduation_event_time_unavailable;historical_state_unverified;incomplete_trade_provenance;no_recorded_x_signal;nonnative_quote_labeled_bnb;threshold_met_at_first_stored_buy;unsupported_by_current_native_executor;usdt_fdv_proxy_below_50000_quote_units
243,0xe618998d1c9e3d8e3877474f987188b31bc4ffff,MTCF,0x46ceefda28dd7207059ed19b0acdc026955bb15c,GMEB,18,18,122089910,later_snapshot_for_denomination_audit_only,False,False,1787143962.0,1787143965.0,189024.57330179232,257.467035293995,,prior_trade_average_not_size_specific_quote,,,False,False,unknown,,6,,,13,0,execution_unverified;graduation_event_time_unavailable;historical_state_unverified;incomplete_trade_provenance;no_recorded_x_signal;nonnative_quote_labeled_bnb;threshold_met_at_first_stored_buy;unsupported_by_current_native_executor
285,0xe6569e724f6835afeacbb709307a140f8ddf4444,FOURCAT,0x46ceefda28dd7207059ed19b0acdc026955bb15c,GMEB,18,18,122089910,later_snapshot_for_denomination_audit_only,False,False,1787408564.0,1787408567.0,152176.49932980188,207.2769240500182,,prior_trade_average_not_size_specific_quote,,,False,False,unknown,,9,,,15,0,execution_unverified;graduation_event_time_unavailable;historical_state_unverified;incomplete_trade_provenance;no_recorded_x_signal;nonnative_quote_labeled_bnb;threshold_met_at_first_stored_buy;unsupported_by_current_native_executor
465,0xe65ac5768ec3cab6225fe4749b4c97fc9e804444,CZ HAT,0x55d398326f99059ff775485246999027b3197955,USDT,18,18,122089910,later_snapshot_for_denomination_audit_only,False,False,1787205649.0,1787205652.0,22151371.459052835,30171.99212587389,,prior_trade_average_not_size_specific_quote,,,False,False,unknown,,32,0,0.0,1121,0,execution_unverified;graduation_event_time_unavailable;historical_state_unverified;incomplete_trade_provenance;no_recorded_x_signal;nonnative_quote_labeled_bnb;threshold_met_at_first_stored_buy;unsupported_by_current_native_executor;usdt_fdv_proxy_below_50000_quote_units
87,0xe67a2f86671b61b118c53ff04c58751449234444,AFOB,0x55d398326f99059ff775485246999027b3197955,USDT,18,18,122089910,later_snapshot_for_denomination_audit_only,False,False,1787056239.0,1787056242.0,14784659.752050687,20137.9241211854,,prior_trade_average_not_size_specific_quote,,,False,False,unknown,,29,20,0.5372812524467547,613,0,execution_unverified;graduation_event_time_unavailable;historical_state_unverified;incomplete_trade_provenance;no_recorded_x_signal;nonnative_quote_labeled_bnb;threshold_met_at_first_stored_buy;unsupported_by_current_native_executor;usdt_fdv_proxy_below_50000_quote_units
96,0xe7ffc2feaa65937534918e371fd0409507f0ffff,BAGENT,0x02fca66c1d1afb4e2a7884261eb00f63598a7436,NVDAB,18,18,122089910,later_snapshot_for_denomination_audit_only,False,False,1787233274.0,1787233277.0,107107.57160212554,145.8893329911676,,prior_trade_average_not_size_specific_quote,,,False,False,unknown,,142,,,2620,0,execution_unverified;graduation_event_time_unavailable;historical_state_unverified;incomplete_trade_provenance;no_recorded_x_signal;nonnative_quote_labeled_bnb;unsupported_by_current_native_executor
225,0xe8bd8962ceb05ac7c86952528d5ad2c175feffff,FOURGY,0x46ceefda28dd7207059ed19b0acdc026955bb15c,GMEB,18,18,122089910,later_snapshot_for_denomination_audit_only,False,False,1787857733.0,1787857736.0,198272.98772949897,270.0641373653227,,prior_trade_average_not_size_specific_quote,,,False,False,unknown,,6,,,17,0,execution_unverified;graduation_event_time_unavailable;historical_state_unverified;incomplete_trade_provenance;no_recorded_x_signal;nonnative_quote_labeled_bnb;threshold_met_at_first_stored_buy;unsupported_by_current_native_executor
12,0xe8c17ca8637c2140e78681b19be110475b2a4444,景甜人生,0x55d398326f99059ff775485246999027b3197955,USDT,18,18,122089910,later_snapshot_for_denomination_audit_only,False,False,1787850769.0,1787850772.0,26180757.776630674,35660.3481164181,,prior_trade_average_not_size_specific_quote,,,False,False,unknown,,60,53,0.8544389763622701,501,0,execution_unverified;graduation_event_time_unavailable;historical_state_unverified;incomplete_trade_provenance;no_recorded_x_signal;nonnative_quote_labeled_bnb;threshold_met_at_first_stored_buy;unsupported_by_current_native_executor;usdt_fdv_proxy_below_50000_quote_units
151,0xe94c4955dd241165d175ed9c453bfe3d2572ffff,CAT,0x46ceefda28dd7207059ed19b0acdc026955bb15c,GMEB,18,18,122089910,later_snapshot_for_denomination_audit_only,False,False,1787807901.0,1787807904.0,273884.6804395916,373.0534895727033,,prior_trade_average_not_size_specific_quote,,,False,False,unknown,,21,,,85,0,execution_unverified;graduation_event_time_unavailable;historical_state_unverified;incomplete_trade_provenance;no_recorded_x_signal;nonnative_quote_labeled_bnb;threshold_met_at_first_stored_buy;unsupported_by_current_native_executor
93,0xea334628e83e081bd7abc9effb334267c9444444,景甜币,0x55d398326f99059ff775485246999027b3197955,USDT,18,18,122089910,later_snapshot_for_denomination_audit_only,False,False,1787910391.0,1787910394.0,12252257.007549383,16688.583036012617,,prior_trade_average_not_size_specific_quote,,,False,False,unknown,,7,1,0.696150021059822,24,0,execution_unverified;graduation_event_time_unavailable;historical_state_unverified;incomplete_trade_provenance;no_recorded_x_signal;nonnative_quote_labeled_bnb;threshold_met_at_first_stored_buy;unsupported_by_current_native_executor;usdt_fdv_proxy_below_50000_quote_units
612,0xea3fc9473e3784c360dca485b89d4e20299e4444,Nemu,0x0000000000000000000000000000000000000000,BNB,18,18,122089910,later_snapshot_for_denomination_audit_only,False,True,1786735300.0,1786735303.0,62119.48595609449,84.61185550498455,,prior_trade_average_not_size_specific_quote,1786735301,True,False,False,unknown,,37,,,1020,0,curve_venue_ended_before_assumed_entry;execution_unverified;historical_state_unverified;incomplete_trade_provenance;no_recorded_x_signal;requires_dex_state_for_1h_outcome
176,0xeaa1c3532cceb7ca6b104a92b95295951ac2ffff,$LAMP,0x8d0d000ee44948fc98c9b98a4fa4921476f08b0d,USD1,18,18,122089910,later_snapshot_for_denomination_audit_only,False,False,1788525488.0,1788525491.0,4382990.389923822,5969.993856904835,,prior_trade_average_not_size_specific_quote,,,False,False,unknown,,7,,,24,0,execution_unverified;graduation_event_time_unavailable;historical_state_unverified;incomplete_trade_provenance;no_recorded_x_signal;nonnative_quote_labeled_bnb;threshold_met_at_first_stored_buy;unsupported_by_current_native_executor
161,0xeb06aad9306e2f53838f90a78380d438dd1cffff,mini 哈基米,0x46ceefda28dd7207059ed19b0acdc026955bb15c,GMEB,18,18,122089910,later_snapshot_for_denomination_audit_only,False,False,1786980469.0,1786980472.0,247325.0138875457,336.8770365004641,,prior_trade_average_not_size_specific_quote,,,False,False,unknown,,10,,,37,0,execution_unverified;graduation_event_time_unavailable;historical_state_unverified;incomplete_trade_provenance;no_recorded_x_signal;nonnative_quote_labeled_bnb;threshold_met_at_first_stored_buy;unsupported_by_current_native_executor
374,0xeb1bfe00e809ebfdcc5bedbfe2459c8b024e4444,景甜人生,0x55d398326f99059ff775485246999027b3197955,USDT,18,18,122089910,later_snapshot_for_denomination_audit_only,False,False,1788071141.0,1788071144.0,24076224.913872767,32793.80104590594,,prior_trade_average_not_size_specific_quote,,,False,False,unknown,,206,176,0.34049020371939204,883,0,execution_unverified;graduation_event_time_unavailable;historical_state_unverified;incomplete_trade_provenance;no_recorded_x_signal;nonnative_quote_labeled_bnb;threshold_met_at_first_stored_buy;unsupported_by_current_native_executor;usdt_fdv_proxy_below_50000_quote_units
296,0xec9b266aa39910f6b824d72f674aa42884114444,IPHONE DUO,0x55d398326f99059ff775485246999027b3197955,USDT,18,18,122089910,later_snapshot_for_denomination_audit_only,False,False,1789033668.0,1789033671.0,28604543.425297234,38961.74377228331,,prior_trade_average_not_size_specific_quote,,,False,False,unknown,,140,138,0.22143978826229815,462,0,at_least_90pct_buys_below_one_usdt;execution_unverified;graduation_event_time_unavailable;historical_state_unverified;incomplete_trade_provenance;no_recorded_x_signal;nonnative_quote_labeled_bnb;threshold_met_at_first_stored_buy;unsupported_by_current_native_executor;usdt_fdv_proxy_below_50000_quote_units
277,0xedb37cd3d16c43295ecc7ee2790456126ebdffff,f4,0x46ceefda28dd7207059ed19b0acdc026955bb15c,GMEB,18,18,122089910,later_snapshot_for_denomination_audit_only,False,False,1786953035.0,1786953038.0,185182.37721917985,252.2336478188701,,prior_trade_average_not_size_specific_quote,,,False,False,unknown,,7,,,21,0,execution_unverified;graduation_event_time_unavailable;historical_state_unverified;incomplete_trade_provenance;no_recorded_x_signal;nonnative_quote_labeled_bnb;threshold_met_at_first_stored_buy;unsupported_by_current_native_executor
158,0xee0f42404e393faa4aefe3e6cfa78ca0e725ffff,utility,0x46ceefda28dd7207059ed19b0acdc026955bb15c,GMEB,18,18,122089910,later_snapshot_for_denomination_audit_only,False,False,1787023438.0,1787023441.0,254798.11258218024,347.0560123434358,,prior_trade_average_not_size_specific_quote,,,False,False,unknown,,5,,,14,0,execution_unverified;graduation_event_time_unavailable;historical_state_unverified;incomplete_trade_provenance;no_recorded_x_signal;nonnative_quote_labeled_bnb;threshold_met_at_first_stored_buy;unsupported_by_current_native_executor
218,0xee1118afa121ce0fb48eb8b4090f277d2c704444,BSC,0x46ceefda28dd7207059ed19b0acdc026955bb15c,GMEB,18,18,122089910,later_snapshot_for_denomination_audit_only,False,False,1786886005.0,1786886008.0,193468.86898153953,263.5205320042218,,prior_trade_average_not_size_specific_quote,,,False,False,unknown,,8,,,16,0,execution_unverified;graduation_event_time_unavailable;historical_state_unverified;incomplete_trade_provenance;no_recorded_x_signal;nonnative_quote_labeled_bnb;threshold_met_at_first_stored_buy;unsupported_by_current_native_executor
40,0xeea71184593b66b888569cdf929ee2ee4e054444,牛来人生,0x55d398326f99059ff775485246999027b3197955,USDT,18,18,122089910,later_snapshot_for_denomination_audit_only,False,False,1788314140.0,1788314143.0,24085383.008901894,32806.27512551847,,prior_trade_average_not_size_specific_quote,,,False,False,unknown,,58,27,1.3180247416960391,123,0,execution_unverified;graduation_event_time_unavailable;historical_state_unverified;incomplete_trade_provenance;no_recorded_x_signal;nonnative_quote_labeled_bnb;threshold_met_at_first_stored_buy;unsupported_by_current_native_executor;usdt_fdv_proxy_below_50000_quote_units
534,0xeee9e88c37a0b63a4c603ce39d5d0882e45f4444,牛来 CATE,0x55d398326f99059ff775485246999027b3197955,USDT,18,18,122089910,later_snapshot_for_denomination_audit_only,False,False,1787457055.0,1787457058.0,22621597.837430626,30812.47917707156,,prior_trade_average_not_size_specific_quote,,,False,False,unknown,,30,0,0.0,796,0,execution_unverified;graduation_event_time_unavailable;historical_state_unverified;incomplete_trade_provenance;no_recorded_x_signal;nonnative_quote_labeled_bnb;threshold_met_at_first_stored_buy;unsupported_by_current_native_executor;usdt_fdv_proxy_below_50000_quote_units
181,0xef0f269a8aba9cab9202885577d75a13f017ffff,时间,0x46ceefda28dd7207059ed19b0acdc026955bb15c,GMEB,18,18,122089910,later_snapshot_for_denomination_audit_only,False,False,1786874415.0,1786874418.0,236067.5553434219,321.54345089478176,,prior_trade_average_not_size_specific_quote,,,False,False,unknown,,7,,,33,0,execution_unverified;graduation_event_time_unavailable;historical_state_unverified;incomplete_trade_provenance;no_recorded_x_signal;nonnative_quote_labeled_bnb;threshold_met_at_first_stored_buy;unsupported_by_current_native_executor
361,0xef5f4a33df16a8a081b80ad2f251288c7fcd4444,LAPTOP,0x55d398326f99059ff775485246999027b3197955,USDT,18,18,122089910,later_snapshot_for_denomination_audit_only,False,False,1788960443.0,1788960446.0,29082052.16178988,39612.14999494651,,prior_trade_average_not_size_specific_quote,,,False,False,unknown,,194,189,0.4886752058122927,594,0,at_least_90pct_buys_below_one_usdt;execution_unverified;graduation_event_time_unavailable;historical_state_unverified;incomplete_trade_provenance;no_recorded_x_signal;nonnative_quote_labeled_bnb;threshold_met_at_first_stored_buy;unsupported_by_current_native_executor;usdt_fdv_proxy_below_50000_quote_units
6,0xef7f8074338717f2cc5f6ea3fba66e0ab9d94444,LAPTOP,0x55d398326f99059ff775485246999027b3197955,USDT,18,18,122089910,later_snapshot_for_denomination_audit_only,False,False,1788947563.0,1788947566.0,28201149.261268288,38412.2877007618,,prior_trade_average_not_size_specific_quote,,,False,False,unknown,,156,155,0.2268613791847434,490,0,at_least_90pct_buys_below_one_usdt;execution_unverified;graduation_event_time_unavailable;historical_state_unverified;incomplete_trade_provenance;no_recorded_x_signal;nonnative_quote_labeled_bnb;threshold_met_at_first_stored_buy;unsupported_by_current_native_executor;usdt_fdv_proxy_below_50000_quote_units
337,0xf097a20d31c2ca5b5352fa4ac72da0283b1a4444,我踏牛来,0x55d398326f99059ff775485246999027b3197955,USDT,18,18,122089910,later_snapshot_for_denomination_audit_only,False,False,1788393375.0,1788393378.0,26793238.60345411,36494.59744126579,,prior_trade_average_not_size_specific_quote,,,False,False,unknown,,60,59,0.7500271197416809,478,0,at_least_90pct_buys_below_one_usdt;execution_unverified;graduation_event_time_unavailable;historical_state_unverified;incomplete_trade_provenance;no_recorded_x_signal;nonnative_quote_labeled_bnb;threshold_met_at_first_stored_buy;unsupported_by_current_native_executor;usdt_fdv_proxy_below_50000_quote_units
571,0xf0b2abcfbbc830e1cf8d99e6f02de64208f04444,CZ Bull,0x55d398326f99059ff775485246999027b3197955,USDT,18,18,122089910,later_snapshot_for_denomination_audit_only,False,False,1787480309.0,1787480312.0,14975470.678248364,20397.82431623243,,prior_trade_average_not_size_specific_quote,,,False,False,unknown,,8,1,0.5514393496712604,714,0,execution_unverified;graduation_event_time_unavailable;historical_state_unverified;incomplete_trade_provenance;no_recorded_x_signal;nonnative_quote_labeled_bnb;threshold_met_at_first_stored_buy;unsupported_by_current_native_executor;usdt_fdv_proxy_below_50000_quote_units
445,0xf0da8e9078ad70f9b861b7c022be7a34d5544444,牛来人生,0x55d398326f99059ff775485246999027b3197955,USDT,18,18,122089910,later_snapshot_for_denomination_audit_only,False,False,1788435485.0,1788435488.0,24103000.73860761,32830.27192422411,,prior_trade_average_not_size_specific_quote,,,False,False,unknown,,284,253,0.003827499713727829,749,0,execution_unverified;graduation_event_time_unavailable;historical_state_unverified;incomplete_trade_provenance;no_recorded_x_signal;nonnative_quote_labeled_bnb;threshold_met_at_first_stored_buy;unsupported_by_current_native_executor;usdt_fdv_proxy_below_50000_quote_units
364,0xf1802dbd55cc9fc4d3816c0f239f4e94f6b84444,BSC Bull,0x55d398326f99059ff775485246999027b3197955,USDT,18,18,122089910,later_snapshot_for_denomination_audit_only,False,False,1787461575.0,1787461578.0,26083437.38498115,35527.78972851131,,prior_trade_average_not_size_specific_quote,,,False,False,unknown,,8,1,0.5442289564086501,695,0,execution_unverified;graduation_event_time_unavailable;historical_state_unverified;incomplete_trade_provenance;no_recorded_x_signal;nonnative_quote_labeled_bnb;threshold_met_at_first_stored_buy;unsupported_by_current_native_executor;usdt_fdv_proxy_below_50000_quote_units
370,0xf192af0a08cc4f272724df77317bf971427e4444,火星人生,0x55d398326f99059ff775485246999027b3197955,USDT,18,18,122089910,later_snapshot_for_denomination_audit_only,False,False,1788274365.0,1788274368.0,22791708.35230229,31044.18370718266,,prior_trade_average_not_size_specific_quote,,,False,False,unknown,,161,159,0.2831370406371422,626,0,at_least_90pct_buys_below_one_usdt;execution_unverified;graduation_event_time_unavailable;historical_state_unverified;incomplete_trade_provenance;no_recorded_x_signal;nonnative_quote_labeled_bnb;threshold_met_at_first_stored_buy;unsupported_by_current_native_executor;usdt_fdv_proxy_below_50000_quote_units
54,0xf216256c1a0462e58f6b23ae4264dc02a0c44444,我的女友景甜,0x55d398326f99059ff775485246999027b3197955,USDT,18,18,122089910,later_snapshot_for_denomination_audit_only,False,False,1787836590.0,1787836593.0,22621597.837430626,30812.47917707156,,prior_trade_average_not_size_specific_quote,,,False,False,unknown,,30,0,0.0,517,0,execution_unverified;graduation_event_time_unavailable;historical_state_unverified;incomplete_trade_provenance;no_recorded_x_signal;nonnative_quote_labeled_bnb;threshold_met_at_first_stored_buy;unsupported_by_current_native_executor;usdt_fdv_proxy_below_50000_quote_units
509,0xf28b70a1ecfe2ebd9b8cc96cd3f9f0d9d3d04444,孙哥人生,0x55d398326f99059ff775485246999027b3197955,USDT,18,18,122089910,later_snapshot_for_denomination_audit_only,False,False,1788012619.0,1788012622.0,23178640.39741705,31571.217017062874,,prior_trade_average_not_size_specific_quote,,,False,False,unknown,,79,71,0.7295790726707791,562,0,execution_unverified;graduation_event_time_unavailable;historical_state_unverified;incomplete_trade_provenance;no_recorded_x_signal;nonnative_quote_labeled_bnb;threshold_met_at_first_stored_buy;unsupported_by_current_native_executor;usdt_fdv_proxy_below_50000_quote_units
9,0xf2bb3c21a72ea1cd951e85d5f6a2c65efbc44444,神牛,0x55d398326f99059ff775485246999027b3197955,USDT,18,18,122089910,later_snapshot_for_denomination_audit_only,False,False,1788588390.0,1788588393.0,26305530.89381579,35830.29937727746,,prior_trade_average_not_size_specific_quote,,,False,False,unknown,,286,253,0.003718339875102332,383,0,execution_unverified;graduation_event_time_unavailable;historical_state_unverified;incomplete_trade_provenance;no_recorded_x_signal;nonnative_quote_labeled_bnb;threshold_met_at_first_stored_buy;unsupported_by_current_native_executor;usdt_fdv_proxy_below_50000_quote_units
128,0xf372d3058ed91f61bfe4754eb4d919cfdff5ffff,FOURCAT,0x46ceefda28dd7207059ed19b0acdc026955bb15c,GMEB,18,18,122089910,later_snapshot_for_denomination_audit_only,False,False,1787413636.0,1787413639.0,345747.50638904615,470.93657652729775,,prior_trade_average_not_size_specific_quote,,,False,False,unknown,,29,,,94,0,execution_unverified;graduation_event_time_unavailable;historical_state_unverified;incomplete_trade_provenance;no_recorded_x_signal;nonnative_quote_labeled_bnb;threshold_met_at_first_stored_buy;unsupported_by_current_native_executor
301,0xf3f8d2747608fbc8f0cb89bb48c3f3cc38c54444,火星人生,0x55d398326f99059ff775485246999027b3197955,USDT,18,18,122089910,later_snapshot_for_denomination_audit_only,False,False,1788636660.0,1788636663.0,26917783.665007163,36664.23807157356,,prior_trade_average_not_size_specific_quote,,,False,False,unknown,,90,88,0.8912149660421581,338,0,at_least_90pct_buys_below_one_usdt;execution_unverified;graduation_event_time_unavailable;historical_state_unverified;incomplete_trade_provenance;no_recorded_x_signal;nonnative_quote_labeled_bnb;threshold_met_at_first_stored_buy;unsupported_by_current_native_executor;usdt_fdv_proxy_below_50000_quote_units
535,0xf4256771c04f4d17f5e76513d556e9e2bb524444,景甜人生,0x55d398326f99059ff775485246999027b3197955,USDT,18,18,122089910,later_snapshot_for_denomination_audit_only,False,False,1787904989.0,1787904992.0,22831682.03517378,31098.63115514633,,prior_trade_average_not_size_specific_quote,,,False,False,unknown,,176,171,0.8892832924454385,653,0,at_least_90pct_buys_below_one_usdt;execution_unverified;graduation_event_time_unavailable;historical_state_unverified;incomplete_trade_provenance;no_recorded_x_signal;nonnative_quote_labeled_bnb;threshold_met_at_first_stored_buy;unsupported_by_current_native_executor;usdt_fdv_proxy_below_50000_quote_units
379,0xf439d8ce5463526c4e2871dcc3eb59d11bc14444,世交所 Bull,0x55d398326f99059ff775485246999027b3197955,USDT,18,18,122089910,later_snapshot_for_denomination_audit_only,False,False,1787580191.0,1787580194.0,24907258.070657138,33925.73664227242,,prior_trade_average_not_size_specific_quote,,,False,False,unknown,,11,1,0.5584416118155415,712,0,execution_unverified;graduation_event_time_unavailable;historical_state_unverified;incomplete_trade_provenance;no_recorded_x_signal;nonnative_quote_labeled_bnb;threshold_met_at_first_stored_buy;unsupported_by_current_native_executor;usdt_fdv_proxy_below_50000_quote_units
391,0xf4428dc05edbd59118e0da6c6df1d0e1d4194444,Grok Bot,0x55d398326f99059ff775485246999027b3197955,USDT,18,18,122089910,later_snapshot_for_denomination_audit_only,False,False,1789025907.0,1789025910.0,28242548.63187726,38468.67705283144,,prior_trade_average_not_size_specific_quote,,,False,False,unknown,,191,189,0.09918418607225979,492,0,at_least_90pct_buys_below_one_usdt;execution_unverified;graduation_event_time_unavailable;historical_state_unverified;incomplete_trade_provenance;no_recorded_x_signal;nonnative_quote_labeled_bnb;threshold_met_at_first_stored_buy;unsupported_by_current_native_executor;usdt_fdv_proxy_below_50000_quote_units
217,0xf4b18d5c3a42528e133a195f3945eeb8057effff,F,0x8d0d000ee44948fc98c9b98a4fa4921476f08b0d,USD1,18,18,122089910,later_snapshot_for_denomination_audit_only,False,False,1787588805.0,1787588808.0,3703690.9383048653,5044.732062471724,,prior_trade_average_not_size_specific_quote,,,False,False,unknown,,10,,,31,0,execution_unverified;graduation_event_time_unavailable;historical_state_unverified;incomplete_trade_provenance;no_recorded_x_signal;nonnative_quote_labeled_bnb;threshold_met_at_first_stored_buy;unsupported_by_current_native_executor
434,0xf4b2ba6d449bab38373e2a3252a99a401b774444,孙哥人生,0x55d398326f99059ff775485246999027b3197955,USDT,18,18,122089910,later_snapshot_for_denomination_audit_only,False,False,1788047966.0,1788047969.0,22956701.178691152,31268.917524130862,,prior_trade_average_not_size_specific_quote,,,False,False,unknown,,75,71,0.7624720920429593,694,0,at_least_90pct_buys_below_one_usdt;execution_unverified;graduation_event_time_unavailable;historical_state_unverified;incomplete_trade_provenance;no_recorded_x_signal;nonnative_quote_labeled_bnb;threshold_met_at_first_stored_buy;unsupported_by_current_native_executor;usdt_fdv_proxy_below_50000_quote_units
574,0xf4d02fa02e8676afaf423a302c5eae8d7e794444,FOUR  BULL,0x55d398326f99059ff775485246999027b3197955,USDT,18,18,122089910,later_snapshot_for_denomination_audit_only,False,False,1787646146.0,1787646149.0,15168017.605356418,20660.08908748167,,prior_trade_average_not_size_specific_quote,,,False,False,unknown,,7,1,0.4705183857441608,698,0,execution_unverified;graduation_event_time_unavailable;historical_state_unverified;incomplete_trade_provenance;no_recorded_x_signal;nonnative_quote_labeled_bnb;threshold_met_at_first_stored_buy;unsupported_by_current_native_executor;usdt_fdv_proxy_below_50000_quote_units
197,0xf5f6cac0d2793c36c0a57ba93cfcfa22eb0dffff,4咪,0x46ceefda28dd7207059ed19b0acdc026955bb15c,GMEB,18,18,122089910,later_snapshot_for_denomination_audit_only,False,False,1787739359.0,1787739362.0,204875.91613761935,279.0578696182347,,prior_trade_average_not_size_specific_quote,,,False,False,unknown,,9,,,23,0,execution_unverified;graduation_event_time_unavailable;historical_state_unverified;incomplete_trade_provenance;no_recorded_x_signal;nonnative_quote_labeled_bnb;threshold_met_at_first_stored_buy;unsupported_by_current_native_executor
388,0xf6011b2a9bf80ebec7fc05a9b2eb2853fdba4444,BNB SEASON 🔶,0x55d398326f99059ff775485246999027b3197955,USDT,18,18,122089910,later_snapshot_for_denomination_audit_only,False,False,1788793309.0,1788793312.0,26248971.70297384,35753.26110161657,,prior_trade_average_not_size_specific_quote,,,False,False,unknown,,247,216,0.00031795557940803,732,0,execution_unverified;graduation_event_time_unavailable;historical_state_unverified;incomplete_trade_provenance;no_recorded_x_signal;nonnative_quote_labeled_bnb;threshold_met_at_first_stored_buy;unsupported_by_current_native_executor;usdt_fdv_proxy_below_50000_quote_units
223,0xf629d61c2e447ec47b12c041a1e9c06526d2ffff,四狗一,0x46ceefda28dd7207059ed19b0acdc026955bb15c,GMEB,18,18,122089910,later_snapshot_for_denomination_audit_only,False,False,1787730594.0,1787730597.0,191138.61414168027,260.3465330123545,,prior_trade_average_not_size_specific_quote,,,False,False,unknown,,6,,,22,0,execution_unverified;graduation_event_time_unavailable;historical_state_unverified;incomplete_trade_provenance;no_recorded_x_signal;nonnative_quote_labeled_bnb;threshold_met_at_first_stored_buy;unsupported_by_current_native_executor
356,0xf63025cd25e710a01f1d843d10f7f6d60f5a4444,BINANCE BIMPSONS,0x55d398326f99059ff775485246999027b3197955,USDT,18,18,122089910,later_snapshot_for_denomination_audit_only,False,False,1789286313.0,1789286316.0,26104361.24525158,35556.2897493109,,prior_trade_average_not_size_specific_quote,,,True,False,unknown,,32,0,0.0,1131,0,execution_unverified;graduation_event_time_unavailable;historical_state_unverified;incomplete_trade_provenance;no_recorded_x_signal;nonnative_quote_labeled_bnb;threshold_met_at_first_stored_buy;unsupported_by_current_native_executor;usdt_fdv_proxy_below_50000_quote_units
323,0xf71958ace386ac17b71868c40701eb5295ee4444,BNC4人生,0x55d398326f99059ff775485246999027b3197955,USDT,18,18,122089910,later_snapshot_for_denomination_audit_only,False,False,1788934690.0,1788934693.0,24074863.44392217,32791.94661171414,,prior_trade_average_not_size_specific_quote,,,False,False,unknown,,248,217,0.000327030251768948,363,0,execution_unverified;graduation_event_time_unavailable;historical_state_unverified;incomplete_trade_provenance;no_recorded_x_signal;nonnative_quote_labeled_bnb;threshold_met_at_first_stored_buy;unsupported_by_current_native_executor;usdt_fdv_proxy_below_50000_quote_units
30,0xf72cb1ce0f62d0f43c8e1545a019499b2ae74444,我的女友景甜,0x55d398326f99059ff775485246999027b3197955,USDT,18,18,122089910,later_snapshot_for_denomination_audit_only,False,False,1787839459.0,1787839462.0,24124943.259053975,32860.159444071505,,prior_trade_average_not_size_specific_quote,,,False,False,unknown,,53,21,3.0005959703219e-05,409,0,execution_unverified;graduation_event_time_unavailable;historical_state_unverified;incomplete_trade_provenance;no_recorded_x_signal;nonnative_quote_labeled_bnb;threshold_met_at_first_stored_buy;unsupported_by_current_native_executor;usdt_fdv_proxy_below_50000_quote_units
246,0xf7785e78a774b04856038b990bb33779fdb64444,ZODL,0x46ceefda28dd7207059ed19b0acdc026955bb15c,GMEB,18,18,122089910,later_snapshot_for_denomination_audit_only,False,False,1786871021.0,1786871024.0,201748.4961772791,274.7980660845296,,prior_trade_average_not_size_specific_quote,,,False,False,unknown,,8,,,18,0,execution_unverified;graduation_event_time_unavailable;historical_state_unverified;incomplete_trade_provenance;no_recorded_x_signal;nonnative_quote_labeled_bnb;threshold_met_at_first_stored_buy;unsupported_by_current_native_executor
483,0xf7c3473e230dce5bfbe9a5e4fd85c58f9c344444,Laptop Coin,0x55d398326f99059ff775485246999027b3197955,USDT,18,18,122089910,later_snapshot_for_denomination_audit_only,False,False,1788949438.0,1788949441.0,28200900.427815426,38411.94876910719,,prior_trade_average_not_size_specific_quote,,,False,False,unknown,,226,225,0.3891488846495676,513,0,at_least_90pct_buys_below_one_usdt;execution_unverified;graduation_event_time_unavailable;historical_state_unverified;incomplete_trade_provenance;no_recorded_x_signal;nonnative_quote_labeled_bnb;threshold_met_at_first_stored_buy;unsupported_by_current_native_executor;usdt_fdv_proxy_below_50000_quote_units
322,0xf8a98a1513a8c98aeb394614d8bfe5eb801e4444,BINANCE HAT,0x55d398326f99059ff775485246999027b3197955,USDT,18,18,122089910,later_snapshot_for_denomination_audit_only,False,False,1787586811.0,1787586814.0,24094675.72318255,32818.93256763767,,prior_trade_average_not_size_specific_quote,,,False,False,unknown,,31,0,0.0,559,0,execution_unverified;graduation_event_time_unavailable;historical_state_unverified;incomplete_trade_provenance;no_recorded_x_signal;nonnative_quote_labeled_bnb;threshold_met_at_first_stored_buy;unsupported_by_current_native_executor;usdt_fdv_proxy_below_50000_quote_units
390,0xf8c61b88487ecc2afe92416f501d2ecfd7c24444,BINANCE HOMER,0x55d398326f99059ff775485246999027b3197955,USDT,18,18,122089910,later_snapshot_for_denomination_audit_only,False,False,1789113462.0,1789113465.0,26104272.18716586,35556.16844486408,,prior_trade_average_not_size_specific_quote,,,True,False,unknown,,32,1,0.9876360157366996,1075,0,execution_unverified;graduation_event_time_unavailable;historical_state_unverified;incomplete_trade_provenance;no_recorded_x_signal;nonnative_quote_labeled_bnb;threshold_met_at_first_stored_buy;unsupported_by_current_native_executor;usdt_fdv_proxy_below_50000_quote_units
549,0xf98fb9be86250f6e4a0e856bb396d469b7c64444,Bicat,0x55d398326f99059ff775485246999027b3197955,USDT,18,18,122089910,later_snapshot_for_denomination_audit_only,False,False,1787401350.0,1787401353.0,22211590.35991108,30254.01522795957,,prior_trade_average_not_size_specific_quote,1787412361,False,False,False,unknown,,11,1,0.5554671208236733,690,0,execution_unverified;historical_state_unverified;incomplete_trade_provenance;no_recorded_x_signal;nonnative_quote_labeled_bnb;threshold_met_at_first_stored_buy;unsupported_by_current_native_executor;usdt_fdv_proxy_below_50000_quote_units
525,0xfa6e7116ea1b1c0603903777290b777840424444,FLORK,0x55d398326f99059ff775485246999027b3197955,USDT,18,18,122089910,later_snapshot_for_denomination_audit_only,False,False,1788351348.0,1788351351.0,23874705.880725347,32519.31552736471,,prior_trade_average_not_size_specific_quote,,,False,False,unknown,,24,20,0.00201119302860593,964,0,execution_unverified;graduation_event_time_unavailable;historical_state_unverified;incomplete_trade_provenance;no_recorded_x_signal;nonnative_quote_labeled_bnb;threshold_met_at_first_stored_buy;unsupported_by_current_native_executor;usdt_fdv_proxy_below_50000_quote_units
345,0xfab67f84f765fdd077cbbb6284b0e62583854444,背手牛来,0x55d398326f99059ff775485246999027b3197955,USDT,18,18,122089910,later_snapshot_for_denomination_audit_only,False,False,1788748654.0,1788748657.0,26959425.08247457,36720.95711139732,,prior_trade_average_not_size_specific_quote,,,False,False,unknown,,89,86,0.8925494709905484,477,0,at_least_90pct_buys_below_one_usdt;execution_unverified;graduation_event_time_unavailable;historical_state_unverified;incomplete_trade_provenance;no_recorded_x_signal;nonnative_quote_labeled_bnb;threshold_met_at_first_stored_buy;unsupported_by_current_native_executor;usdt_fdv_proxy_below_50000_quote_units
613,0xfac222a97adc41d9c3b97a00e31fb381f6c44444,BUIDL,0x0000000000000000000000000000000000000000,BNB,18,18,122089910,later_snapshot_for_denomination_audit_only,False,True,1786872503.0,1786872506.0,64304.07852822518,87.5874504926995,,prior_trade_average_not_size_specific_quote,1786872474,True,False,False,unknown,,5,,,5,0,curve_venue_ended_before_assumed_entry;execution_unverified;historical_state_unverified;incomplete_trade_provenance;no_recorded_x_signal;requires_dex_state_for_1h_outcome;threshold_met_at_first_stored_buy
130,0xfb7ac2406240c983e8132f6180a1cef97a71ffff,𝑓𝑓𝑓𝑓,0x46ceefda28dd7207059ed19b0acdc026955bb15c,GMEB,18,18,122089910,later_snapshot_for_denomination_audit_only,False,False,1786952741.0,1786952744.0,352313.5391437814,479.8800538618868,,prior_trade_average_not_size_specific_quote,,,False,False,unknown,,40,,,867,0,execution_unverified;graduation_event_time_unavailable;historical_state_unverified;incomplete_trade_provenance;no_recorded_x_signal;nonnative_quote_labeled_bnb;threshold_met_at_first_stored_buy;unsupported_by_current_native_executor
521,0xfbe707e308a48fe7a7b26d34a414017d57fe4444,我的女友景甜,0x55d398326f99059ff775485246999027b3197955,USDT,18,18,122089910,later_snapshot_for_denomination_audit_only,False,False,1787930904.0,1787930907.0,24074872.271539178,32791.95863565547,,prior_trade_average_not_size_specific_quote,,,True,False,unknown,,200,170,0.002537365892107256,1264,0,execution_unverified;graduation_event_time_unavailable;historical_state_unverified;incomplete_trade_provenance;no_recorded_x_signal;nonnative_quote_labeled_bnb;threshold_met_at_first_stored_buy;unsupported_by_current_native_executor;usdt_fdv_proxy_below_50000_quote_units
104,0xfc40089bf8df167a12494d8a10d2d7c4927fffff,我的赵盾,0x46ceefda28dd7207059ed19b0acdc026955bb15c,GMEB,18,18,122089910,later_snapshot_for_denomination_audit_only,False,False,1786882331.0,1786882334.0,479745.6445948747,653.4530757111769,,prior_trade_average_not_size_specific_quote,,,False,False,unknown,,73,,,342,0,execution_unverified;graduation_event_time_unavailable;historical_state_unverified;incomplete_trade_provenance;no_recorded_x_signal;nonnative_quote_labeled_bnb;threshold_met_at_first_stored_buy;unsupported_by_current_native_executor
397,0xfc8669f71811264a381ea1912a8986be92f54444,COPPERINU,0x55d398326f99059ff775485246999027b3197955,USDT,18,18,122089910,later_snapshot_for_denomination_audit_only,False,False,1788014085.0,1788014088.0,24150615.010009233,32895.12648297973,,prior_trade_average_not_size_specific_quote,,,False,False,unknown,,186,154,0.000233572638600094,1110,0,execution_unverified;graduation_event_time_unavailable;historical_state_unverified;incomplete_trade_provenance;no_recorded_x_signal;nonnative_quote_labeled_bnb;threshold_met_at_first_stored_buy;unsupported_by_current_native_executor;usdt_fdv_proxy_below_50000_quote_units
59,0xfcea99ee1c0a5391d45d7f338d7144c8f1fe4444,牛来币安,0x55d398326f99059ff775485246999027b3197955,USDT,18,18,122089910,later_snapshot_for_denomination_audit_only,False,False,1787283735.0,1787283738.0,20305462.273748595,27657.711802101145,,prior_trade_average_not_size_specific_quote,,,False,False,unknown,,33,1,0.13089136575502675,844,0,execution_unverified;graduation_event_time_unavailable;historical_state_unverified;incomplete_trade_provenance;no_recorded_x_signal;nonnative_quote_labeled_bnb;threshold_met_at_first_stored_buy;unsupported_by_current_native_executor;usdt_fdv_proxy_below_50000_quote_units
101,0xfd0cb7e2d1112f4ced2ea3e94a40ba58bd4fffff,SME,0x46ceefda28dd7207059ed19b0acdc026955bb15c,GMEB,18,18,122089910,later_snapshot_for_denomination_audit_only,False,False,1787476920.0,1787476923.0,564425.229678212,768.793644085446,,prior_trade_average_not_size_specific_quote,,,False,False,unknown,,30,,,295,0,execution_unverified;graduation_event_time_unavailable;historical_state_unverified;incomplete_trade_provenance;no_recorded_x_signal;nonnative_quote_labeled_bnb;threshold_met_at_first_stored_buy;unsupported_by_current_native_executor
254,0xfdecd3496f125c08348a0b6c9003db35c917ffff,四姆,0x46ceefda28dd7207059ed19b0acdc026955bb15c,GMEB,18,18,122089910,later_snapshot_for_denomination_audit_only,False,False,1787315108.0,1787315111.0,188140.6371039165,256.2630413990172,,prior_trade_average_not_size_specific_quote,,,False,False,unknown,,5,,,20,0,execution_unverified;graduation_event_time_unavailable;historical_state_unverified;incomplete_trade_provenance;no_recorded_x_signal;nonnative_quote_labeled_bnb;threshold_met_at_first_stored_buy;unsupported_by_current_native_executor
435,0xfe160b2ed9e69ae5505453b82794f248c0a04444,牛神,0x55d398326f99059ff775485246999027b3197955,USDT,18,18,122089910,later_snapshot_for_denomination_audit_only,False,False,1788672357.0,1788672360.0,26163970.944680396,35637.48306888105,,prior_trade_average_not_size_specific_quote,,,False,False,unknown,,33,2,1.4988392592851054,552,0,execution_unverified;graduation_event_time_unavailable;historical_state_unverified;incomplete_trade_provenance;no_recorded_x_signal;nonnative_quote_labeled_bnb;threshold_met_at_first_stored_buy;unsupported_by_current_native_executor;usdt_fdv_proxy_below_50000_quote_units
33,0xfe56d026a1fd449bac0a3e6b7c200b27647b4444,我的女友景甜,0x55d398326f99059ff775485246999027b3197955,USDT,18,18,122089910,later_snapshot_for_denomination_audit_only,False,False,1787890241.0,1787890244.0,24119281.496405315,32852.44765708939,,prior_trade_average_not_size_specific_quote,,,False,False,unknown,,103,71,0.001054858779186562,576,0,execution_unverified;graduation_event_time_unavailable;historical_state_unverified;incomplete_trade_provenance;no_recorded_x_signal;nonnative_quote_labeled_bnb;threshold_met_at_first_stored_buy;unsupported_by_current_native_executor;usdt_fdv_proxy_below_50000_quote_units
439,0xff0473ee9fdae714ba25c63e9abe9b1855aa4444,牛来人生,0x55d398326f99059ff775485246999027b3197955,USDT,18,18,122089910,later_snapshot_for_denomination_audit_only,False,False,1788423387.0,1788423390.0,24103944.71273986,32831.55769472991,,prior_trade_average_not_size_specific_quote,,,False,False,unknown,,286,255,0.9357674790314718,1012,0,execution_unverified;graduation_event_time_unavailable;historical_state_unverified;incomplete_trade_provenance;no_recorded_x_signal;nonnative_quote_labeled_bnb;threshold_met_at_first_stored_buy;unsupported_by_current_native_executor;usdt_fdv_proxy_below_50000_quote_units
201,0xff41d7afbf944d3968a3d3eef56d456f1cfcffff,4fighter,0x46ceefda28dd7207059ed19b0acdc026955bb15c,GMEB,18,18,122089910,later_snapshot_for_denomination_audit_only,False,False,1788248262.0,1788248265.0,201766.56066505844,274.82267140452274,,prior_trade_average_not_size_specific_quote,,,False,False,unknown,,31,,,266,0,execution_unverified;graduation_event_time_unavailable;historical_state_unverified;incomplete_trade_provenance;no_recorded_x_signal;nonnative_quote_labeled_bnb;threshold_met_at_first_stored_buy;unsupported_by_current_native_executor
341,0xff7fbe72e15d9bd36f309c71c881af0ff0ab4444,BNBCAT,0x55d398326f99059ff775485246999027b3197955,USDT,18,18,122089910,later_snapshot_for_denomination_audit_only,False,False,1787677597.0,1787677600.0,26182768.501153156,35663.0868888039,,prior_trade_average_not_size_specific_quote,,,False,False,unknown,,60,51,1.0103034413674492,704,0,execution_unverified;graduation_event_time_unavailable;historical_state_unverified;incomplete_trade_provenance;no_recorded_x_signal;nonnative_quote_labeled_bnb;threshold_met_at_first_stored_buy;unsupported_by_current_native_executor;usdt_fdv_proxy_below_50000_quote_units
7,0xff829c799454fdad80e81c230999145d14d64444,Z 踏牛来,0x55d398326f99059ff775485246999027b3197955,USDT,18,18,122089910,later_snapshot_for_denomination_audit_only,False,False,1787144119.0,1787144122.0,27255948.704196576,37124.84670334742,,prior_trade_average_not_size_specific_quote,,,False,False,unknown,,130,120,0.9355183143998217,601,0,at_least_90pct_buys_below_one_usdt;execution_unverified;graduation_event_time_unavailable;historical_state_unverified;incomplete_trade_provenance;no_recorded_x_signal;nonnative_quote_labeled_bnb;threshold_met_at_first_stored_buy;unsupported_by_current_native_executor;usdt_fdv_proxy_below_50000_quote_units
614,0xffb861025c516b20c7477036dadcf392be7e4444,TST8KVXR5,0x55d398326f99059ff775485246999027b3197955,USDT,18,18,122089910,later_snapshot_for_denomination_audit_only,False,False,1787303024.0,1787303027.0,2818937.3448488517,3839.624807399991,,prior_trade_average_not_size_specific_quote,,,False,False,unknown,,11,11,7.3597802431489505,11,0,at_least_90pct_buys_below_one_usdt;execution_unverified;graduation_event_time_unavailable;historical_state_unverified;incomplete_trade_provenance;no_recorded_x_signal;nonnative_quote_labeled_bnb;threshold_met_at_first_stored_buy;unsupported_by_current_native_executor;usdt_fdv_proxy_below_50000_quote_units
111,0xffbe376635cb9ddf7a3e1af5bf7e7e8afdbe4444,牛来,0x55d398326f99059ff775485246999027b3197955,USDT,18,18,122089910,later_snapshot_for_denomination_audit_only,False,False,1786781453.0,1786781456.0,7602277.53741092,10354.928064904478,,prior_trade_average_not_size_specific_quote,,,False,False,unknown,,6,1,0.48775860200502924,129,0,execution_unverified;graduation_event_time_unavailable;historical_state_unverified;incomplete_trade_provenance;no_recorded_x_signal;nonnative_quote_labeled_bnb;threshold_met_at_first_stored_buy;unsupported_by_current_native_executor;usdt_fdv_proxy_below_50000_quote_units
410,0xfff7f0d0026ede4fb7963d4102e122ad91654444,MFGA,0x55d398326f99059ff775485246999027b3197955,USDT,18,18,122089910,later_snapshot_for_denomination_audit_only,False,False,1788863962.0,1788863965.0,26117514.325774774,35574.20532815938,,prior_trade_average_not_size_specific_quote,,,False,False,unknown,,284,253,0.000380308693614031,838,0,execution_unverified;graduation_event_time_unavailable;historical_state_unverified;incomplete_trade_provenance;no_recorded_x_signal;nonnative_quote_labeled_bnb;threshold_met_at_first_stored_buy;unsupported_by_current_native_executor;usdt_fdv_proxy_below_50000_quote_units
